Complaint ID,Submitted via,Date submitted,Date received,Days to Receive,State,Product,Sub-product,Issue,Sub-issue,Company response to consumer,Timely response?
6384731,Web,2023-01-01,2023-01-01,0,AK,Mortgage,Conventional home mortgage,Trouble during payment process,NA,Closed with explanation,Yes
6384335,Web,2023-01-01,2023-01-01,0,CA,Checking or savings account,Checking account,Managing an account,Deposits and withdrawals,Closed with explanation,Yes
6384744,Web,2023-01-01,2023-01-01,0,PA,Checking or savings account,Checking account,Managing an account,Banking errors,Closed with explanation,No
6385217,Web,2023-01-01,2023-01-01,0,FL,Checking or savings account,Checking account,Managing an account,Deposits and withdrawals,Closed with monetary relief,Yes
6384670,Web,2023-01-01,2023-01-04,3,CA,Checking or savings account,Other banking product or service,Managing an account,Funds not handled or disbursed as instructed,Closed with explanation,No
6382349,Web,2023-01-01,2023-01-01,0,OK,Checking or savings account,Checking account,Managing an account,Deposits and withdrawals,Closed with explanation,Yes
6384063,Web,2023-01-01,2023-01-01,0,CA,Mortgage,FHA mortgage,Incorrect information on your report,Account status incorrect,Closed with explanation,Yes
6382407,Web,2023-01-01,2023-01-01,0,CA,"Credit reporting, credit repair services, or other personal consumer reports",Credit reporting,Incorrect information on your report,Account information incorrect,Closed with explanation,Yes
6384394,Web,2023-01-01,2023-01-01,0,AZ,Checking or savings account,Checking account,Managing an account,Deposits and withdrawals,Closed with explanation,Yes
6384802,Web,2023-01-01,2023-01-01,0,NC,Checking or savings account,Checking account,Managing an account,Problem making or receiving payments,Closed with monetary relief,Yes
6385177,Web,2023-01-01,2023-01-01,0,MD,Checking or savings account,Checking account,Managing an account,Fee problem,Closed with monetary relief,Yes
6383437,Web,2023-01-01,2023-01-01,0,VA,Checking or savings account,Checking account,Problem with a lender or other company charging your account,Transaction was not authorized,Closed with monetary relief,Yes
6382533,Web,2023-01-01,2023-01-01,0,CA,Credit card or prepaid card,Government benefit card,Problem with a purchase or transfer,Card company isn't resolving a dispute about a purchase or transfer,Closed with explanation,Yes
6388627,Web,2023-01-02,2023-01-02,0,NV,Credit card or prepaid card,General-purpose credit card or charge card,Getting a credit card,Card opened as result of identity theft or fraud,Closed with explanation,Yes
6388079,Web,2023-01-02,2023-01-02,0,AZ,Checking or savings account,Checking account,Managing an account,Problem using a debit or ATM card,Closed with explanation,Yes
6387525,Web,2023-01-02,2023-01-03,1,NJ,Checking or savings account,Other banking product or service,Problem with a lender or other company charging your account,Transaction was not authorized,Closed with monetary relief,Yes
6388092,Web,2023-01-02,2023-01-02,0,IL,Checking or savings account,Checking account,Opening an account,Account opened as a result of fraud,Closed with explanation,No
6388059,Web,2023-01-02,2023-01-02,0,OR,"Money transfer, virtual currency, or money service",International money transfer,Wrong amount charged or received,NA,Closed with monetary relief,Yes
6389115,Web,2023-01-02,2023-01-02,0,VA,"Credit reporting, credit repair services, or other personal consumer reports",Credit reporting,Problem with a credit reporting company's investigation into an existing problem,Investigation took more than 30 days,Closed with explanation,Yes
6386239,Web,2023-01-02,2023-01-02,0,VA,Checking or savings account,Checking account,Managing an account,Cashing a check,Closed with explanation,Yes
6386151,Web,2023-01-02,2023-01-02,0,CA,Checking or savings account,Checking account,Managing an account,Deposits and withdrawals,Closed with monetary relief,Yes
6387581,Web,2023-01-02,2023-01-02,0,CA,"Credit reporting, credit repair services, or other personal consumer reports",Credit reporting,Problem with a credit reporting company's investigation into an existing problem,Investigation took more than 30 days,Closed with non-monetary relief,Yes
6385648,Web,2023-01-02,2023-01-02,0,IN,Credit card or prepaid card,General-purpose credit card or charge card,Problem with a purchase shown on your statement,Credit card company isn't resolving a dispute about a purchase on your statement,Closed with monetary relief,Yes
6387569,Web,2023-01-02,2023-01-02,0,CA,Checking or savings account,Checking account,Managing an account,Deposits and withdrawals,Closed with non-monetary relief,Yes
6388250,Web,2023-01-02,2023-01-02,0,CA,Checking or savings account,Checking account,Problem with a lender or other company charging your account,Transaction was not authorized,Closed with explanation,Yes
6386177,Web,2023-01-02,2023-01-02,0,CT,"Credit reporting, credit repair services, or other personal consumer reports",Credit reporting,Incorrect information on your report,Information belongs to someone else,Closed with explanation,Yes
6388623,Web,2023-01-02,2023-01-02,0,FL,Credit card or prepaid card,General-purpose credit card or charge card,Getting a credit card,Card opened as result of identity theft or fraud,Closed with non-monetary relief,Yes
6387963,Web,2023-01-02,2023-01-02,0,CA,Credit card or prepaid card,General-purpose credit card or charge card,"Other features, terms, or problems",Other problem,Closed with monetary relief,Yes
6388105,Web,2023-01-02,2023-01-02,0,IL,"Money transfer, virtual currency, or money service",Domestic (US) money transfer,Fraud or scam,NA,Closed with explanation,Yes
6387893,Web,2023-01-02,2023-01-02,0,KY,Credit card or prepaid card,General-purpose credit card or charge card,Improper use of your report,Credit inquiries on your report that you don't recognize,Closed with explanation,Yes
6388925,Web,2023-01-02,2023-01-02,0,GA,Credit card or prepaid card,General-purpose credit card or charge card,Improper use of your report,Reporting company used your report improperly,Closed with explanation,Yes
6389050,Web,2023-01-02,2023-01-02,0,MI,Checking or savings account,Savings account,Opening an account,Account opened as a result of fraud,Closed with non-monetary relief,Yes
6388562,Web,2023-01-02,2023-01-02,0,TX,Checking or savings account,Checking account,Closing an account,Company closed your account,Closed with explanation,Yes
6388939,Web,2023-01-02,2023-01-02,0,IL,Credit card or prepaid card,General-purpose credit card or charge card,Incorrect information on your report,Information belongs to someone else,Closed with non-monetary relief,Yes
6387977,Web,2023-01-02,2023-01-02,0,CA,Checking or savings account,Checking account,Managing an account,Problem using a debit or ATM card,Closed with monetary relief,Yes
6390932,Web,2023-01-03,2023-01-03,0,WA,Credit card or prepaid card,General-purpose credit card or charge card,"Other features, terms, or problems",Problem with balance transfer,Closed with explanation,Yes
6386320,Web,2023-01-03,2023-01-03,0,CA,"Credit reporting, credit repair services, or other personal consumer reports",Credit reporting,Incorrect information on your report,Information belongs to someone else,Closed with explanation,Yes
6391600,Web,2023-01-03,2023-01-03,0,MA,"Money transfer, virtual currency, or money service",International money transfer,Money was not available when promised,NA,Closed with monetary relief,Yes
6392005,Web,2023-01-03,2023-01-03,0,NY,Checking or savings account,Checking account,Managing an account,Fee problem,Closed with explanation,Yes
6390307,Web Referral,2023-01-03,2023-01-04,1,CT,Credit card or prepaid card,General-purpose credit card or charge card,Getting a credit card,Card opened as result of identity theft or fraud,Closed with explanation,Yes
6387031,Web,2023-01-03,2023-01-03,0,CA,"Credit reporting, credit repair services, or other personal consumer reports",Credit reporting,Problem with a credit reporting company's investigation into an existing problem,Their investigation did not fix an error on your report,Closed with non-monetary relief,No
6391700,Web,2023-01-03,2023-01-03,0,FL,"Credit reporting, credit repair services, or other personal consumer reports",Credit reporting,Incorrect information on your report,Account status incorrect,Closed with explanation,Yes
6390888,Web,2023-01-03,2023-01-03,0,RI,Credit card or prepaid card,General-purpose credit card or charge card,Problem when making payments,Problem during payment process,Closed with monetary relief,Yes
6387243,Web,2023-01-03,2023-01-03,0,TX,Checking or savings account,Checking account,Managing an account,Deposits and withdrawals,Closed with explanation,Yes
6391430,Web,2023-01-03,2023-01-03,0,ME,Checking or savings account,Checking account,Closing an account,Company closed your account,Closed with monetary relief,Yes
6390620,Web,2023-01-03,2023-01-04,1,CA,Credit card or prepaid card,Government benefit card,Trouble using the card,Problem adding money,Closed with explanation,Yes
6392835,Postal mail,2023-01-03,2023-01-03,0,CA,Mortgage,Conventional home mortgage,Trouble during payment process,NA,Closed with explanation,Yes
6392416,Phone,2023-01-03,2023-01-03,0,NJ,Checking or savings account,Checking account,Managing an account,Deposits and withdrawals,Closed with monetary relief,No
6391415,Web,2023-01-03,2023-01-03,0,MD,Checking or savings account,Checking account,Managing an account,Deposits and withdrawals,Closed with monetary relief,Yes
6393973,Web,2023-01-03,2023-01-03,0,PA,Credit card or prepaid card,General-purpose credit card or charge card,Problem when making payments,Problem during payment process,Closed with monetary relief,Yes
6391508,Web,2023-01-03,2023-01-03,0,OH,Credit card or prepaid card,General-purpose credit card or charge card,Getting a credit card,Sent card you never applied for,Closed with explanation,Yes
6392269,Web,2023-01-03,2023-01-03,0,CA,"Credit reporting, credit repair services, or other personal consumer reports",Credit reporting,Problem with a credit reporting company's investigation into an existing problem,Their investigation did not fix an error on your report,Closed with non-monetary relief,No
6393137,Web,2023-01-03,2023-01-03,0,FL,Credit card or prepaid card,General-purpose credit card or charge card,Problem with a purchase shown on your statement,Credit card company isn't resolving a dispute about a purchase on your statement,Closed with monetary relief,Yes
6391833,Web,2023-01-03,2023-01-03,0,MO,Checking or savings account,Checking account,Problem with a lender or other company charging your account,Transaction was not authorized,Closed with monetary relief,Yes
6392483,Web,2023-01-03,2023-01-03,0,MA,Checking or savings account,Checking account,Problem with a lender or other company charging your account,Transaction was not authorized,Closed with explanation,Yes
6391431,Web,2023-01-03,2023-01-03,0,NJ,Credit card or prepaid card,General-purpose credit card or charge card,Closing your account,Can't close your account,Closed with non-monetary relief,Yes
6391003,Web,2023-01-03,2023-01-03,0,OR,"Money transfer, virtual currency, or money service",Domestic (US) money transfer,Money was not available when promised,NA,Closed with explanation,Yes
6391315,Web,2023-01-03,2023-01-03,0,DE,Checking or savings account,Checking account,Closing an account,Company closed your account,Closed with explanation,Yes
6392453,Phone,2023-01-03,2023-01-03,0,NY,Checking or savings account,Checking account,Opening an account,Unable to open an account,Closed with explanation,Yes
6390813,Web,2023-01-03,2023-01-03,0,IL,Checking or savings account,Checking account,Opening an account,Account opened as a result of fraud,Closed with monetary relief,Yes
6392434,Web,2023-01-03,2023-01-03,0,CA,Checking or savings account,Checking account,Problem caused by your funds being low,Non-sufficient funds and associated fees,Closed with explanation,Yes
6390996,Web,2023-01-03,2023-01-03,0,MD,Credit card or prepaid card,General-purpose credit card or charge card,Problem with a purchase shown on your statement,Card was charged for something you did not purchase with the card,Closed with monetary relief,Yes
6391202,Web,2023-01-03,2023-01-03,0,VA,Credit card or prepaid card,General-purpose credit card or charge card,Problem with a purchase shown on your statement,Credit card company isn't resolving a dispute about a purchase on your statement,Closed with explanation,Yes
6393187,Web,2023-01-03,2023-01-03,0,FL,Mortgage,Home equity loan or line of credit (HELOC),Applying for a mortgage or refinancing an existing mortgage,NA,Closed with explanation,Yes
6390891,Web,2023-01-03,2023-01-03,0,NJ,"Money transfer, virtual currency, or money service",Mobile or digital wallet,Fraud or scam,NA,Closed with explanation,Yes
6390814,Web,2023-01-03,2023-01-03,0,GA,Checking or savings account,Checking account,Managing an account,Deposits and withdrawals,Closed with monetary relief,Yes
6393448,Phone,2023-01-03,2023-01-03,0,NY,Checking or savings account,Savings account,Closing an account,Funds not received from closed account,Closed with explanation,Yes
6392219,Phone,2023-01-03,2023-01-03,0,FL,Credit card or prepaid card,General-purpose credit card or charge card,Problem with a purchase shown on your statement,Card was charged for something you did not purchase with the card,Closed with explanation,Yes
6392294,Web,2023-01-03,2023-01-03,0,NV,Checking or savings account,Checking account,Managing an account,Deposits and withdrawals,Closed with explanation,Yes
6391790,Web,2023-01-03,2023-01-03,0,VA,Checking or savings account,Checking account,Managing an account,Problem using a debit or ATM card,Closed with explanation,Yes
6393394,Web,2023-01-03,2023-01-03,0,NY,Mortgage,Home equity loan or line of credit (HELOC),Applying for a mortgage or refinancing an existing mortgage,NA,Closed with explanation,Yes
6387300,Web,2023-01-03,2023-01-03,0,CA,Checking or savings account,Checking account,Managing an account,Funds not handled or disbursed as instructed,Closed with monetary relief,Yes
6390943,Web,2023-01-03,2023-01-03,0,TX,Credit card or prepaid card,General-purpose credit card or charge card,Problem with a purchase shown on your statement,Credit card company isn't resolving a dispute about a purchase on your statement,Closed with explanation,Yes
6392068,Web,2023-01-03,2023-01-03,0,CA,Credit card or prepaid card,Government benefit card,Problem with a purchase or transfer,Card company isn't resolving a dispute about a purchase or transfer,Closed with monetary relief,Yes
6392404,Web,2023-01-03,2023-01-03,0,AZ,Credit card or prepaid card,General-purpose credit card or charge card,Problem with a purchase shown on your statement,Credit card company isn't resolving a dispute about a purchase on your statement,Closed with explanation,Yes
6390673,Web,2023-01-03,2023-01-04,1,FL,Credit card or prepaid card,General-purpose credit card or charge card,Problem with a purchase shown on your statement,Credit card company isn't resolving a dispute about a purchase on your statement,Closed with explanation,Yes
6390886,Web,2023-01-03,2023-01-03,0,FL,Credit card or prepaid card,General-purpose credit card or charge card,Getting a credit card,Card opened as result of identity theft or fraud,Closed with non-monetary relief,Yes
6391823,Web,2023-01-03,2023-01-03,0,MI,Checking or savings account,Checking account,Opening an account,Account opened as a result of fraud,Closed with monetary relief,Yes
6386756,Web,2023-01-03,2023-01-03,0,IL,"Credit reporting, credit repair services, or other personal consumer reports",Credit reporting,Incorrect information on your report,Account information incorrect,Closed with non-monetary relief,Yes
6391038,Web,2023-01-03,2023-01-03,0,NY,Checking or savings account,Checking account,Managing an account,Deposits and withdrawals,Closed with explanation,Yes
6386807,Web,2023-01-03,2023-01-03,0,FL,Checking or savings account,Checking account,Closing an account,Can't close your account,Closed with monetary relief,Yes
6387092,Web,2023-01-03,2023-01-03,0,PA,Checking or savings account,Savings account,Closing an account,Can't close your account,Closed with explanation,Yes
6391087,Web,2023-01-03,2023-01-03,0,CA,Checking or savings account,Checking account,Managing an account,Problem making or receiving payments,Closed with explanation,Yes
6398582,Phone,2023-01-04,2023-01-04,0,FL,Checking or savings account,Checking account,Managing an account,Problem using a debit or ATM card,Closed with explanation,Yes
6397317,Web,2023-01-04,2023-01-04,0,MD,Checking or savings account,Checking account,Closing an account,Company closed your account,Closed with monetary relief,Yes
6397320,Web,2023-01-04,2023-01-04,0,CA,Checking or savings account,Checking account,Problem caused by your funds being low,Non-sufficient funds and associated fees,Closed with monetary relief,No
6390185,Web,2023-01-04,2023-01-04,0,MN,Credit card or prepaid card,General-purpose credit card or charge card,Problem when making payments,Problem during payment process,Closed with monetary relief,Yes
6396911,Web,2023-01-04,2023-01-04,0,CA,"Money transfer, virtual currency, or money service",Check cashing service,Fraud or scam,NA,Closed with explanation,No
6398196,Web,2023-01-04,2023-01-04,0,DE,Mortgage,Conventional home mortgage,Trouble during payment process,NA,Closed with explanation,Yes
6389756,Web,2023-01-04,2023-01-04,0,NJ,Credit card or prepaid card,General-purpose credit card or charge card,Fees or interest,Problem with fees,Closed with explanation,Yes
6397906,Web,2023-01-04,2023-01-04,0,FL,"Payday loan, title loan, or personal loan",Personal line of credit,Incorrect information on your report,Account status incorrect,Closed with explanation,No
6396871,Web,2023-01-04,2023-01-04,0,CA,Checking or savings account,Other banking product or service,Managing an account,Problem using a debit or ATM card,Closed with explanation,Yes
6390375,Web,2023-01-04,2023-01-04,0,CA,Credit card or prepaid card,General-purpose credit card or charge card,"Other features, terms, or problems",Add-on products and services,Closed with monetary relief,Yes
6397319,Web,2023-01-04,2023-01-04,0,CA,Checking or savings account,Checking account,Managing an account,Problem using a debit or ATM card,Closed with explanation,Yes
6397575,Web,2023-01-04,2023-01-04,0,NY,Checking or savings account,Checking account,Closing an account,Company closed your account,Closed with explanation,Yes
6397779,Web,2023-01-04,2023-01-24,20,IL,Credit card or prepaid card,General-purpose credit card or charge card,Problem with a purchase shown on your statement,Card was charged for something you did not purchase with the card,Closed with monetary relief,Yes
6398975,Referral,2023-01-04,2023-01-04,0,VA,Credit card or prepaid card,General-purpose credit card or charge card,Getting a credit card,Card opened as result of identity theft or fraud,Closed with non-monetary relief,Yes
6397793,Web,2023-01-04,2023-01-04,0,DC,"Money transfer, virtual currency, or money service",Mobile or digital wallet,Fraud or scam,NA,Closed with explanation,Yes
6398392,Web,2023-01-04,2023-01-04,0,TX,Checking or savings account,Checking account,Opening an account,Unable to open an account,Closed with explanation,Yes
6389982,Web,2023-01-04,2023-01-04,0,FL,Credit card or prepaid card,General-purpose credit card or charge card,Problem when making payments,Problem during payment process,Closed with monetary relief,Yes
6398622,Web,2023-01-04,2023-01-04,0,TX,Checking or savings account,Checking account,Closing an account,Funds not received from closed account,Closed with explanation,Yes
6398233,Web,2023-01-04,2023-01-04,0,CA,Credit card or prepaid card,Government benefit card,Problem with a purchase or transfer,Charged for a purchase or transfer you did not make with the card,Closed with explanation,Yes
6397993,Web,2023-01-04,2023-01-04,0,WA,Credit card or prepaid card,General-purpose credit card or charge card,Getting a credit card,Sent card you never applied for,Closed with non-monetary relief,Yes
6403441,Referral,2023-01-04,2023-01-05,1,MD,Credit card or prepaid card,General-purpose credit card or charge card,Problem with a purchase shown on your statement,Credit card company isn't resolving a dispute about a purchase on your statement,Closed with monetary relief,Yes
6397318,Web,2023-01-04,2023-01-04,0,NY,Checking or savings account,Checking account,Managing an account,Banking errors,Closed with explanation,Yes
6397046,Web,2023-01-04,2023-01-04,0,CA,"Money transfer, virtual currency, or money service",Domestic (US) money transfer,Fraud or scam,NA,Closed with explanation,Yes
6397259,Phone,2023-01-04,2023-01-09,5,CA,Credit card or prepaid card,General-purpose credit card or charge card,Closing your account,Company closed your account,Closed with explanation,Yes
6398706,Referral,2023-01-04,2023-01-04,0,NC,Credit card or prepaid card,General-purpose credit card or charge card,Problem with a purchase shown on your statement,Credit card company isn't resolving a dispute about a purchase on your statement,Closed with explanation,Yes
6399151,Referral,2023-01-04,2023-01-04,0,SC,Debt collection,I do not know,Attempts to collect debt not owed,Debt was paid,Closed with explanation,Yes
6397796,Web,2023-01-04,2023-01-04,0,GA,Checking or savings account,Checking account,Managing an account,Problem using a debit or ATM card,Closed with explanation,Yes
6389355,Web,2023-01-04,2023-01-04,0,FL,Checking or savings account,Checking account,Managing an account,Fee problem,Closed with monetary relief,Yes
6397418,Web,2023-01-04,2023-01-04,0,AZ,Checking or savings account,Checking account,Managing an account,Banking errors,Closed with explanation,No
6396777,Web,2023-01-04,2023-01-04,0,CA,Credit card or prepaid card,General-purpose credit card or charge card,Problem with a purchase shown on your statement,Credit card company isn't resolving a dispute about a purchase on your statement,Closed with explanation,Yes
6397430,Web,2023-01-04,2023-01-04,0,NH,"Credit reporting, credit repair services, or other personal consumer reports",Credit reporting,Improper use of your report,Credit inquiries on your report that you don't recognize,Closed with non-monetary relief,Yes
6390051,Web,2023-01-04,2023-01-04,0,FL,"Credit reporting, credit repair services, or other personal consumer reports",Credit reporting,Problem with a credit reporting company's investigation into an existing problem,Their investigation did not fix an error on your report,Closed with explanation,Yes
6398990,Web,2023-01-04,2023-01-04,0,MO,Checking or savings account,Checking account,Managing an account,Problem making or receiving payments,Closed with explanation,Yes
6397555,Web,2023-01-04,2023-01-04,0,CO,Credit card or prepaid card,General-purpose credit card or charge card,Getting a credit card,Card opened as result of identity theft or fraud,Closed with non-monetary relief,Yes
6403227,Web,2023-01-05,2023-01-05,0,MD,"Money transfer, virtual currency, or money service",International money transfer,Other transaction problem,NA,Closed with monetary relief,Yes
6395772,Web,2023-01-05,2023-01-05,0,PA,Checking or savings account,Checking account,Opening an account,Account opened as a result of fraud,Closed with non-monetary relief,Yes
6402486,Phone,2023-01-05,2023-01-05,0,CA,Checking or savings account,Checking account,Managing an account,Deposits and withdrawals,Closed with explanation,Yes
6402785,Web,2023-01-05,2023-01-05,0,PA,Checking or savings account,Checking account,Managing an account,Deposits and withdrawals,Closed with explanation,Yes
6395706,Web,2023-01-05,2023-01-26,21,SC,Checking or savings account,Other banking product or service,Managing an account,Deposits and withdrawals,Closed with monetary relief,Yes
6403529,Web,2023-01-05,2023-01-26,21,MI,"Money transfer, virtual currency, or money service",International money transfer,Fraud or scam,NA,Closed with explanation,Yes
6403153,Web,2023-01-05,2023-01-05,0,CA,Vehicle loan or lease,Loan,Getting a loan or lease,Fraudulent loan,Closed with non-monetary relief,No
6396284,Web,2023-01-05,2023-01-05,0,FL,Checking or savings account,Checking account,Managing an account,Deposits and withdrawals,Closed with non-monetary relief,No
6395364,Web,2023-01-05,2023-01-05,0,TX,"Money transfer, virtual currency, or money service",Domestic (US) money transfer,Other transaction problem,NA,Closed with monetary relief,Yes
6402166,Web,2023-01-05,2023-01-05,0,NJ,Checking or savings account,Checking account,Problem with a lender or other company charging your account,Transaction was not authorized,Closed with explanation,Yes
6401575,Web,2023-01-05,2023-01-05,0,MD,"Credit reporting, credit repair services, or other personal consumer reports",Credit reporting,Problem with a credit reporting company's investigation into an existing problem,Problem with personal statement of dispute,Closed with monetary relief,Yes
6402204,Web,2023-01-05,2023-01-05,0,NC,Checking or savings account,Checking account,Managing an account,Problem using a debit or ATM card,Closed with monetary relief,Yes
6396000,Web,2023-01-05,2023-01-05,0,TX,Credit card or prepaid card,General-purpose credit card or charge card,Closing your account,Company closed your account,Closed with explanation,Yes
6404091,Web,2023-01-05,2023-01-26,21,FL,Debt collection,Credit card debt,Attempts to collect debt not owed,Debt was result of identity theft,Closed with explanation,Yes
6403611,Web,2023-01-05,2023-01-05,0,PA,Checking or savings account,Checking account,Managing an account,Deposits and withdrawals,Closed with explanation,Yes
6403334,Web,2023-01-05,2023-01-05,0,CA,Checking or savings account,Checking account,Problem with a lender or other company charging your account,Transaction was not authorized,Closed with explanation,Yes
6402730,Phone,2023-01-05,2023-01-05,0,NV,Checking or savings account,Checking account,Managing an account,Funds not handled or disbursed as instructed,Closed with monetary relief,No
6401484,Web,2023-01-05,2023-01-05,0,GA,Checking or savings account,Checking account,Managing an account,Funds not handled or disbursed as instructed,Closed with monetary relief,Yes
6401526,Web,2023-01-05,2023-01-06,1,FL,Checking or savings account,Checking account,Closing an account,Funds not received from closed account,Closed with monetary relief,No
6402681,Web,2023-01-05,2023-01-05,0,CA,Checking or savings account,Savings account,Managing an account,Deposits and withdrawals,Closed with monetary relief,Yes
6402438,Phone,2023-01-05,2023-01-05,0,IL,Checking or savings account,Checking account,Managing an account,Deposits and withdrawals,Closed with explanation,Yes
6399712,Web,2023-01-05,2023-01-05,0,CA,"Credit reporting, credit repair services, or other personal consumer reports",Credit reporting,Problem with a credit reporting company's investigation into an existing problem,Problem with personal statement of dispute,Closed with monetary relief,Yes
6401135,Web,2023-01-05,2023-01-05,0,IL,Checking or savings account,CD (Certificate of Deposit),Closing an account,Can't close your account,Closed with explanation,Yes
6395568,Web,2023-01-05,2023-01-05,0,IL,Credit card or prepaid card,General-purpose credit card or charge card,Problem when making payments,You never received your bill or did not know a payment was due,Closed with explanation,Yes
6403532,Web,2023-01-05,2023-01-05,0,KS,Debt collection,Credit card debt,Written notification about debt,Didn't receive enough information to verify debt,Closed with explanation,Yes
6402150,Web,2023-01-05,2023-01-05,0,NY,Credit card or prepaid card,General-purpose credit card or charge card,"Other features, terms, or problems",Privacy issues,Closed with monetary relief,Yes
6401626,Web,2023-01-05,2023-01-05,0,TN,Credit card or prepaid card,General-purpose credit card or charge card,Incorrect information on your report,Information belongs to someone else,Closed with explanation,Yes
6399834,Web,2023-01-05,2023-01-05,0,CA,Credit card or prepaid card,Government benefit card,Problem getting a card or closing an account,"Trouble getting, activating, or registering a card",Closed with explanation,Yes
6401739,Web,2023-01-05,2023-01-05,0,NY,Credit card or prepaid card,General-purpose credit card or charge card,Problem with a purchase shown on your statement,Card was charged for something you did not purchase with the card,Closed with explanation,Yes
6402931,Phone,2023-01-05,2023-01-05,0,NJ,Checking or savings account,Checking account,Opening an account,Unable to open an account,Closed with explanation,Yes
6403176,Web,2023-01-05,2023-01-05,0,FL,"Credit reporting, credit repair services, or other personal consumer reports",Credit reporting,Problem with a credit reporting company's investigation into an existing problem,Was not notified of investigation status or results,Closed with non-monetary relief,Yes
6403108,Phone,2023-01-05,2023-01-05,0,MD,Checking or savings account,Checking account,Problem with a lender or other company charging your account,Transaction was not authorized,Closed with monetary relief,Yes
6403740,Web,2023-01-05,2023-01-05,0,MD,Credit card or prepaid card,General-purpose credit card or charge card,Problem when making payments,Problem during payment process,Closed with explanation,Yes
6395550,Web,2023-01-05,2023-01-05,0,CA,Checking or savings account,Checking account,Problem with a lender or other company charging your account,Transaction was not authorized,Closed with explanation,Yes
6403338,Web,2023-01-05,2023-01-05,0,CA,Checking or savings account,Checking account,Problem with a lender or other company charging your account,Transaction was not authorized,Closed with explanation,Yes
6395289,Web,2023-01-05,2023-01-05,0,CA,Credit card or prepaid card,Government benefit card,Unexpected or other fees,NA,Closed with explanation,Yes
6402023,Web,2023-01-05,2023-01-05,0,CA,Checking or savings account,Other banking product or service,Closing an account,Funds not received from closed account,Closed with explanation,Yes
6395367,Web,2023-01-05,2023-01-05,0,FL,Checking or savings account,CD (Certificate of Deposit),Opening an account,Confusing or missing disclosures,Closed with explanation,Yes
6402052,Web,2023-01-05,2023-01-05,0,CA,Checking or savings account,Checking account,Managing an account,Deposits and withdrawals,Closed with monetary relief,Yes
6402195,Web,2023-01-05,2023-01-05,0,NC,Credit card or prepaid card,General-purpose credit card or charge card,Getting a credit card,Card opened as result of identity theft or fraud,Closed with explanation,Yes
6402005,Web,2023-01-05,2023-01-05,0,TX,Debt collection,Other debt,Attempts to collect debt not owed,Debt is not yours,Closed with explanation,No
6401574,Web,2023-01-05,2023-01-05,0,AZ,Checking or savings account,Checking account,Managing an account,Problem using a debit or ATM card,Closed with explanation,No
6396171,Web,2023-01-05,2023-01-05,0,FL,"Money transfer, virtual currency, or money service",Check cashing service,Fraud or scam,NA,Closed with explanation,Yes
6401165,Web,2023-01-05,2023-01-05,0,CA,Checking or savings account,Checking account,Managing an account,Deposits and withdrawals,Closed with explanation,Yes
6401661,Web,2023-01-05,2023-01-05,0,VA,"Money transfer, virtual currency, or money service",Domestic (US) money transfer,Fraud or scam,NA,Closed with explanation,Yes
6402141,Web,2023-01-05,2023-01-05,0,TX,Credit card or prepaid card,General-purpose credit card or charge card,"Advertising and marketing, including promotional offers",Confusing or misleading advertising about the credit card,Closed with explanation,Yes
6402465,Web,2023-01-05,2023-01-05,0,CT,Checking or savings account,Checking account,Managing an account,Banking errors,Closed with monetary relief,Yes
6402164,Web,2023-01-05,2023-01-05,0,NY,Checking or savings account,Checking account,Closing an account,Company closed your account,Closed with explanation,No
6402094,Web,2023-01-05,2023-01-05,0,UT,Credit card or prepaid card,General-purpose credit card or charge card,Getting a credit card,Card opened as result of identity theft or fraud,Closed with non-monetary relief,Yes
6395573,Web,2023-01-05,2023-01-05,0,CA,Checking or savings account,Checking account,Managing an account,Funds not handled or disbursed as instructed,Closed with explanation,Yes
6402670,Web,2023-01-05,2023-01-05,0,FL,Checking or savings account,Checking account,Managing an account,Fee problem,Closed with monetary relief,Yes
6395362,Web,2023-01-05,2023-01-05,0,NJ,Checking or savings account,Checking account,Closing an account,Company closed your account,Closed with explanation,Yes
6403890,Phone,2023-01-05,2023-01-05,0,TX,Mortgage,Home equity loan or line of credit (HELOC),Applying for a mortgage or refinancing an existing mortgage,NA,Closed with non-monetary relief,Yes
6407672,Web,2023-01-06,2023-01-06,0,IL,"Credit reporting, credit repair services, or other personal consumer reports",Credit reporting,Improper use of your report,Reporting company used your report improperly,Closed with explanation,No
6407036,Phone,2023-01-06,2023-01-06,0,TX,Checking or savings account,Checking account,Managing an account,Deposits and withdrawals,Closed with monetary relief,Yes
6407531,Web,2023-01-06,2023-01-06,0,TX,Mortgage,Home equity loan or line of credit (HELOC),Applying for a mortgage or refinancing an existing mortgage,NA,Closed with explanation,Yes
6408119,Web,2023-01-06,2023-01-06,0,GA,Checking or savings account,Checking account,Opening an account,Unable to open an account,Closed with explanation,Yes
6407747,Web,2023-01-06,2023-01-06,0,CA,"Credit reporting, credit repair services, or other personal consumer reports",Credit reporting,Improper use of your report,Credit inquiries on your report that you don't recognize,Closed with explanation,Yes
6407916,Web,2023-01-06,2023-01-06,0,FL,Checking or savings account,Savings account,Managing an account,Deposits and withdrawals,Closed with explanation,Yes
6407675,Phone,2023-01-06,2023-01-06,0,CA,Checking or savings account,Checking account,Managing an account,Banking errors,Closed with explanation,Yes
6408603,Phone,2023-01-06,2023-01-06,0,AZ,Checking or savings account,Checking account,Managing an account,Deposits and withdrawals,Closed with monetary relief,Yes
6406143,Web,2023-01-06,2023-01-06,0,OR,Credit card or prepaid card,General-purpose credit card or charge card,"Other features, terms, or problems",Other problem,Closed with explanation,Yes
6407290,Web,2023-01-06,2023-01-06,0,IL,Checking or savings account,Checking account,Opening an account,Account opened as a result of fraud,Closed with explanation,Yes
6401337,Web,2023-01-06,2023-01-06,0,CA,Credit card or prepaid card,General-purpose credit card or charge card,Getting a credit card,Card opened as result of identity theft or fraud,Closed with non-monetary relief,Yes
6404639,Phone,2023-01-06,2023-01-15,9,FL,Checking or savings account,Checking account,Managing an account,Deposits and withdrawals,Closed with monetary relief,Yes
6406746,Phone,2023-01-06,2023-01-06,0,TX,Checking or savings account,Checking account,Managing an account,Deposits and withdrawals,Closed with explanation,No
6408647,Web,2023-01-06,2023-01-06,0,GA,"Credit reporting, credit repair services, or other personal consumer reports",Credit reporting,Improper use of your report,Credit inquiries on your report that you don't recognize,Closed with non-monetary relief,Yes
6408003,Web,2023-01-06,2023-01-06,0,MD,Checking or savings account,Checking account,Managing an account,Fee problem,Closed with monetary relief,Yes
6407636,Web,2023-01-06,2023-01-06,0,IL,Credit card or prepaid card,General-purpose credit card or charge card,Getting a credit card,Card opened as result of identity theft or fraud,Closed with explanation,Yes
6400321,Web,2023-01-06,2023-01-06,0,FL,Credit card or prepaid card,General-purpose credit card or charge card,Trouble using your card,Credit card company won't increase or decrease your credit limit,Closed with explanation,Yes
6407250,Web,2023-01-06,2023-01-06,0,NJ,Checking or savings account,Checking account,Managing an account,Banking errors,Closed with explanation,Yes
6407915,Web,2023-01-06,2023-01-06,0,AZ,"Credit reporting, credit repair services, or other personal consumer reports",Credit reporting,Incorrect information on your report,Information belongs to someone else,Closed with non-monetary relief,No
6407281,Web,2023-01-06,2023-01-06,0,CA,"Credit reporting, credit repair services, or other personal consumer reports",Credit reporting,Problem with a credit reporting company's investigation into an existing problem,Their investigation did not fix an error on your report,Closed with non-monetary relief,Yes
6407904,Web,2023-01-06,2023-01-06,0,NY,Credit card or prepaid card,General-purpose credit card or charge card,Problem with a purchase shown on your statement,Credit card company isn't resolving a dispute about a purchase on your statement,Closed with monetary relief,Yes
6407181,Web,2023-01-06,2023-01-06,0,NV,"Money transfer, virtual currency, or money service",Domestic (US) money transfer,Other transaction problem,NA,Closed with explanation,Yes
6400431,Web,2023-01-06,2023-01-06,0,FL,Credit card or prepaid card,General-purpose credit card or charge card,Trouble using your card,Credit card company won't increase or decrease your credit limit,Closed with explanation,Yes
6407829,Web,2023-01-06,2023-01-06,0,ID,"Money transfer, virtual currency, or money service",Domestic (US) money transfer,Fraud or scam,NA,Closed with explanation,No
6400569,Web,2023-01-06,2023-01-06,0,CA,"Credit reporting, credit repair services, or other personal consumer reports",Credit reporting,Incorrect information on your report,Information belongs to someone else,Closed with non-monetary relief,Yes
6404311,Web,2023-01-06,2023-01-06,0,CT,Debt collection,Credit card debt,Written notification about debt,Didn't receive enough information to verify debt,Closed with explanation,Yes
6407710,Web,2023-01-06,2023-01-06,0,IL,"Credit reporting, credit repair services, or other personal consumer reports",Credit reporting,Improper use of your report,Reporting company used your report improperly,Closed with explanation,Yes
6404365,Phone,2023-01-06,2023-01-13,7,PA,Checking or savings account,Checking account,Managing an account,Cashing a check,Closed with explanation,Yes
6407489,Web,2023-01-06,2023-01-06,0,CT,Checking or savings account,Checking account,Managing an account,Funds not handled or disbursed as instructed,Closed with explanation,Yes
6406319,Web,2023-01-06,2023-01-06,0,NY,Vehicle loan or lease,Loan,Getting a loan or lease,Fraudulent loan,Closed with explanation,Yes
6406139,Web,2023-01-06,2023-01-06,0,CA,Checking or savings account,Checking account,Closing an account,Funds not received from closed account,Closed with monetary relief,Yes
6407025,Referral,2023-01-06,2023-01-06,0,WA,Credit card or prepaid card,General-purpose credit card or charge card,Closing your account,Can't close your account,Closed with explanation,Yes
6407219,Web,2023-01-06,2023-01-06,0,NY,Credit card or prepaid card,General-purpose credit card or charge card,Problem with a purchase shown on your statement,Credit card company isn't resolving a dispute about a purchase on your statement,Closed with explanation,Yes
6407202,Web,2023-01-06,2023-01-06,0,TX,Checking or savings account,Savings account,Closing an account,Can't close your account,Closed with non-monetary relief,Yes
6406666,Web,2023-01-06,2023-01-06,0,IL,Credit card or prepaid card,General-purpose credit card or charge card,Getting a credit card,Card opened as result of identity theft or fraud,Closed with explanation,Yes
6406603,Web,2023-01-06,2023-01-06,0,OH,Vehicle loan or lease,Loan,Problems at the end of the loan or lease,Unable to receive car title or other problem after the loan is paid off,Closed with explanation,Yes
6407694,Web,2023-01-06,2023-01-06,0,NY,Credit card or prepaid card,General-purpose credit card or charge card,Getting a credit card,Problem getting a working replacement card,Closed with monetary relief,Yes
6416405,Referral,2023-01-06,2023-01-09,3,VA,Checking or savings account,Checking account,Managing an account,Cashing a check,Closed with explanation,Yes
6410257,Web,2023-01-07,2023-01-07,0,DC,"Credit reporting, credit repair services, or other personal consumer reports",Credit reporting,Problem with a credit reporting company's investigation into an existing problem,Their investigation did not fix an error on your report,Closed with explanation,Yes
6410570,Web,2023-01-07,2023-01-07,0,MN,"Credit reporting, credit repair services, or other personal consumer reports",Credit reporting,Improper use of your report,Reporting company used your report improperly,Closed with explanation,No
6410596,Web,2023-01-07,2023-01-07,0,MN,"Credit reporting, credit repair services, or other personal consumer reports",Credit reporting,Improper use of your report,Reporting company used your report improperly,Closed with explanation,No
6410959,Web,2023-01-07,2023-01-07,0,AK,Credit card or prepaid card,General-purpose credit card or charge card,"Other features, terms, or problems",Problem with rewards from credit card,Closed with explanation,Yes
6405360,Web,2023-01-07,2023-01-07,0,MD,Credit card or prepaid card,General-purpose credit card or charge card,Problem with a purchase shown on your statement,Card was charged for something you did not purchase with the card,Closed with explanation,Yes
6410859,Web,2023-01-07,2023-01-07,0,GA,Checking or savings account,Checking account,Managing an account,Problem using a debit or ATM card,Closed with non-monetary relief,Yes
6409179,Web,2023-01-07,2023-01-07,0,VA,Checking or savings account,Checking account,Opening an account,Account opened as a result of fraud,Closed with non-monetary relief,Yes
6405998,Web,2023-01-07,2023-01-07,0,WA,Credit card or prepaid card,General-purpose credit card or charge card,Problem with a purchase shown on your statement,Card was charged for something you did not purchase with the card,Closed with explanation,Yes
6410348,Web,2023-01-07,2023-01-07,0,CA,Credit card or prepaid card,Government benefit card,Problem with a purchase or transfer,Charged for a purchase or transfer you did not make with the card,Closed with explanation,Yes
6408754,Web,2023-01-07,2023-01-07,0,NE,Checking or savings account,Checking account,Opening an account,Account opened as a result of fraud,Closed with explanation,Yes
6411013,Web,2023-01-07,2023-01-07,0,CO,"Money transfer, virtual currency, or money service",Domestic (US) money transfer,Fraud or scam,NA,Closed with explanation,Yes
6413242,Web,2023-01-08,2023-01-08,0,CA,Checking or savings account,Checking account,Problem with a lender or other company charging your account,Transaction was not authorized,Closed with explanation,Yes
6410077,Web,2023-01-08,2023-01-08,0,CA,Checking or savings account,Checking account,Managing an account,Banking errors,Closed with non-monetary relief,Yes
6413018,Web,2023-01-08,2023-01-08,0,FL,"Credit reporting, credit repair services, or other personal consumer reports",Credit reporting,Problem with a credit reporting company's investigation into an existing problem,Investigation took more than 30 days,Closed with explanation,Yes
6413355,Web,2023-01-08,2023-01-08,0,DE,Checking or savings account,Checking account,Opening an account,Account opened as a result of fraud,Closed with non-monetary relief,No
6411533,Web,2023-01-08,2023-01-08,0,PA,Checking or savings account,Checking account,Opening an account,Account opened as a result of fraud,Closed with explanation,Yes
6409776,Web,2023-01-08,2023-01-08,0,SC,Checking or savings account,Checking account,Opening an account,Account opened as a result of fraud,Closed with non-monetary relief,Yes
6413334,Web,2023-01-08,2023-01-08,0,NC,Checking or savings account,Checking account,Managing an account,Deposits and withdrawals,Closed with monetary relief,Yes
6413292,Web,2023-01-08,2023-01-08,0,NC,Credit card or prepaid card,General-purpose credit card or charge card,Problem when making payments,Problem during payment process,Closed with explanation,Yes
6413168,Web,2023-01-08,2023-01-08,0,CA,Credit card or prepaid card,Government benefit card,Problem with a purchase or transfer,Charged for a purchase or transfer you did not make with the card,Closed with monetary relief,Yes
6413572,Web,2023-01-08,2023-01-08,0,FL,Checking or savings account,Checking account,Problem with a lender or other company charging your account,Transaction was not authorized,Closed with monetary relief,Yes
6411286,Web,2023-01-08,2023-01-08,0,MI,Checking or savings account,Checking account,Opening an account,Account opened as a result of fraud,Closed with explanation,Yes
6411868,Web,2023-01-08,2023-01-08,0,CA,"Credit reporting, credit repair services, or other personal consumer reports",Credit reporting,Improper use of your report,Credit inquiries on your report that you don't recognize,Closed with explanation,Yes
6412955,Web,2023-01-08,2023-01-08,0,NV,Checking or savings account,Checking account,Managing an account,Problem accessing account,Closed with monetary relief,Yes
6411263,Web,2023-01-08,2023-01-08,0,MI,Debt collection,I do not know,Attempts to collect debt not owed,Debt is not yours,Closed with explanation,Yes
6413043,Web,2023-01-08,2023-01-08,0,NJ,"Money transfer, virtual currency, or money service",Domestic (US) money transfer,Fraud or scam,NA,Closed with explanation,Yes
6410166,Web,2023-01-08,2023-01-08,0,FL,Checking or savings account,Savings account,Managing an account,Problem accessing account,Closed with explanation,Yes
6413642,Web,2023-01-08,2023-01-08,0,NM,Debt collection,Mortgage debt,False statements or representation,Attempted to collect wrong amount,Closed with explanation,Yes
6415784,Web,2023-01-09,2023-01-09,0,FL,Checking or savings account,Checking account,Managing an account,Banking errors,Closed with explanation,Yes
6415404,Web,2023-01-09,2023-01-09,0,FL,Checking or savings account,Checking account,Closing an account,Funds not received from closed account,Closed with explanation,Yes
6415396,Web,2023-01-09,2023-01-09,0,CA,Checking or savings account,Checking account,Managing an account,Problem using a debit or ATM card,Closed with explanation,Yes
6412024,Web,2023-01-09,2023-01-09,0,NC,"Credit reporting, credit repair services, or other personal consumer reports",Credit reporting,Problem with fraud alerts or security freezes,NA,Closed with non-monetary relief,Yes
6416665,Web,2023-01-09,2023-01-09,0,OH,Debt collection,Mortgage debt,False statements or representation,Indicated you were committing crime by not paying debt,Closed with explanation,Yes
6415406,Web,2023-01-09,2023-01-09,0,CA,Checking or savings account,Checking account,Managing an account,Deposits and withdrawals,Closed with monetary relief,Yes
6415102,Web,2023-01-09,2023-01-09,0,CA,"Credit reporting, credit repair services, or other personal consumer reports",Credit reporting,Incorrect information on your report,Account information incorrect,Closed with explanation,Yes
6415401,Phone,2023-01-09,2023-01-09,0,PA,Checking or savings account,Checking account,Managing an account,Funds not handled or disbursed as instructed,Closed with monetary relief,Yes
6416521,Web,2023-01-09,2023-01-09,0,MI,Credit card or prepaid card,General-purpose credit card or charge card,Getting a credit card,Card opened as result of identity theft or fraud,Closed with explanation,Yes
6416113,Web,2023-01-09,2023-01-09,0,LA,"Credit reporting, credit repair services, or other personal consumer reports",Credit reporting,Improper use of your report,Reporting company used your report improperly,Closed with explanation,Yes
6415275,Web,2023-01-09,2023-01-09,0,MI,Checking or savings account,Other banking product or service,Closing an account,Company closed your account,Closed with explanation,Yes
6414915,Web,2023-01-09,2023-01-09,0,NC,Checking or savings account,Checking account,Opening an account,Unable to open an account,Closed with explanation,Yes
6412313,Web,2023-01-09,2023-01-26,17,NC,Checking or savings account,Checking account,Managing an account,Deposits and withdrawals,Closed with monetary relief,Yes
6412609,Web,2023-01-09,2023-01-26,17,TX,Checking or savings account,Checking account,Problem with a lender or other company charging your account,Can't stop withdrawals from your account,Closed with explanation,No
6412328,Web,2023-01-09,2023-01-09,0,CA,Checking or savings account,Checking account,Managing an account,Banking errors,Closed with monetary relief,No
6416179,Web,2023-01-09,2023-01-09,0,NY,Checking or savings account,Checking account,Managing an account,Deposits and withdrawals,Closed with monetary relief,Yes
6417998,Phone,2023-01-09,2023-01-22,13,CA,Credit card or prepaid card,Government benefit card,Problem with a purchase or transfer,Charged for a purchase or transfer you did not make with the card,Closed with explanation,Yes
6416242,Web,2023-01-09,2023-01-09,0,GA,"Credit reporting, credit repair services, or other personal consumer reports",Credit reporting,Problem with a credit reporting company's investigation into an existing problem,Difficulty submitting a dispute or getting information about a dispute over the phone,Closed with explanation,Yes
6415452,Referral,2023-01-09,2023-01-09,0,AK,Credit card or prepaid card,General-purpose credit card or charge card,"Other features, terms, or problems",Problem with balance transfer,Closed with monetary relief,Yes
6411960,Web,2023-01-09,2023-01-09,0,FL,"Credit reporting, credit repair services, or other personal consumer reports",Credit reporting,Incorrect information on your report,Account status incorrect,Closed with non-monetary relief,Yes
6415292,Web,2023-01-09,2023-01-09,0,CA,Credit card or prepaid card,Government benefit card,Unexpected or other fees,NA,Closed with explanation,Yes
6416048,Web,2023-01-09,2023-01-09,0,NY,"Money transfer, virtual currency, or money service",Traveler's check or cashier's check,Problem with customer service,NA,Closed with explanation,Yes
6415047,Web,2023-01-09,2023-01-09,0,FL,"Money transfer, virtual currency, or money service",Domestic (US) money transfer,Money was not available when promised,NA,Closed with monetary relief,Yes
6416151,Web,2023-01-09,2023-01-09,0,FL,Mortgage,Conventional home mortgage,Trouble during payment process,NA,Closed with explanation,Yes
6415786,Web,2023-01-09,2023-01-09,0,CO,Credit card or prepaid card,General-purpose credit card or charge card,Getting a credit card,Card opened as result of identity theft or fraud,Closed with explanation,Yes
6412506,Web,2023-01-09,2023-01-09,0,IL,Checking or savings account,Checking account,Closing an account,Funds not received from closed account,Closed with explanation,Yes
6412490,Web,2023-01-09,2023-01-09,0,CA,Checking or savings account,Checking account,Managing an account,Problem using a debit or ATM card,Closed with explanation,Yes
6415594,Web,2023-01-09,2023-01-09,0,FL,"Credit reporting, credit repair services, or other personal consumer reports",Credit reporting,Incorrect information on your report,Account status incorrect,Closed with explanation,Yes
6415843,Web,2023-01-09,2023-01-09,0,GA,"Credit reporting, credit repair services, or other personal consumer reports",Credit reporting,Problem with a credit reporting company's investigation into an existing problem,Difficulty submitting a dispute or getting information about a dispute over the phone,Closed with explanation,Yes
6414991,Web,2023-01-09,2023-01-09,0,CA,Checking or savings account,Checking account,Managing an account,Problem using a debit or ATM card,Closed with explanation,Yes
6415625,Phone,2023-01-09,2023-01-09,0,CA,Credit card or prepaid card,General-purpose credit card or charge card,Problem with a purchase shown on your statement,Card was charged for something you did not purchase with the card,Closed with monetary relief,Yes
6414710,Web,2023-01-09,2023-01-09,0,CA,Credit card or prepaid card,General-purpose credit card or charge card,Problem when making payments,Problem during payment process,Closed with monetary relief,Yes
6416400,Web,2023-01-09,2023-01-09,0,CA,Credit card or prepaid card,General-purpose credit card or charge card,Problem when making payments,Problem during payment process,Closed with non-monetary relief,Yes
6415981,Phone,2023-01-09,2023-01-09,0,CA,Checking or savings account,Checking account,Opening an account,Account opened as a result of fraud,Closed with monetary relief,Yes
6412194,Web,2023-01-09,2023-01-09,0,MO,Checking or savings account,Checking account,Managing an account,Deposits and withdrawals,Closed with explanation,Yes
6416214,Web,2023-01-09,2023-01-09,0,PA,Checking or savings account,Savings account,Opening an account,Account opened as a result of fraud,Closed with explanation,No
6415096,Web,2023-01-09,2023-01-09,0,MO,Credit card or prepaid card,General-purpose credit card or charge card,Getting a credit card,Card opened as result of identity theft or fraud,Closed with non-monetary relief,Yes
6415798,Web,2023-01-09,2023-01-30,21,CA,Checking or savings account,Checking account,Managing an account,Banking errors,Closed with monetary relief,Yes
6416262,Web,2023-01-09,2023-01-09,0,FL,Credit card or prepaid card,General-purpose credit card or charge card,Problem with a purchase shown on your statement,Card was charged for something you did not purchase with the card,Closed with monetary relief,Yes
6417107,Web,2023-01-09,2023-01-09,0,PA,"Credit reporting, credit repair services, or other personal consumer reports",Credit reporting,Incorrect information on your report,Account status incorrect,Closed with explanation,Yes
6416644,Web,2023-01-09,2023-01-09,0,FL,Mortgage,Conventional home mortgage,Trouble during payment process,NA,Closed with explanation,Yes
6415571,Phone,2023-01-09,2023-01-09,0,TX,Checking or savings account,Checking account,Managing an account,Deposits and withdrawals,Closed with explanation,Yes
6415841,Web,2023-01-09,2023-01-09,0,CT,Checking or savings account,Checking account,Closing an account,Company closed your account,Closed with explanation,Yes
6412642,Web,2023-01-09,2023-01-09,0,VA,Checking or savings account,Savings account,Closing an account,Can't close your account,Closed with non-monetary relief,Yes
6415833,Referral,2023-01-09,2023-01-09,0,TX,"Money transfer, virtual currency, or money service",International money transfer,Other service problem,NA,Closed with monetary relief,Yes
6412580,Web,2023-01-09,2023-01-09,0,NY,Checking or savings account,Checking account,Managing an account,Deposits and withdrawals,Closed with monetary relief,Yes
6417326,Web,2023-01-09,2023-01-09,0,MI,Mortgage,Home equity loan or line of credit (HELOC),Improper use of your report,Credit inquiries on your report that you don't recognize,Closed with non-monetary relief,Yes
6416462,Web,2023-01-09,2023-01-09,0,VA,Credit card or prepaid card,General-purpose credit card or charge card,Getting a credit card,Card opened as result of identity theft or fraud,Closed with non-monetary relief,Yes
6415802,Web,2023-01-09,2023-01-09,0,VT,Checking or savings account,Checking account,Managing an account,Funds not handled or disbursed as instructed,Closed with explanation,Yes
6414605,Web,2023-01-09,2023-01-09,0,VA,Vehicle loan or lease,Loan,Getting a loan or lease,Credit denial,Closed with explanation,Yes
6421428,Web,2023-01-10,2023-01-10,0,CA,"Credit reporting, credit repair services, or other personal consumer reports",Credit reporting,Improper use of your report,Credit inquiries on your report that you don't recognize,Closed with explanation,No
6415231,Web,2023-01-10,2023-01-10,0,CA,"Credit reporting, credit repair services, or other personal consumer reports",Credit reporting,Improper use of your report,Credit inquiries on your report that you don't recognize,Closed with explanation,Yes
6421231,Web,2023-01-10,2023-01-10,0,PA,Credit card or prepaid card,General-purpose credit card or charge card,Getting a credit card,Card opened as result of identity theft or fraud,Closed with explanation,No
6421371,Web,2023-01-10,2023-01-10,0,CA,Checking or savings account,Checking account,Problem with a lender or other company charging your account,Transaction was not authorized,Closed with explanation,Yes
6413687,Web,2023-01-10,2023-01-10,0,TX,"Money transfer, virtual currency, or money service",Traveler's check or cashier's check,Unexpected or other fees,NA,Closed with monetary relief,Yes
6422478,Web,2023-01-10,2023-01-10,0,IL,Checking or savings account,Savings account,Opening an account,Account opened as a result of fraud,Closed with explanation,Yes
6420547,Web,2023-01-10,2023-01-10,0,CA,Checking or savings account,Checking account,Problem with a lender or other company charging your account,Transaction was not authorized,Closed with explanation,Yes
6427745,Referral,2023-01-10,2023-01-11,1,SC,Checking or savings account,Checking account,Managing an account,Deposits and withdrawals,Closed with explanation,Yes
6420985,Web,2023-01-10,2023-01-10,0,CA,Checking or savings account,Checking account,Managing an account,Problem accessing account,Closed with explanation,Yes
6422464,Web,2023-01-10,2023-01-10,0,TX,Checking or savings account,Checking account,Closing an account,Company closed your account,Closed with explanation,Yes
6422746,Web,2023-01-10,2023-01-10,0,CA,Credit card or prepaid card,Government benefit card,Unexpected or other fees,NA,Closed with explanation,Yes
6414798,Phone,2023-01-10,2023-01-13,3,CA,Checking or savings account,Other banking product or service,Managing an account,Banking errors,Closed with monetary relief,Yes
6421266,Web,2023-01-10,2023-01-10,0,FL,"Credit reporting, credit repair services, or other personal consumer reports",Credit reporting,Problem with a credit reporting company's investigation into an existing problem,Was not notified of investigation status or results,Closed with explanation,Yes
6422189,Web,2023-01-10,2023-01-10,0,CA,"Credit reporting, credit repair services, or other personal consumer reports",Credit reporting,Improper use of your report,Credit inquiries on your report that you don't recognize,Closed with explanation,No
6422375,Web,2023-01-10,2023-01-10,0,NY,"Money transfer, virtual currency, or money service",International money transfer,Money was not available when promised,NA,Closed with explanation,Yes
6421440,Web,2023-01-10,2023-01-10,0,NC,Credit card or prepaid card,General-purpose credit card or charge card,Getting a credit card,Card opened as result of identity theft or fraud,Closed with explanation,Yes
6422696,Web,2023-01-10,2023-01-10,0,GA,"Credit reporting, credit repair services, or other personal consumer reports",Credit reporting,Improper use of your report,Credit inquiries on your report that you don't recognize,Closed with non-monetary relief,Yes
6420936,Web,2023-01-10,2023-01-10,0,VA,Credit card or prepaid card,General-purpose credit card or charge card,Problem when making payments,Problem during payment process,Closed with explanation,Yes
6421688,Web,2023-01-10,2023-01-10,0,TX,Checking or savings account,Other banking product or service,Managing an account,Deposits and withdrawals,Closed with explanation,Yes
6422955,Web,2023-01-10,2023-01-10,0,GA,Credit card or prepaid card,General-purpose credit card or charge card,"Other features, terms, or problems",Other problem,Closed with monetary relief,Yes
6414539,Web,2023-01-10,2023-01-10,0,CA,"Credit reporting, credit repair services, or other personal consumer reports",Credit reporting,Credit monitoring or identity theft protection services,Billing dispute for services,Closed with explanation,Yes
6422942,Web,2023-01-10,2023-01-10,0,IL,"Credit reporting, credit repair services, or other personal consumer reports",Credit reporting,Improper use of your report,Credit inquiries on your report that you don't recognize,Closed with explanation,Yes
6423054,Web,2023-01-10,2023-01-10,0,TX,Checking or savings account,Checking account,Managing an account,Deposits and withdrawals,Closed with explanation,Yes
6421409,Web,2023-01-10,2023-01-10,0,SC,Checking or savings account,Checking account,Closing an account,Company closed your account,Closed with monetary relief,Yes
6414566,Web,2023-01-10,2023-01-10,0,OK,Checking or savings account,Savings account,Managing an account,Problem making or receiving payments,Closed with explanation,Yes
6421645,Web,2023-01-10,2023-01-10,0,CA,Checking or savings account,Checking account,Managing an account,Cashing a check,Closed with explanation,Yes
6427749,Referral,2023-01-10,2023-01-11,1,VA,Mortgage,Home equity loan or line of credit (HELOC),Applying for a mortgage or refinancing an existing mortgage,NA,Closed with explanation,Yes
6422886,Web,2023-01-10,2023-01-10,0,FL,"Credit reporting, credit repair services, or other personal consumer reports",Credit reporting,Incorrect information on your report,Information belongs to someone else,Closed with explanation,Yes
6422518,Web,2023-01-10,2023-01-10,0,RI,Checking or savings account,Checking account,Managing an account,Deposits and withdrawals,Closed with monetary relief,No
6424380,Web,2023-01-10,2023-01-10,0,TX,"Credit reporting, credit repair services, or other personal consumer reports",Credit reporting,Improper use of your report,Reporting company used your report improperly,Closed with explanation,Yes
6423024,Web,2023-01-10,2023-01-10,0,MD,Checking or savings account,Other banking product or service,Managing an account,Problem making or receiving payments,Closed with explanation,Yes
6423464,Phone,2023-01-10,2023-01-13,3,NY,Credit card or prepaid card,General-purpose credit card or charge card,Problem with a purchase shown on your statement,Credit card company isn't resolving a dispute about a purchase on your statement,Closed with explanation,Yes
6422602,Web,2023-01-10,2023-01-10,0,FL,"Credit reporting, credit repair services, or other personal consumer reports",Credit reporting,Improper use of your report,Credit inquiries on your report that you don't recognize,Closed with non-monetary relief,Yes
6421467,Web,2023-01-10,2023-01-10,0,CA,Checking or savings account,Savings account,Closing an account,Can't close your account,Closed with explanation,Yes
6420966,Web,2023-01-10,2023-01-10,0,CA,Credit card or prepaid card,General-purpose credit card or charge card,Getting a credit card,Card opened as result of identity theft or fraud,Closed with non-monetary relief,Yes
6413742,Web,2023-01-10,2023-01-10,0,MI,Mortgage,Conventional home mortgage,Struggling to pay mortgage,NA,Closed with explanation,Yes
6414284,Web,2023-01-10,2023-01-10,0,NY,Credit card or prepaid card,General-purpose prepaid card,Trouble using the card,Trouble using the card to spend money in a store or online,Closed with explanation,Yes
6422953,Web,2023-01-10,2023-01-10,0,NY,Credit card or prepaid card,General-purpose credit card or charge card,Fees or interest,Charged too much interest,Closed with monetary relief,Yes
6421757,Web,2023-01-10,2023-01-10,0,NY,"Credit reporting, credit repair services, or other personal consumer reports",Credit reporting,Incorrect information on your report,Account status incorrect,Closed with monetary relief,Yes
6422654,Web,2023-01-10,2023-01-10,0,MD,Checking or savings account,Other banking product or service,Managing an account,Problem making or receiving payments,Closed with explanation,Yes
6420990,Web,2023-01-10,2023-01-10,0,FL,Checking or savings account,Checking account,Managing an account,Problem making or receiving payments,Closed with explanation,Yes
6421324,Web,2023-01-10,2023-01-10,0,CA,"Credit reporting, credit repair services, or other personal consumer reports",Credit reporting,Improper use of your report,Credit inquiries on your report that you don't recognize,Closed with non-monetary relief,Yes
6426134,Referral,2023-01-10,2023-01-11,1,NC,Mortgage,Conventional home mortgage,Trouble during payment process,NA,Closed with explanation,Yes
6421979,Web,2023-01-10,2023-01-10,0,NV,"Money transfer, virtual currency, or money service",Virtual currency,Fraud or scam,NA,Closed with explanation,Yes
6422775,Web,2023-01-10,2023-01-10,0,NJ,"Credit reporting, credit repair services, or other personal consumer reports",Credit reporting,Incorrect information on your report,Account information incorrect,Closed with explanation,Yes
6426807,Referral,2023-01-10,2023-01-11,1,LA,Checking or savings account,Checking account,Managing an account,Banking errors,Closed with explanation,Yes
6420799,Phone,2023-01-10,2023-01-10,0,TX,Mortgage,Home equity loan or line of credit (HELOC),Trouble during payment process,NA,Closed with explanation,Yes
6421244,Web,2023-01-10,2023-01-10,0,TN,Checking or savings account,Checking account,Managing an account,Funds not handled or disbursed as instructed,Closed with explanation,Yes
6427471,Web,2023-01-11,2023-01-11,0,MN,Credit card or prepaid card,General-purpose credit card or charge card,"Other features, terms, or problems",Other problem,Closed with monetary relief,Yes
6426685,Referral,2023-01-11,2023-01-11,0,IL,Credit card or prepaid card,General-purpose credit card or charge card,Problem with a purchase shown on your statement,Card was charged for something you did not purchase with the card,Closed with explanation,No
6426263,Web,2023-01-11,2023-01-11,0,GA,Mortgage,VA mortgage,Closing on a mortgage,NA,Closed with explanation,Yes
6419785,Web,2023-01-11,2023-01-11,0,NV,Credit card or prepaid card,General-purpose credit card or charge card,Problem with a purchase shown on your statement,Card was charged for something you did not purchase with the card,Closed with explanation,Yes
6427145,Web,2023-01-11,2023-01-11,0,NY,Checking or savings account,Savings account,Problem caused by your funds being low,Non-sufficient funds and associated fees,Closed with monetary relief,Yes
6427233,Web Referral,2023-01-11,2023-01-11,0,CT,Checking or savings account,Checking account,Managing an account,Cashing a check,Closed with monetary relief,Yes
6427462,Web,2023-01-11,2023-01-11,0,TX,Checking or savings account,Checking account,Problem with a lender or other company charging your account,Transaction was not authorized,Closed with explanation,Yes
6426163,Web,2023-01-11,2023-01-11,0,CO,Checking or savings account,Checking account,Managing an account,Cashing a check,Closed with explanation,Yes
6419425,Web,2023-01-11,2023-01-11,0,CA,Debt collection,Credit card debt,Written notification about debt,Didn't receive enough information to verify debt,Closed with explanation,No
6427653,Web,2023-01-11,2023-01-11,0,SC,Checking or savings account,Checking account,Opening an account,Account opened as a result of fraud,Closed with non-monetary relief,Yes
6425948,Web,2023-01-11,2023-01-11,0,IL,Checking or savings account,Checking account,Managing an account,Deposits and withdrawals,Closed with explanation,Yes
6419156,Web,2023-01-11,2023-01-11,0,CA,"Credit reporting, credit repair services, or other personal consumer reports",Credit reporting,Credit monitoring or identity theft protection services,Problem with product or service terms changing,Closed with non-monetary relief,Yes
6426561,Web,2023-01-11,2023-01-11,0,GA,"Credit reporting, credit repair services, or other personal consumer reports",Credit reporting,Improper use of your report,Reporting company used your report improperly,Closed with explanation,No
6420842,Web,2023-01-11,2023-01-11,0,VA,"Credit reporting, credit repair services, or other personal consumer reports",Credit reporting,Improper use of your report,Received unsolicited financial product or insurance offers after opting out,Closed with explanation,Yes
6426052,Phone,2023-01-11,2023-01-11,0,IL,Mortgage,Home equity loan or line of credit (HELOC),Closing on a mortgage,NA,Closed with explanation,Yes
6427562,Web,2023-01-11,2023-01-11,0,CA,Checking or savings account,Checking account,Managing an account,Problem using a debit or ATM card,Closed with monetary relief,No
6426654,Web,2023-01-11,2023-01-11,0,CA,Checking or savings account,Savings account,Managing an account,Problem accessing account,Closed with explanation,No
6423273,Web,2023-01-11,2023-01-13,2,PA,Debt collection,Credit card debt,False statements or representation,Attempted to collect wrong amount,Closed with explanation,Yes
6426297,Web,2023-01-11,2023-01-11,0,MA,"Credit reporting, credit repair services, or other personal consumer reports",Credit reporting,Problem with a credit reporting company's investigation into an existing problem,Their investigation did not fix an error on your report,Closed with explanation,No
6428298,Web,2023-01-11,2023-02-01,21,MA,Credit card or prepaid card,General-purpose credit card or charge card,Credit monitoring or identity theft protection services,Problem canceling credit monitoring or identify theft protection service,Closed with explanation,Yes
6427324,Web,2023-01-11,2023-01-11,0,TX,Debt collection,Credit card debt,Written notification about debt,Didn't receive notice of right to dispute,Closed with monetary relief,Yes
6419908,Web,2023-01-11,2023-01-11,0,FL,Checking or savings account,Checking account,Problem with a lender or other company charging your account,Transaction was not authorized,Closed with monetary relief,Yes
6419386,Web,2023-01-11,2023-01-11,0,NJ,Credit card or prepaid card,General-purpose credit card or charge card,Problem when making payments,Problem during payment process,Closed with explanation,Yes
6426935,Web,2023-01-11,2023-01-11,0,OR,Credit card or prepaid card,General-purpose credit card or charge card,Problem when making payments,Problem during payment process,Closed with monetary relief,No
6427688,Phone,2023-01-11,2023-01-11,0,NY,Checking or savings account,Checking account,Closing an account,Funds not received from closed account,Closed with explanation,No
6425844,Web,2023-01-11,2023-01-11,0,CA,Credit card or prepaid card,Government benefit card,Problem with a purchase or transfer,Card company isn't resolving a dispute about a purchase or transfer,Closed with monetary relief,No
6427808,Web,2023-01-11,2023-01-11,0,CA,Checking or savings account,Checking account,Managing an account,Funds not handled or disbursed as instructed,Closed with monetary relief,Yes
6419512,Web,2023-01-11,2023-01-11,0,NJ,Checking or savings account,Checking account,Opening an account,Account opened as a result of fraud,Closed with monetary relief,Yes
6426319,Web,2023-01-11,2023-01-11,0,CA,Debt collection,I do not know,Attempts to collect debt not owed,Debt is not yours,Closed with explanation,Yes
6426677,Web,2023-01-11,2023-01-11,0,NC,Checking or savings account,Checking account,Opening an account,Unable to open an account,Closed with explanation,No
6426362,Web,2023-01-11,2023-01-11,0,CA,Credit card or prepaid card,General-purpose credit card or charge card,Closing your account,Company closed your account,Closed with explanation,Yes
6420354,Web,2023-01-11,2023-01-11,0,MA,Debt collection,Credit card debt,Attempts to collect debt not owed,Debt is not yours,Closed with explanation,Yes
6428703,Web,2023-01-11,2023-01-27,16,AZ,"Money transfer, virtual currency, or money service",Refund anticipation check,Lost or stolen check,NA,Closed with explanation,Yes
6420360,Web,2023-01-11,2023-01-11,0,MA,Debt collection,Credit card debt,Attempts to collect debt not owed,Debt is not yours,Closed with explanation,Yes
6426164,Web,2023-01-11,2023-01-11,0,PA,"Credit reporting, credit repair services, or other personal consumer reports",Credit reporting,Incorrect information on your report,Account information incorrect,Closed with non-monetary relief,No
6427148,Web,2023-01-11,2023-01-11,0,NY,"Money transfer, virtual currency, or money service",Domestic (US) money transfer,Fraud or scam,NA,Closed with explanation,No
6428904,Referral,2023-01-11,2023-01-12,1,MA,Checking or savings account,Checking account,Managing an account,Problem using a debit or ATM card,Closed with monetary relief,No
6426303,Web,2023-01-11,2023-01-11,0,CA,Debt collection,I do not know,Attempts to collect debt not owed,Debt is not yours,Closed with explanation,Yes
6427706,Web,2023-01-11,2023-01-11,0,GA,Checking or savings account,Savings account,Problem with a lender or other company charging your account,Money was taken from your account on the wrong day or for the wrong amount,Closed with monetary relief,Yes
6420856,Web,2023-01-11,2023-01-11,0,KS,Checking or savings account,Checking account,Closing an account,Funds not received from closed account,Closed with monetary relief,Yes
6426681,Web,2023-01-11,2023-01-11,0,GA,"Credit reporting, credit repair services, or other personal consumer reports",Credit reporting,Improper use of your report,Reporting company used your report improperly,Closed with explanation,Yes
6420336,Web,2023-01-11,2023-01-11,0,FL,Checking or savings account,Checking account,Managing an account,Deposits and withdrawals,Closed with monetary relief,Yes
6427421,Web,2023-01-11,2023-01-11,0,OK,Credit card or prepaid card,General-purpose credit card or charge card,Fees or interest,Problem with fees,Closed with monetary relief,Yes
6426295,Web,2023-01-11,2023-01-11,0,TX,Checking or savings account,Checking account,Closing an account,Company closed your account,Closed with explanation,Yes
6419858,Web,2023-01-11,2023-01-11,0,OR,Checking or savings account,Checking account,Managing an account,Deposits and withdrawals,Closed with explanation,Yes
6428280,Web,2023-01-11,2023-01-11,0,NV,Debt collection,Credit card debt,Attempts to collect debt not owed,Debt is not yours,Closed with explanation,Yes
6428307,Web,2023-01-11,2023-01-11,0,MD,Debt collection,Credit card debt,Written notification about debt,Didn't receive enough information to verify debt,Closed with explanation,Yes
6427329,Web,2023-01-11,2023-01-11,0,OH,Checking or savings account,Checking account,Managing an account,Cashing a check,Closed with explanation,No
6425907,Web,2023-01-11,2023-01-11,0,CT,Credit card or prepaid card,General-purpose credit card or charge card,"Other features, terms, or problems",Problem with balance transfer,Closed with monetary relief,Yes
6435077,Referral,2023-01-12,2023-01-13,1,CA,Credit card or prepaid card,General-purpose credit card or charge card,Problem with a credit reporting company's investigation into an existing problem,Their investigation did not fix an error on your report,Closed with explanation,Yes
6431580,Web,2023-01-12,2023-01-12,0,CT,Checking or savings account,Checking account,Opening an account,Account opened as a result of fraud,Closed with explanation,Yes
6425621,Web,2023-01-12,2023-01-12,0,CA,Credit card or prepaid card,Government benefit card,Problem with a purchase or transfer,Card company isn't resolving a dispute about a purchase or transfer,Closed with explanation,Yes
6431780,Web,2023-01-12,2023-01-12,0,VA,"Money transfer, virtual currency, or money service",Foreign currency exchange,Confusing or missing disclosures,NA,Closed with monetary relief,Yes
6425262,Web,2023-01-12,2023-01-12,0,FL,Checking or savings account,Checking account,Managing an account,Deposits and withdrawals,Closed with monetary relief,Yes
6425449,Web,2023-01-12,2023-01-12,0,FL,Checking or savings account,Checking account,Managing an account,Problem using a debit or ATM card,Closed with explanation,Yes
6424724,Web,2023-01-12,2023-01-12,0,IL,"Credit reporting, credit repair services, or other personal consumer reports",Credit reporting,Incorrect information on your report,Account status incorrect,Closed with explanation,No
6424986,Web,2023-01-12,2023-01-12,0,IL,"Credit reporting, credit repair services, or other personal consumer reports",Credit reporting,Incorrect information on your report,Account status incorrect,Closed with explanation,No
6432933,Web,2023-01-12,2023-01-12,0,MD,"Money transfer, virtual currency, or money service",Refund anticipation check,Lost or stolen check,NA,Closed with explanation,Yes
6431413,Web,2023-01-12,2023-01-12,0,AL,Debt collection,I do not know,Attempts to collect debt not owed,Debt was paid,Closed with explanation,Yes
6431906,Web,2023-01-12,2023-01-12,0,CA,"Credit reporting, credit repair services, or other personal consumer reports",Credit reporting,Improper use of your report,Credit inquiries on your report that you don't recognize,Closed with explanation,Yes
6424838,Web,2023-01-12,2023-01-12,0,OR,Credit card or prepaid card,General-purpose credit card or charge card,"Advertising and marketing, including promotional offers",Didn't receive advertised or promotional terms,Closed with non-monetary relief,Yes
6431373,Web,2023-01-12,2023-01-12,0,NJ,Checking or savings account,Checking account,Managing an account,Fee problem,Closed with monetary relief,Yes
6432133,Web,2023-01-12,2023-01-12,0,IA,Checking or savings account,Checking account,Opening an account,Account opened as a result of fraud,Closed with non-monetary relief,Yes
6431782,Web,2023-01-12,2023-01-12,0,MA,"Money transfer, virtual currency, or money service",International money transfer,Fraud or scam,NA,Closed with explanation,Yes
6431563,Web,2023-01-12,2023-01-12,0,DE,"Credit reporting, credit repair services, or other personal consumer reports",Credit reporting,Incorrect information on your report,Information belongs to someone else,Closed with non-monetary relief,Yes
6431677,Postal mail,2023-01-12,2023-01-12,0,NY,"Money transfer, virtual currency, or money service",Domestic (US) money transfer,Other transaction problem,NA,Closed with explanation,Yes
6425130,Web,2023-01-12,2023-01-12,0,CA,Checking or savings account,Savings account,Managing an account,Deposits and withdrawals,Closed with explanation,No
6425424,Web,2023-01-12,2023-01-12,0,NC,"Credit reporting, credit repair services, or other personal consumer reports",Credit reporting,Improper use of your report,Credit inquiries on your report that you don't recognize,Closed with explanation,Yes
6431916,Phone,2023-01-12,2023-01-24,12,FL,Credit card or prepaid card,General-purpose credit card or charge card,Fees or interest,Problem with fees,Closed with monetary relief,Yes
6430853,Web,2023-01-12,2023-01-12,0,CA,Checking or savings account,Other banking product or service,Closing an account,Funds not received from closed account,Closed with explanation,Yes
6424959,Web,2023-01-12,2023-01-12,0,CA,Credit card or prepaid card,General-purpose credit card or charge card,Problem with a purchase shown on your statement,Card was charged for something you did not purchase with the card,Closed with explanation,Yes
6431487,Web,2023-01-12,2023-01-12,0,GA,Credit card or prepaid card,General-purpose credit card or charge card,"Other features, terms, or problems",Privacy issues,Closed with explanation,Yes
6431848,Web,2023-01-12,2023-01-12,0,IL,Checking or savings account,Checking account,Managing an account,Deposits and withdrawals,Closed with monetary relief,Yes
6430893,Web,2023-01-12,2023-01-12,0,SC,"Money transfer, virtual currency, or money service",Domestic (US) money transfer,Fraud or scam,NA,Closed with explanation,Yes
6431512,Web,2023-01-12,2023-01-12,0,AZ,Checking or savings account,Checking account,Problem with a lender or other company charging your account,Transaction was not authorized,Closed with explanation,Yes
6431832,Referral,2023-01-12,2023-01-12,0,CA,Credit card or prepaid card,Government benefit card,Problem with a purchase or transfer,Charged for a purchase or transfer you did not make with the card,Closed with explanation,Yes
6431809,Web,2023-01-12,2023-01-12,0,VA,Credit card or prepaid card,General-purpose credit card or charge card,"Other features, terms, or problems",Privacy issues,Closed with explanation,Yes
6435083,Referral,2023-01-12,2023-01-13,1,CA,"Credit reporting, credit repair services, or other personal consumer reports",Credit reporting,Problem with a credit reporting company's investigation into an existing problem,Their investigation did not fix an error on your report,Closed with explanation,Yes
6431330,Web,2023-01-12,2023-01-12,0,AL,"Credit reporting, credit repair services, or other personal consumer reports",Credit reporting,Improper use of your report,Credit inquiries on your report that you don't recognize,Closed with non-monetary relief,Yes
6425501,Web,2023-01-12,2023-01-12,0,SC,"Credit reporting, credit repair services, or other personal consumer reports",Credit reporting,Improper use of your report,Reporting company used your report improperly,Closed with explanation,Yes
6431779,Referral,2023-01-12,2023-01-12,0,OH,Credit card or prepaid card,General-purpose credit card or charge card,Problem with a purchase shown on your statement,Credit card company isn't resolving a dispute about a purchase on your statement,Closed with explanation,Yes
6431818,Postal mail,2023-01-12,2023-01-12,0,VA,Checking or savings account,CD (Certificate of Deposit),Managing an account,Banking errors,Closed with explanation,No
6435075,Referral,2023-01-12,2023-01-13,1,NJ,Mortgage,Home equity loan or line of credit (HELOC),Trouble during payment process,NA,Closed with explanation,Yes
6424765,Web,2023-01-12,2023-01-12,0,NJ,Checking or savings account,Checking account,Managing an account,Problem using a debit or ATM card,Closed with monetary relief,Yes
6433086,Phone,2023-01-12,2023-01-12,0,VA,Mortgage,FHA mortgage,Closing on a mortgage,NA,Closed with explanation,Yes
6424746,Web,2023-01-12,2023-01-12,0,FL,Debt collection,I do not know,Took or threatened to take negative or legal action,Collected or attempted to collect exempt funds,Closed with monetary relief,Yes
6431224,Web,2023-01-12,2023-01-12,0,CA,Checking or savings account,Checking account,Problem with a lender or other company charging your account,Transaction was not authorized,Closed with explanation,Yes
6435073,Referral,2023-01-12,2023-01-13,1,OH,Credit card or prepaid card,General-purpose credit card or charge card,Problem with a purchase shown on your statement,Credit card company isn't resolving a dispute about a purchase on your statement,Closed with explanation,Yes
6431952,Phone,2023-01-12,2023-01-12,0,CA,Checking or savings account,Checking account,Managing an account,Deposits and withdrawals,Closed with explanation,Yes
6432453,Web,2023-01-12,2023-01-12,0,NC,"Credit reporting, credit repair services, or other personal consumer reports",Credit reporting,Incorrect information on your report,Information belongs to someone else,Closed with explanation,Yes
6431814,Referral,2023-01-12,2023-01-27,15,CA,"Money transfer, virtual currency, or money service",Domestic (US) money transfer,Other transaction problem,NA,Closed with monetary relief,Yes
6425486,Web,2023-01-12,2023-01-12,0,NY,Credit card or prepaid card,General-purpose credit card or charge card,Problem with a purchase shown on your statement,Credit card company isn't resolving a dispute about a purchase on your statement,Closed with explanation,Yes
6433178,Web,2023-01-12,2023-01-12,0,MA,Checking or savings account,Checking account,Closing an account,Company closed your account,Closed with explanation,Yes
6432466,Referral,2023-01-12,2023-01-12,0,WA,Checking or savings account,Checking account,Managing an account,Problem using a debit or ATM card,Closed with explanation,Yes
6431851,Web,2023-01-12,2023-01-12,0,PA,Checking or savings account,Checking account,Closing an account,Company closed your account,Closed with explanation,Yes
6440518,Web,2023-01-13,2023-01-13,0,IL,"Credit reporting, credit repair services, or other personal consumer reports",Credit reporting,Problem with fraud alerts or security freezes,NA,Closed with explanation,Yes
6430604,Web,2023-01-13,2023-01-13,0,CA,Checking or savings account,Checking account,Opening an account,Didn't receive terms that were advertised,Closed with explanation,Yes
6434172,Web,2023-01-13,2023-01-13,0,TX,Credit card or prepaid card,General-purpose credit card or charge card,Getting a credit card,Card opened as result of identity theft or fraud,Closed with non-monetary relief,Yes
6434068,Web,2023-01-13,2023-01-13,0,CA,Credit card or prepaid card,Government benefit card,Problem with a purchase or transfer,Card company isn't resolving a dispute about a purchase or transfer,Closed with explanation,Yes
6434082,Web,2023-01-13,2023-01-13,0,PA,Checking or savings account,Checking account,Managing an account,Funds not handled or disbursed as instructed,Closed with explanation,Yes
6440579,Web,2023-01-13,2023-01-13,0,MD,Credit card or prepaid card,General-purpose credit card or charge card,Problem with a purchase shown on your statement,Credit card company isn't resolving a dispute about a purchase on your statement,Closed with explanation,Yes
6435236,Web,2023-01-13,2023-01-13,0,CA,Credit card or prepaid card,General-purpose credit card or charge card,Problem with a purchase shown on your statement,Credit card company isn't resolving a dispute about a purchase on your statement,Closed with monetary relief,Yes
6434194,Web,2023-01-13,2023-01-13,0,MA,"Credit reporting, credit repair services, or other personal consumer reports",Other personal consumer report,Incorrect information on your report,Information is incorrect,Closed with explanation,No
6430477,Web,2023-01-13,2023-01-13,0,NY,Checking or savings account,Checking account,Closing an account,Company closed your account,Closed with explanation,No
6441608,Web,2023-01-13,2023-01-13,0,NJ,Credit card or prepaid card,General-purpose credit card or charge card,Problem with a purchase shown on your statement,Credit card company isn't resolving a dispute about a purchase on your statement,Closed with explanation,Yes
6440714,Web,2023-01-13,2023-01-13,0,MD,Checking or savings account,Checking account,Problem with a lender or other company charging your account,Transaction was not authorized,Closed with monetary relief,No
6430028,Web,2023-01-13,2023-01-13,0,IL,Checking or savings account,Checking account,Closing an account,Can't close your account,Closed with explanation,Yes
6440971,Web,2023-01-13,2023-01-13,0,VA,Credit card or prepaid card,General-purpose credit card or charge card,Trouble using your card,Credit card company won't increase or decrease your credit limit,Closed with explanation,No
6430547,Web,2023-01-13,2023-01-13,0,IN,"Credit reporting, credit repair services, or other personal consumer reports",Credit reporting,Incorrect information on your report,Account status incorrect,Closed with explanation,Yes
6433959,Web,2023-01-13,2023-01-13,0,NY,"Credit reporting, credit repair services, or other personal consumer reports",Credit reporting,Incorrect information on your report,Account information incorrect,Closed with monetary relief,Yes
6430167,Web,2023-01-13,2023-01-13,0,IL,Checking or savings account,Checking account,Problem with a lender or other company charging your account,Transaction was not authorized,Closed with explanation,Yes
6434496,Web,2023-01-13,2023-01-13,0,CA,Checking or savings account,Other banking product or service,Managing an account,Deposits and withdrawals,Closed with monetary relief,Yes
6430160,Web,2023-01-13,2023-01-13,0,CA,"Credit reporting, credit repair services, or other personal consumer reports",Credit reporting,Incorrect information on your report,Information belongs to someone else,Closed with explanation,Yes
6430454,Web,2023-01-13,2023-01-13,0,TX,Checking or savings account,Checking account,Managing an account,Deposits and withdrawals,Closed with explanation,Yes
6434593,Web,2023-01-13,2023-01-13,0,MD,Checking or savings account,Checking account,Managing an account,Problem accessing account,Closed with explanation,No
6441727,Web,2023-01-13,2023-01-13,0,NY,"Credit reporting, credit repair services, or other personal consumer reports",Credit reporting,Incorrect information on your report,Information belongs to someone else,Closed with explanation,Yes
6430731,Web,2023-01-13,2023-01-13,0,TX,Credit card or prepaid card,General-purpose credit card or charge card,Fees or interest,Charged too much interest,Closed with explanation,Yes
6434292,Web,2023-01-13,2023-01-13,0,MN,Credit card or prepaid card,General-purpose credit card or charge card,Improper use of your report,Reporting company used your report improperly,Closed with explanation,No
6430129,Web,2023-01-13,2023-01-13,0,NY,Credit card or prepaid card,General-purpose credit card or charge card,"Other features, terms, or problems",Other problem,Closed with explanation,Yes
6434892,Web,2023-01-13,2023-01-13,0,MD,Checking or savings account,Other banking product or service,Opening an account,Account opened as a result of fraud,Closed with explanation,Yes
6435211,Web,2023-01-13,2023-01-13,0,IL,Checking or savings account,Checking account,Problem with a lender or other company charging your account,Transaction was not authorized,Closed with explanation,Yes
6430284,Web,2023-01-13,2023-01-13,0,OR,Credit card or prepaid card,General-purpose credit card or charge card,Incorrect information on your report,Account status incorrect,Closed with explanation,Yes
6435051,Phone,2023-01-13,2023-01-13,0,TX,Checking or savings account,Checking account,Managing an account,Cashing a check,Closed with monetary relief,Yes
6429965,Web,2023-01-13,2023-01-13,0,GA,"Credit reporting, credit repair services, or other personal consumer reports",Credit reporting,Improper use of your report,Reporting company used your report improperly,Closed with explanation,Yes
6436159,Web,2023-01-13,2023-01-25,12,NY,"Money transfer, virtual currency, or money service",Mobile or digital wallet,Fraud or scam,NA,Closed with explanation,Yes
6430643,Web,2023-01-13,2023-01-13,0,MN,"Credit reporting, credit repair services, or other personal consumer reports",Credit reporting,Improper use of your report,Credit inquiries on your report that you don't recognize,Closed with explanation,Yes
6454380,Referral,2023-01-13,2023-01-18,5,FL,Mortgage,Conventional home mortgage,Trouble during payment process,NA,Closed with explanation,Yes
6430609,Web,2023-01-13,2023-01-13,0,MN,"Credit reporting, credit repair services, or other personal consumer reports",Credit reporting,Improper use of your report,Credit inquiries on your report that you don't recognize,Closed with explanation,Yes
6434386,Web,2023-01-13,2023-01-13,0,CA,"Credit reporting, credit repair services, or other personal consumer reports",Credit reporting,Credit monitoring or identity theft protection services,Problem canceling credit monitoring or identify theft protection service,Closed with explanation,Yes
6430256,Web,2023-01-13,2023-01-13,0,CA,"Credit reporting, credit repair services, or other personal consumer reports",Credit reporting,Problem with a credit reporting company's investigation into an existing problem,Their investigation did not fix an error on your report,Closed with non-monetary relief,Yes
6437244,Web,2023-01-13,2023-01-26,13,CA,Checking or savings account,Checking account,Managing an account,Problem using a debit or ATM card,Closed with explanation,Yes
6437010,Phone,2023-01-13,2023-01-16,3,NC,Checking or savings account,Checking account,Managing an account,Cashing a check,Closed with explanation,Yes
6430764,Phone,2023-01-13,2023-02-15,33,CA,Mortgage,Conventional home mortgage,Trouble during payment process,NA,Closed with explanation,Yes
6449804,Web Referral,2023-01-13,2023-01-17,4,CT,Checking or savings account,Checking account,Problem with a lender or other company charging your account,Transaction was not authorized,Closed with monetary relief,Yes
6434850,Web,2023-01-13,2023-01-13,0,CA,Checking or savings account,Checking account,Managing an account,Problem accessing account,Closed with explanation,Yes
6434735,Web,2023-01-13,2023-01-13,0,NY,Checking or savings account,Checking account,Problem with a lender or other company charging your account,Transaction was not authorized,Closed with explanation,Yes
6441539,Web,2023-01-13,2023-01-13,0,FL,Debt collection,Credit card debt,Attempts to collect debt not owed,Debt was result of identity theft,Closed with explanation,Yes
6441556,Web,2023-01-13,2023-01-13,0,FL,"Credit reporting, credit repair services, or other personal consumer reports",Credit reporting,Problem with a credit reporting company's investigation into an existing problem,Their investigation did not fix an error on your report,Closed with monetary relief,Yes
6434447,Web,2023-01-13,2023-01-13,0,CA,"Credit reporting, credit repair services, or other personal consumer reports",Credit reporting,Improper use of your report,Credit inquiries on your report that you don't recognize,Closed with non-monetary relief,Yes
6434662,Web,2023-01-13,2023-01-13,0,MD,"Credit reporting, credit repair services, or other personal consumer reports",Credit reporting,Incorrect information on your report,Old information reappears or never goes away,Closed with explanation,Yes
6449313,Referral,2023-01-13,2023-01-27,14,CA,Checking or savings account,Checking account,Managing an account,Deposits and withdrawals,Closed with monetary relief,Yes
6438721,Web,2023-01-13,2023-01-13,0,AL,"Credit reporting, credit repair services, or other personal consumer reports",Credit reporting,Incorrect information on your report,Information belongs to someone else,Closed with explanation,Yes
6441665,Web,2023-01-13,2023-01-13,0,TX,Checking or savings account,Checking account,Managing an account,Problem using a debit or ATM card,Closed with monetary relief,Yes
6440871,Web,2023-01-13,2023-01-13,0,IL,Checking or savings account,Checking account,Managing an account,Problem using a debit or ATM card,Closed with monetary relief,Yes
6435060,Web,2023-01-13,2023-01-13,0,IL,Checking or savings account,Savings account,Managing an account,Fee problem,Closed with monetary relief,Yes
6434392,Phone,2023-01-13,2023-01-13,0,CA,Credit card or prepaid card,General-purpose credit card or charge card,Problem when making payments,Problem during payment process,Closed with explanation,Yes
6434319,Web,2023-01-13,2023-01-13,0,WA,Checking or savings account,Checking account,Managing an account,Funds not handled or disbursed as instructed,Closed with explanation,Yes
6440870,Web,2023-01-13,2023-01-13,0,MO,Checking or savings account,Checking account,Opening an account,Unable to open an account,Closed with explanation,No
6434086,Web,2023-01-13,2023-01-13,0,SC,Checking or savings account,Checking account,Opening an account,Account opened as a result of fraud,Closed with explanation,Yes
6434290,Web,2023-01-13,2023-01-13,0,VA,Checking or savings account,Checking account,Problem with a lender or other company charging your account,Transaction was not authorized,Closed with explanation,Yes
6434709,Web,2023-01-13,2023-01-13,0,FL,"Credit reporting, credit repair services, or other personal consumer reports",Credit reporting,Problem with a credit reporting company's investigation into an existing problem,Their investigation did not fix an error on your report,Closed with monetary relief,Yes
6434856,Web,2023-01-13,2023-01-13,0,AZ,Checking or savings account,Checking account,Managing an account,Banking errors,Closed with explanation,Yes
6440725,Web,2023-01-13,2023-01-13,0,NY,"Credit reporting, credit repair services, or other personal consumer reports",Credit reporting,Improper use of your report,Reporting company used your report improperly,Closed with explanation,Yes
6434112,Web,2023-01-13,2023-01-13,0,IL,Checking or savings account,Checking account,Opening an account,Account opened as a result of fraud,Closed with explanation,Yes
6448947,Referral,2023-01-13,2023-01-17,4,CA,Credit card or prepaid card,General-purpose credit card or charge card,Problem with a purchase shown on your statement,Credit card company isn't resolving a dispute about a purchase on your statement,Closed with monetary relief,Yes
6434451,Web,2023-01-13,2023-01-13,0,NY,Mortgage,Conventional home mortgage,Closing on a mortgage,NA,Closed with explanation,Yes
6448459,Referral,2023-01-13,2023-01-17,4,OH,Checking or savings account,Checking account,Managing an account,Funds not handled or disbursed as instructed,Closed with explanation,Yes
6434047,Web,2023-01-13,2023-01-13,0,CT,Checking or savings account,Checking account,Problem with a lender or other company charging your account,Transaction was not authorized,Closed with monetary relief,Yes
6433697,Web,2023-01-14,2023-01-14,0,FL,"Credit reporting, credit repair services, or other personal consumer reports",Credit reporting,Incorrect information on your report,Information belongs to someone else,Closed with explanation,Yes
6438274,Web,2023-01-14,2023-01-14,0,MI,Checking or savings account,Checking account,Opening an account,Account opened as a result of fraud,Closed with explanation,Yes
6436046,Web,2023-01-14,2023-01-14,0,MI,Checking or savings account,Checking account,Opening an account,Account opened as a result of fraud,Closed with explanation,Yes
6435995,Web,2023-01-14,2023-01-14,0,CA,Credit card or prepaid card,Government benefit card,Problem with a purchase or transfer,Card company isn't resolving a dispute about a purchase or transfer,Closed with explanation,Yes
6435479,Web,2023-01-14,2023-01-14,0,PA,Checking or savings account,Checking account,Opening an account,Account opened as a result of fraud,Closed with non-monetary relief,Yes
6437908,Web,2023-01-14,2023-01-14,0,PA,Checking or savings account,Other banking product or service,Opening an account,Account opened as a result of fraud,Closed with explanation,Yes
6437805,Web,2023-01-14,2023-01-14,0,NJ,"Money transfer, virtual currency, or money service",Domestic (US) money transfer,Fraud or scam,NA,Closed with monetary relief,Yes
6435502,Web,2023-01-14,2023-01-14,0,GA,Checking or savings account,Checking account,Managing an account,Problem using a debit or ATM card,Closed with explanation,No
6438447,Web,2023-01-14,2023-01-14,0,CA,"Credit reporting, credit repair services, or other personal consumer reports",Credit reporting,Improper use of your report,Reporting company used your report improperly,Closed with explanation,Yes
6439708,Web,2023-01-14,2023-01-14,0,NV,"Credit reporting, credit repair services, or other personal consumer reports",Credit reporting,Problem with a credit reporting company's investigation into an existing problem,Their investigation did not fix an error on your report,Closed with explanation,Yes
6438144,Web,2023-01-14,2023-01-14,0,MI,Checking or savings account,Checking account,Opening an account,Account opened as a result of fraud,Closed with non-monetary relief,Yes
6437913,Web,2023-01-14,2023-01-14,0,CA,Checking or savings account,Checking account,Managing an account,Deposits and withdrawals,Closed with explanation,Yes
6437649,Web,2023-01-14,2023-01-14,0,NY,"Credit reporting, credit repair services, or other personal consumer reports",Credit reporting,Improper use of your report,Reporting company used your report improperly,Closed with explanation,Yes
6438438,Web,2023-01-14,2023-01-14,0,FL,Credit card or prepaid card,General-purpose credit card or charge card,Getting a credit card,Card opened as result of identity theft or fraud,Closed with explanation,Yes
6433698,Web,2023-01-14,2023-01-14,0,GA,Credit card or prepaid card,General-purpose credit card or charge card,Problem with a purchase shown on your statement,Credit card company isn't resolving a dispute about a purchase on your statement,Closed with explanation,Yes
6438323,Web,2023-01-14,2023-01-14,0,FL,"Money transfer, virtual currency, or money service",Refund anticipation check,Lost or stolen check,NA,Closed with explanation,Yes
6437782,Web,2023-01-14,2023-01-14,0,NY,Checking or savings account,Checking account,Closing an account,Funds not received from closed account,Closed with explanation,No
6438348,Web,2023-01-14,2023-01-14,0,FL,Checking or savings account,Checking account,Managing an account,Banking errors,Closed with explanation,Yes
6438204,Web,2023-01-14,2023-01-14,0,CA,Checking or savings account,Checking account,Managing an account,Deposits and withdrawals,Closed with explanation,Yes
6437730,Web,2023-01-14,2023-01-14,0,GA,"Money transfer, virtual currency, or money service",Check cashing service,Fraud or scam,NA,Closed with explanation,Yes
6436133,Web,2023-01-14,2023-01-14,0,PA,Checking or savings account,Checking account,Closing an account,Company closed your account,Closed with explanation,Yes
6438046,Web,2023-01-14,2023-01-14,0,KS,Credit card or prepaid card,General-purpose credit card or charge card,Trouble using your card,Credit card company won't increase or decrease your credit limit,Closed with non-monetary relief,Yes
6433617,Web,2023-01-14,2023-01-14,0,CA,Checking or savings account,Other banking product or service,Managing an account,Problem using a debit or ATM card,Closed with monetary relief,Yes
6439748,Web,2023-01-14,2023-01-14,0,CA,Student loan,Private student loan,Credit monitoring or identity theft protection services,Didn't receive services that were advertised,Closed with explanation,Yes
6438443,Web,2023-01-14,2023-01-14,0,FL,Checking or savings account,Checking account,Managing an account,Problem using a debit or ATM card,Closed with explanation,Yes
6434314,Web,2023-01-14,2023-01-14,0,FL,"Credit reporting, credit repair services, or other personal consumer reports",Credit reporting,Problem with a credit reporting company's investigation into an existing problem,Their investigation did not fix an error on your report,Closed with explanation,Yes
6435346,Web,2023-01-15,2023-01-15,0,MA,Credit card or prepaid card,General-purpose credit card or charge card,Getting a credit card,Card opened as result of identity theft or fraud,Closed with non-monetary relief,Yes
6440596,Web,2023-01-15,2023-01-15,0,CA,Credit card or prepaid card,Government benefit card,Problem getting a card or closing an account,Trouble closing card,Closed with explanation,Yes
6437315,Web,2023-01-15,2023-01-15,0,GA,Checking or savings account,Savings account,Opening an account,Account opened as a result of fraud,Closed with explanation,Yes
6437028,Web,2023-01-15,2023-01-15,0,CA,"Money transfer, virtual currency, or money service",Mobile or digital wallet,Fraud or scam,NA,Closed with explanation,Yes
6440440,Web,2023-01-15,2023-01-15,0,CA,Checking or savings account,Checking account,Opening an account,Account opened as a result of fraud,Closed with monetary relief,Yes
6440289,Web,2023-01-15,2023-01-15,0,CA,Checking or savings account,Checking account,Closing an account,Company closed your account,Closed with explanation,Yes
6441741,Web,2023-01-15,2023-01-15,0,MD,Checking or savings account,Checking account,Managing an account,Funds not handled or disbursed as instructed,Closed with explanation,Yes
6441226,Web,2023-01-15,2023-01-15,0,FL,Checking or savings account,Checking account,Managing an account,Deposits and withdrawals,Closed with explanation,No
6437299,Web,2023-01-15,2023-01-15,0,CA,Mortgage,Conventional home mortgage,Applying for a mortgage or refinancing an existing mortgage,NA,Closed with explanation,No
6437113,Web,2023-01-15,2023-01-15,0,CA,Checking or savings account,Checking account,Managing an account,Funds not handled or disbursed as instructed,Closed with monetary relief,Yes
6440917,Web,2023-01-15,2023-01-15,0,AZ,Credit card or prepaid card,Government benefit card,Problem with a purchase or transfer,Card company isn't resolving a dispute about a purchase or transfer,Closed with explanation,Yes
6437736,Web,2023-01-15,2023-01-15,0,TX,Checking or savings account,Checking account,Managing an account,Deposits and withdrawals,Closed with explanation,Yes
6437533,Web,2023-01-15,2023-01-15,0,MD,"Money transfer, virtual currency, or money service",Domestic (US) money transfer,Other service problem,NA,Closed with explanation,Yes
6437612,Web,2023-01-15,2023-01-15,0,TX,Debt collection,Credit card debt,Attempts to collect debt not owed,Debt was result of identity theft,Closed with explanation,Yes
6439096,Web,2023-01-15,2023-01-25,10,NJ,Checking or savings account,Checking account,Managing an account,Problem using a debit or ATM card,Closed with explanation,Yes
6441829,Web,2023-01-15,2023-01-15,0,AZ,Checking or savings account,Checking account,Managing an account,Fee problem,Closed with monetary relief,Yes
6444367,Web,2023-01-16,2023-01-16,0,MA,Checking or savings account,Checking account,Managing an account,Deposits and withdrawals,Closed with monetary relief,Yes
6442606,Web,2023-01-16,2023-01-16,0,GA,Checking or savings account,Checking account,Closing an account,Company closed your account,Closed with explanation,Yes
6445424,Web,2023-01-16,2023-01-16,0,NY,"Credit reporting, credit repair services, or other personal consumer reports",Credit reporting,Incorrect information on your report,Information belongs to someone else,Closed with explanation,Yes
6444653,Web,2023-01-16,2023-01-16,0,ID,Checking or savings account,Checking account,Managing an account,Deposits and withdrawals,Closed with explanation,Yes
6443801,Web,2023-01-16,2023-01-16,0,CA,"Money transfer, virtual currency, or money service",Traveler's check or cashier's check,Problem with customer service,NA,Closed with explanation,Yes
6444649,Web,2023-01-16,2023-01-16,0,NY,"Money transfer, virtual currency, or money service",Mobile or digital wallet,Fraud or scam,NA,Closed with explanation,Yes
6442600,Web,2023-01-16,2023-01-16,0,CA,Credit card or prepaid card,Government benefit card,Problem with a purchase or transfer,Card company isn't resolving a dispute about a purchase or transfer,Closed with monetary relief,Yes
6444511,Web,2023-01-16,2023-01-16,0,CA,"Credit reporting, credit repair services, or other personal consumer reports",Credit reporting,Incorrect information on your report,Account information incorrect,Closed with monetary relief,Yes
6442093,Web,2023-01-16,2023-01-16,0,FL,Checking or savings account,Checking account,Problem with a lender or other company charging your account,Transaction was not authorized,Closed with monetary relief,Yes
6443936,Web,2023-01-16,2023-01-16,0,OR,Credit card or prepaid card,General-purpose credit card or charge card,Getting a credit card,Card opened as result of identity theft or fraud,Closed with non-monetary relief,Yes
6445376,Web,2023-01-16,2023-01-16,0,CA,Credit card or prepaid card,Government benefit card,Unexpected or other fees,NA,Closed with explanation,Yes
6444823,Web,2023-01-16,2023-01-16,0,IL,Checking or savings account,Checking account,Opening an account,Account opened as a result of fraud,Closed with non-monetary relief,Yes
6441879,Web,2023-01-16,2023-01-16,0,MI,Checking or savings account,Checking account,Opening an account,Account opened as a result of fraud,Closed with non-monetary relief,Yes
6443678,Web,2023-01-16,2023-01-17,1,CA,Credit card or prepaid card,General-purpose credit card or charge card,Problem when making payments,Problem during payment process,Closed with monetary relief,Yes
6445325,Web,2023-01-16,2023-01-16,0,LA,"Credit reporting, credit repair services, or other personal consumer reports",Credit reporting,Incorrect information on your report,Information belongs to someone else,Closed with non-monetary relief,Yes
6444792,Web,2023-01-16,2023-01-16,0,CA,Checking or savings account,Savings account,Problem with a lender or other company charging your account,Transaction was not authorized,Closed with monetary relief,Yes
6444771,Web,2023-01-16,2023-01-16,0,MI,Checking or savings account,Checking account,Opening an account,Account opened as a result of fraud,Closed with explanation,Yes
6444463,Web,2023-01-16,2023-01-16,0,WA,"Money transfer, virtual currency, or money service",Domestic (US) money transfer,Fraud or scam,NA,Closed with explanation,Yes
6439146,Web,2023-01-16,2023-01-16,0,NY,"Credit reporting, credit repair services, or other personal consumer reports",Credit reporting,Incorrect information on your report,Information belongs to someone else,Closed with explanation,Yes
6444458,Web,2023-01-16,2023-01-16,0,CT,Checking or savings account,Checking account,Problem with a lender or other company charging your account,Transaction was not authorized,Closed with monetary relief,Yes
6445452,Web,2023-01-16,2023-01-16,0,CT,Credit card or prepaid card,General-purpose credit card or charge card,Problem with a purchase shown on your statement,Credit card company isn't resolving a dispute about a purchase on your statement,Closed with monetary relief,Yes
6445194,Web,2023-01-16,2023-01-16,0,TX,Credit card or prepaid card,General-purpose credit card or charge card,Getting a credit card,Card opened as result of identity theft or fraud,Closed with explanation,Yes
6439175,Web,2023-01-16,2023-01-16,0,NY,Checking or savings account,Savings account,Managing an account,Deposits and withdrawals,Closed with explanation,Yes
6449764,Web,2023-01-17,2023-01-17,0,MI,Checking or savings account,Checking account,Opening an account,Account opened as a result of fraud,Closed with explanation,Yes
6443275,Web,2023-01-17,2023-01-17,0,NJ,Vehicle loan or lease,Loan,Managing the loan or lease,Billing problem,Closed with explanation,Yes
6447680,Web,2023-01-17,2023-01-18,1,MA,Credit card or prepaid card,General-purpose credit card or charge card,Fees or interest,Problem with fees,Closed with explanation,Yes
6454346,Referral,2023-01-17,2023-01-18,1,FL,Mortgage,Conventional home mortgage,Trouble during payment process,NA,Closed with monetary relief,Yes
6449147,Web,2023-01-17,2023-01-27,10,TX,Credit card or prepaid card,General-purpose credit card or charge card,Getting a credit card,Application denied,Closed with explanation,Yes
6443241,Web,2023-01-17,2023-01-17,0,CA,Credit card or prepaid card,General-purpose credit card or charge card,Closing your account,Company closed your account,Closed with explanation,Yes
6447955,Web,2023-01-17,2023-01-17,0,OH,Credit card or prepaid card,General-purpose credit card or charge card,"Other features, terms, or problems",Problem with rewards from credit card,Closed with explanation,Yes
6443689,Web,2023-01-17,2023-01-17,0,FL,"Credit reporting, credit repair services, or other personal consumer reports",Credit reporting,Problem with a credit reporting company's investigation into an existing problem,Investigation took more than 30 days,Closed with explanation,Yes
6449478,Web,2023-01-17,2023-01-17,0,TX,"Money transfer, virtual currency, or money service",Check cashing service,Fraud or scam,NA,Closed with monetary relief,Yes
6447992,Web,2023-01-17,2023-01-17,0,DC,Credit card or prepaid card,General-purpose credit card or charge card,Fees or interest,Problem with fees,Closed with explanation,Yes
6449739,Web,2023-01-17,2023-01-17,0,CA,"Money transfer, virtual currency, or money service",Domestic (US) money transfer,Other transaction problem,NA,Closed with explanation,Yes
6442919,Web,2023-01-17,2023-01-17,0,NJ,Checking or savings account,Checking account,Managing an account,Deposits and withdrawals,Closed with explanation,Yes
6447962,Web,2023-01-17,2023-01-17,0,MS,"Money transfer, virtual currency, or money service",Domestic (US) money transfer,Fraud or scam,NA,Closed with explanation,Yes
6449632,Web,2023-01-17,2023-01-17,0,CA,"Credit reporting, credit repair services, or other personal consumer reports",Credit reporting,Improper use of your report,Credit inquiries on your report that you don't recognize,Closed with non-monetary relief,Yes
6448699,Phone,2023-01-17,2023-01-17,0,NY,Checking or savings account,CD (Certificate of Deposit),Managing an account,Funds not handled or disbursed as instructed,Closed with monetary relief,Yes
6448756,Web,2023-01-17,2023-01-17,0,IN,Vehicle loan or lease,Loan,Incorrect information on your report,Account information incorrect,Closed with explanation,No
6443461,Web,2023-01-17,2023-01-17,0,IN,Credit card or prepaid card,Government benefit card,Problem getting a card or closing an account,Trouble getting a working replacement card,Closed with explanation,Yes
6448788,Phone,2023-01-17,2023-01-17,0,MA,Checking or savings account,Checking account,Managing an account,Problem making or receiving payments,Closed with monetary relief,Yes
6448477,Web,2023-01-17,2023-01-17,0,NJ,Mortgage,Conventional home mortgage,Trouble during payment process,NA,Closed with explanation,Yes
6449717,Web,2023-01-17,2023-01-17,0,FL,Credit card or prepaid card,General-purpose credit card or charge card,Getting a credit card,Card opened as result of identity theft or fraud,Closed with non-monetary relief,Yes
6447875,Web,2023-01-17,2023-01-18,1,VA,"Credit reporting, credit repair services, or other personal consumer reports",Credit reporting,Problem with a credit reporting company's investigation into an existing problem,Was not notified of investigation status or results,Closed with explanation,Yes
6449375,Phone,2023-01-17,2023-01-17,0,NC,Checking or savings account,Savings account,Managing an account,Fee problem,Closed with monetary relief,Yes
6443263,Web,2023-01-17,2023-01-17,0,TN,"Money transfer, virtual currency, or money service",Debt settlement,Problem with customer service,NA,Closed with explanation,Yes
6449734,Web,2023-01-17,2023-01-17,0,FL,Credit card or prepaid card,General-purpose credit card or charge card,Problem when making payments,Problem during payment process,Closed with non-monetary relief,Yes
6448215,Web,2023-01-17,2023-01-31,14,WA,Mortgage,Home equity loan or line of credit (HELOC),Applying for a mortgage or refinancing an existing mortgage,NA,Closed with explanation,Yes
6448092,Web Referral,2023-01-17,2023-01-17,0,AZ,Credit card or prepaid card,General-purpose credit card or charge card,Closing your account,Company closed your account,Closed with explanation,Yes
6448689,Web,2023-01-17,2023-01-17,0,MD,Checking or savings account,Checking account,Managing an account,Problem making or receiving payments,Closed with explanation,Yes
6447950,Web,2023-01-17,2023-01-17,0,MI,Checking or savings account,Checking account,Opening an account,Account opened as a result of fraud,Closed with explanation,Yes
6445721,Web,2023-01-17,2023-01-17,0,VA,"Credit reporting, credit repair services, or other personal consumer reports",Credit reporting,Incorrect information on your report,Account information incorrect,Closed with explanation,Yes
6445923,Web,2023-01-17,2023-01-17,0,IL,Credit card or prepaid card,General-purpose credit card or charge card,Getting a credit card,Card opened as result of identity theft or fraud,Closed with non-monetary relief,Yes
6447691,Web,2023-01-17,2023-01-17,0,TX,Checking or savings account,Checking account,Closing an account,Company closed your account,Closed with monetary relief,Yes
6447667,Web,2023-01-17,2023-01-18,1,CA,"Credit reporting, credit repair services, or other personal consumer reports",Credit reporting,Problem with a credit reporting company's investigation into an existing problem,Their investigation did not fix an error on your report,Closed with explanation,Yes
6449018,Phone,2023-01-17,2023-01-17,0,IL,Checking or savings account,Other banking product or service,Managing an account,Banking errors,Closed with explanation,Yes
6449004,Phone,2023-01-17,2023-01-17,0,CA,Checking or savings account,Checking account,Managing an account,Problem using a debit or ATM card,Closed with explanation,Yes
6448605,Phone,2023-01-17,2023-01-17,0,TX,Checking or savings account,Checking account,Managing an account,Cashing a check,Closed with explanation,Yes
6449607,Web,2023-01-17,2023-01-17,0,CA,Credit card or prepaid card,General-purpose credit card or charge card,Problem when making payments,Problem during payment process,Closed with non-monetary relief,Yes
6449299,Phone,2023-01-17,2023-01-17,0,CA,Checking or savings account,Checking account,Managing an account,Deposits and withdrawals,Closed with explanation,Yes
6449721,Phone,2023-01-17,2023-01-17,0,CT,Credit card or prepaid card,General-purpose credit card or charge card,Problem with a purchase shown on your statement,Credit card company isn't resolving a dispute about a purchase on your statement,Closed with explanation,Yes
6454342,Web Referral,2023-01-17,2023-01-18,1,ME,Checking or savings account,Checking account,Managing an account,Deposits and withdrawals,Closed with explanation,Yes
6449728,Phone,2023-01-17,2023-01-17,0,MI,Checking or savings account,Checking account,Managing an account,Deposits and withdrawals,Closed with explanation,Yes
6449459,Web,2023-01-17,2023-01-17,0,AZ,"Money transfer, virtual currency, or money service",Domestic (US) money transfer,Fraud or scam,NA,Closed with explanation,Yes
6454143,Web,2023-01-18,2023-01-18,0,TX,Checking or savings account,Checking account,Managing an account,Banking errors,Closed with explanation,Yes
6454140,Web,2023-01-18,2023-01-18,0,KY,Credit card or prepaid card,General-purpose credit card or charge card,Getting a credit card,Card opened as result of identity theft or fraud,Closed with explanation,Yes
6453530,Web,2023-01-18,2023-01-18,0,CA,Checking or savings account,Checking account,Managing an account,Funds not handled or disbursed as instructed,Closed with explanation,Yes
6452818,Web,2023-01-18,2023-01-18,0,AK,Credit card or prepaid card,General-purpose credit card or charge card,Problem with a purchase shown on your statement,Card was charged for something you did not purchase with the card,Closed with explanation,Yes
6453720,Phone,2023-01-18,2023-01-18,0,TX,Checking or savings account,Checking account,Problem with a lender or other company charging your account,Transaction was not authorized,Closed with monetary relief,Yes
6454128,Phone,2023-01-18,2023-01-18,0,MI,Mortgage,Conventional home mortgage,Trouble during payment process,NA,Closed with explanation,Yes
6453841,Web,2023-01-18,2023-01-18,0,CA,"Credit reporting, credit repair services, or other personal consumer reports",Credit reporting,Improper use of your report,Credit inquiries on your report that you don't recognize,Closed with explanation,No
6454053,Web,2023-01-18,2023-01-18,0,NY,Checking or savings account,Checking account,Managing an account,Deposits and withdrawals,Closed with explanation,Yes
6455217,Web,2023-01-18,2023-01-27,9,FL,Credit card or prepaid card,General-purpose credit card or charge card,Getting a credit card,Sent card you never applied for,Closed with non-monetary relief,Yes
6453150,Web,2023-01-18,2023-01-18,0,CA,Checking or savings account,Checking account,Problem with a lender or other company charging your account,Transaction was not authorized,Closed with monetary relief,Yes
6452954,Web,2023-01-18,2023-01-18,0,NY,Debt collection,Credit card debt,Attempts to collect debt not owed,Debt was result of identity theft,Closed with explanation,Yes
6452929,Web,2023-01-18,2023-01-18,0,CA,Checking or savings account,Checking account,Problem caused by your funds being low,Bounced checks or returned payments,Closed with explanation,Yes
6447652,Web,2023-01-18,2023-01-18,0,CA,"Credit reporting, credit repair services, or other personal consumer reports",Credit reporting,Problem with a credit reporting company's investigation into an existing problem,Their investigation did not fix an error on your report,Closed with explanation,Yes
6453684,Web,2023-01-18,2023-01-18,0,IA,Checking or savings account,Checking account,Managing an account,Deposits and withdrawals,Closed with explanation,Yes
6453954,Web,2023-01-18,2023-01-18,0,MI,Credit card or prepaid card,General-purpose credit card or charge card,Getting a credit card,Card opened as result of identity theft or fraud,Closed with explanation,Yes
6454019,Web,2023-01-18,2023-01-18,0,IA,Checking or savings account,Checking account,Opening an account,Account opened as a result of fraud,Closed with non-monetary relief,Yes
6453842,Postal mail,2023-01-18,2023-01-18,0,OH,Vehicle loan or lease,Loan,Getting a loan or lease,Credit denial,Closed with explanation,Yes
6447113,Web,2023-01-18,2023-01-18,0,CA,Checking or savings account,Checking account,Managing an account,Deposits and withdrawals,Closed with explanation,Yes
6453840,Web,2023-01-18,2023-01-18,0,VA,Credit card or prepaid card,General-purpose credit card or charge card,Problem when making payments,Problem during payment process,Closed with explanation,Yes
6455516,Web,2023-01-18,2023-01-18,0,CA,Credit card or prepaid card,General-purpose credit card or charge card,"Advertising and marketing, including promotional offers",Didn't receive advertised or promotional terms,Closed with explanation,Yes
6453957,Web,2023-01-18,2023-01-18,0,NJ,Checking or savings account,Checking account,Managing an account,Cashing a check,Closed with explanation,Yes
6452609,Phone,2023-01-18,2023-01-18,0,CA,Checking or savings account,Checking account,Problem caused by your funds being low,Late or other fees,Closed with monetary relief,Yes
6452730,Phone,2023-01-18,2023-01-18,0,TX,Checking or savings account,Checking account,Managing an account,Deposits and withdrawals,Closed with explanation,Yes
6447231,Web,2023-01-18,2023-01-18,0,FL,"Credit reporting, credit repair services, or other personal consumer reports",Credit reporting,Problem with a credit reporting company's investigation into an existing problem,Problem with personal statement of dispute,Closed with monetary relief,Yes
6447096,Web,2023-01-18,2023-01-18,0,FL,"Credit reporting, credit repair services, or other personal consumer reports",Credit reporting,Problem with a credit reporting company's investigation into an existing problem,Problem with personal statement of dispute,Closed with monetary relief,Yes
6454333,Referral,2023-01-18,2023-01-18,0,IL,Checking or savings account,Checking account,Problem with a lender or other company charging your account,Transaction was not authorized,Closed with explanation,No
6454370,Web,2023-01-18,2023-01-18,0,FL,Checking or savings account,Checking account,Managing an account,Deposits and withdrawals,Closed with explanation,Yes
6454215,Web,2023-01-18,2023-01-18,0,MA,Credit card or prepaid card,General-purpose credit card or charge card,Problem with a purchase shown on your statement,Credit card company isn't resolving a dispute about a purchase on your statement,Closed with explanation,Yes
6446879,Web,2023-01-18,2023-01-18,0,CA,Credit card or prepaid card,Government benefit card,Problem with a purchase or transfer,Charged for a purchase or transfer you did not make with the card,Closed with monetary relief,No
6453289,Web,2023-01-18,2023-01-18,0,FL,"Credit reporting, credit repair services, or other personal consumer reports",Credit reporting,Incorrect information on your report,Information belongs to someone else,Closed with explanation,Yes
6453543,Web,2023-01-18,2023-01-18,0,TX,Credit card or prepaid card,General-purpose credit card or charge card,Problem when making payments,Problem during payment process,Closed with monetary relief,Yes
6453646,Phone,2023-01-18,2023-01-19,1,NJ,Mortgage,Home equity loan or line of credit (HELOC),Trouble during payment process,NA,Closed with explanation,No
6452691,Web,2023-01-18,2023-01-18,0,TX,Checking or savings account,Checking account,Managing an account,Funds not handled or disbursed as instructed,Closed with monetary relief,Yes
6453559,Web,2023-01-18,2023-01-18,0,FL,Checking or savings account,Savings account,Managing an account,Deposits and withdrawals,Closed with explanation,Yes
6454022,Web,2023-01-18,2023-01-18,0,GA,"Credit reporting, credit repair services, or other personal consumer reports",Credit reporting,Incorrect information on your report,Information belongs to someone else,Closed with non-monetary relief,Yes
6453330,Web,2023-01-18,2023-01-18,0,PA,Checking or savings account,Checking account,Opening an account,Account opened as a result of fraud,Closed with non-monetary relief,Yes
6453344,Phone,2023-01-18,2023-01-18,0,WA,Checking or savings account,Checking account,Managing an account,Problem using a debit or ATM card,Closed with explanation,Yes
6452642,Web,2023-01-18,2023-01-18,0,FL,Checking or savings account,Checking account,Managing an account,Problem using a debit or ATM card,Closed with explanation,Yes
6454034,Web,2023-01-18,2023-01-18,0,GA,Mortgage,VA mortgage,Closing on a mortgage,NA,Closed with explanation,Yes
6453965,Web,2023-01-18,2023-01-18,0,WI,Checking or savings account,Checking account,Opening an account,Account opened as a result of fraud,Closed with explanation,Yes
6453633,Web,2023-01-18,2023-01-18,0,GA,Checking or savings account,Checking account,Closing an account,Can't close your account,Closed with monetary relief,Yes
6453555,Web,2023-01-18,2023-01-18,0,NM,Debt collection,Mortgage debt,Written notification about debt,Didn't receive enough information to verify debt,Closed with explanation,Yes
6454295,Web,2023-01-18,2023-01-18,0,CA,Credit card or prepaid card,Government benefit card,Problem with a purchase or transfer,Card company isn't resolving a dispute about a purchase or transfer,Closed with explanation,Yes
6447123,Web,2023-01-18,2023-01-18,0,VA,"Money transfer, virtual currency, or money service",Traveler's check or cashier's check,Fraud or scam,NA,Closed with explanation,Yes
6453691,Web,2023-01-18,2023-01-18,0,TX,Mortgage,Home equity loan or line of credit (HELOC),Struggling to pay mortgage,NA,Closed with explanation,Yes
6447240,Web,2023-01-18,2023-01-18,0,WA,"Money transfer, virtual currency, or money service",Virtual currency,Fraud or scam,NA,Closed with explanation,Yes
6452545,Web,2023-01-19,2023-01-19,0,VA,Checking or savings account,Checking account,Managing an account,Deposits and withdrawals,Closed with explanation,Yes
6458454,Web,2023-01-19,2023-01-19,0,FL,"Credit reporting, credit repair services, or other personal consumer reports",Credit reporting,Incorrect information on your report,Account status incorrect,Closed with explanation,No
6451683,Web,2023-01-19,2023-01-19,0,FL,Checking or savings account,Checking account,Closing an account,Funds not received from closed account,Closed with monetary relief,No
6459729,Web,2023-01-19,2023-01-19,0,FL,Credit card or prepaid card,General-purpose credit card or charge card,Getting a credit card,Card opened as result of identity theft or fraud,Closed with non-monetary relief,Yes
6451869,Web,2023-01-19,2023-01-19,0,WI,Credit card or prepaid card,General-purpose credit card or charge card,Problem with a purchase shown on your statement,Credit card company isn't resolving a dispute about a purchase on your statement,Closed with explanation,Yes
6459818,Phone,2023-01-19,2023-01-19,0,SC,Checking or savings account,Checking account,Problem with a lender or other company charging your account,Transaction was not authorized,Closed with explanation,Yes
6452557,Web,2023-01-19,2023-01-19,0,CA,"Credit reporting, credit repair services, or other personal consumer reports",Other personal consumer report,Improper use of your report,Report provided to employer without your written authorization,Closed with non-monetary relief,Yes
6460021,Web,2023-01-19,2023-01-19,0,FL,"Credit reporting, credit repair services, or other personal consumer reports",Credit reporting,Incorrect information on your report,Information belongs to someone else,Closed with explanation,Yes
6460016,Web,2023-01-19,2023-01-19,0,CA,Mortgage,FHA mortgage,Struggling to pay mortgage,NA,Closed with explanation,Yes
6458878,Web,2023-01-19,2023-01-19,0,CA,Checking or savings account,Checking account,Managing an account,Deposits and withdrawals,Closed with monetary relief,No
6459912,Phone,2023-01-19,2023-01-19,0,FL,Checking or savings account,Checking account,Managing an account,Deposits and withdrawals,Closed with explanation,Yes
6459712,Phone,2023-01-19,2023-01-19,0,NY,Checking or savings account,Checking account,Closing an account,Company closed your account,Closed with monetary relief,No
6460768,Phone,2023-01-19,2023-01-19,0,NY,Mortgage,Conventional home mortgage,Applying for a mortgage or refinancing an existing mortgage,NA,Closed with explanation,Yes
6459806,Web,2023-01-19,2023-01-19,0,FL,Checking or savings account,Checking account,Problem caused by your funds being low,Bounced checks or returned payments,Closed with explanation,No
6452551,Web,2023-01-19,2023-01-19,0,CA,Credit card or prepaid card,Government benefit card,Problem with a purchase or transfer,Card company isn't resolving a dispute about a purchase or transfer,Closed with monetary relief,Yes
6472950,Referral,2023-01-19,2023-01-23,4,GA,Checking or savings account,Checking account,Managing an account,Deposits and withdrawals,Closed with explanation,Yes
6459793,Phone,2023-01-19,2023-01-19,0,CA,Checking or savings account,Checking account,Managing an account,Deposits and withdrawals,Closed with explanation,Yes
6460053,Web,2023-01-19,2023-01-19,0,TX,Checking or savings account,Checking account,Managing an account,Deposits and withdrawals,Closed with non-monetary relief,Yes
6460287,Web,2023-01-19,2023-01-19,0,MA,Credit card or prepaid card,General-purpose credit card or charge card,Getting a credit card,Card opened as result of identity theft or fraud,Closed with non-monetary relief,Yes
6451452,Web,2023-01-19,2023-01-19,0,VA,Credit card or prepaid card,General-purpose credit card or charge card,Problem with a purchase shown on your statement,Overcharged for something you did purchase with the card,Closed with explanation,No
6452126,Web,2023-01-19,2023-01-19,0,NC,Checking or savings account,Checking account,Managing an account,Fee problem,Closed with explanation,Yes
6457497,Web,2023-01-19,2023-01-19,0,NY,Credit card or prepaid card,General-purpose credit card or charge card,Fees or interest,Unexpected increase in interest rate,Closed with monetary relief,No
6450453,Web,2023-01-19,2023-01-19,0,MO,Checking or savings account,Checking account,Opening an account,Account opened as a result of fraud,Closed with explanation,Yes
6452511,Web,2023-01-19,2023-01-19,0,IL,Credit card or prepaid card,General-purpose credit card or charge card,Problem with a purchase shown on your statement,Credit card company isn't resolving a dispute about a purchase on your statement,Closed with monetary relief,Yes
6460059,Web,2023-01-19,2023-01-19,0,MI,Credit card or prepaid card,General-purpose credit card or charge card,Problem with a purchase shown on your statement,Card was charged for something you did not purchase with the card,Closed with monetary relief,No
6451681,Web,2023-01-19,2023-01-19,0,CA,Vehicle loan or lease,Loan,Struggling to pay your loan,Lender trying to repossess or disable the vehicle,Closed with explanation,No
6452150,Web,2023-01-19,2023-01-19,0,NY,Checking or savings account,Checking account,Managing an account,Deposits and withdrawals,Closed with explanation,Yes
6457070,Web,2023-01-19,2023-01-20,1,WA,Checking or savings account,Savings account,Problem with a lender or other company charging your account,Money was taken from your account on the wrong day or for the wrong amount,Closed with explanation,Yes
6452344,Web,2023-01-19,2023-01-19,0,FL,"Credit reporting, credit repair services, or other personal consumer reports",Credit reporting,Improper use of your report,Credit inquiries on your report that you don't recognize,Closed with explanation,No
6452023,Web,2023-01-19,2023-01-19,0,NY,Credit card or prepaid card,General-purpose credit card or charge card,Problem with a purchase shown on your statement,Credit card company isn't resolving a dispute about a purchase on your statement,Closed with monetary relief,Yes
6459997,Referral,2023-01-19,2023-01-19,0,MO,Checking or savings account,Checking account,Opening an account,Account opened as a result of fraud,Closed with explanation,Yes
6459301,Phone,2023-01-19,2023-01-19,0,CO,Credit card or prepaid card,General-purpose credit card or charge card,Problem with a purchase shown on your statement,Card was charged for something you did not purchase with the card,Closed with monetary relief,No
6459309,Web,2023-01-19,2023-01-19,0,NM,Credit card or prepaid card,General-purpose credit card or charge card,Problem with a purchase shown on your statement,Card was charged for something you did not purchase with the card,Closed with explanation,Yes
6458012,Web,2023-01-19,2023-01-19,0,CO,Credit card or prepaid card,General-purpose credit card or charge card,Getting a credit card,Card opened as result of identity theft or fraud,Closed with non-monetary relief,Yes
6459545,Web,2023-01-19,2023-01-19,0,CT,Checking or savings account,Checking account,Managing an account,Funds not handled or disbursed as instructed,Closed with explanation,Yes
6458837,Web,2023-01-19,2023-01-19,0,CA,"Credit reporting, credit repair services, or other personal consumer reports",Credit reporting,Problem with a credit reporting company's investigation into an existing problem,Their investigation did not fix an error on your report,Closed with explanation,No
6458855,Web,2023-01-19,2023-01-19,0,CA,"Credit reporting, credit repair services, or other personal consumer reports",Credit reporting,Incorrect information on your report,Account status incorrect,Closed with explanation,No
6460286,Web,2023-01-19,2023-01-19,0,GA,Credit card or prepaid card,General-purpose credit card or charge card,"Other features, terms, or problems",Problem with customer service,Closed with explanation,Yes
6457309,Web,2023-01-19,2023-01-19,0,CA,"Credit reporting, credit repair services, or other personal consumer reports",Credit reporting,Improper use of your report,Credit inquiries on your report that you don't recognize,Closed with explanation,No
6458488,Web,2023-01-19,2023-01-19,0,FL,"Credit reporting, credit repair services, or other personal consumer reports",Credit reporting,Improper use of your report,Credit inquiries on your report that you don't recognize,Closed with non-monetary relief,Yes
6459551,Web,2023-01-19,2023-01-19,0,TX,"Money transfer, virtual currency, or money service",Traveler's check or cashier's check,Fraud or scam,NA,Closed with explanation,Yes
6458452,Web,2023-01-19,2023-01-19,0,TX,"Credit reporting, credit repair services, or other personal consumer reports",Credit reporting,Improper use of your report,Reporting company used your report improperly,Closed with explanation,Yes
6457133,Web,2023-01-19,2023-01-27,8,NC,Checking or savings account,Checking account,Closing an account,Funds not received from closed account,Closed with monetary relief,Yes
6459552,Web,2023-01-19,2023-01-19,0,CA,"Money transfer, virtual currency, or money service",Domestic (US) money transfer,Other transaction problem,NA,Closed with explanation,Yes
6459561,Web,2023-01-19,2023-01-19,0,CA,Checking or savings account,Checking account,Managing an account,Problem using a debit or ATM card,Closed with explanation,Yes
6459059,Web,2023-01-19,2023-01-19,0,SC,Checking or savings account,Checking account,Managing an account,Deposits and withdrawals,Closed with explanation,Yes
6452331,Web,2023-01-19,2023-01-19,0,CA,Credit card or prepaid card,Government benefit card,Unexpected or other fees,NA,Closed with explanation,No
6464298,Referral,2023-01-19,2023-01-20,1,TX,Checking or savings account,Checking account,Managing an account,Deposits and withdrawals,Closed with explanation,Yes
6457661,Web,2023-01-19,2023-01-19,0,MO,Checking or savings account,Checking account,Managing an account,Deposits and withdrawals,Closed with explanation,Yes
6460125,Web,2023-01-19,2023-01-19,0,CA,Checking or savings account,Other banking product or service,Credit monitoring or identity theft protection services,Problem canceling credit monitoring or identify theft protection service,Closed with non-monetary relief,Yes
6460001,Web,2023-01-19,2023-01-19,0,TX,"Money transfer, virtual currency, or money service",Mobile or digital wallet,Unauthorized transactions or other transaction problem,NA,Closed with explanation,Yes
6459516,Web,2023-01-19,2023-01-19,0,CA,Credit card or prepaid card,General-purpose credit card or charge card,Fees or interest,Charged too much interest,Closed with explanation,No
6457690,Web,2023-01-19,2023-01-19,0,CA,Checking or savings account,Checking account,Managing an account,Funds not handled or disbursed as instructed,Closed with explanation,Yes
6459659,Web,2023-01-19,2023-01-19,0,CA,Checking or savings account,Checking account,Problem with a lender or other company charging your account,Transaction was not authorized,Closed with explanation,No
6457226,Web,2023-01-20,2023-01-20,0,NC,Credit card or prepaid card,General-purpose credit card or charge card,Getting a credit card,Card opened as result of identity theft or fraud,Closed with non-monetary relief,No
6464838,Web,2023-01-20,2023-01-20,0,TX,Checking or savings account,Checking account,Managing an account,Banking errors,Closed with explanation,Yes
6456341,Web,2023-01-20,2023-01-20,0,TN,"Money transfer, virtual currency, or money service",Virtual currency,Fraud or scam,NA,Closed with explanation,Yes
6464846,Web,2023-01-20,2023-01-20,0,OK,"Money transfer, virtual currency, or money service",Domestic (US) money transfer,Fraud or scam,NA,Closed with explanation,Yes
6464127,Web,2023-01-20,2023-01-20,0,CA,Checking or savings account,Checking account,Opening an account,Account opened as a result of fraud,Closed with non-monetary relief,No
6464123,Web,2023-01-20,2023-01-20,0,GA,"Credit reporting, credit repair services, or other personal consumer reports",Credit reporting,Incorrect information on your report,Information belongs to someone else,Closed with explanation,Yes
6464071,Web,2023-01-20,2023-01-20,0,CA,Credit card or prepaid card,General-purpose credit card or charge card,Fees or interest,Problem with fees,Closed with explanation,No
6481201,Referral,2023-01-20,2023-01-24,4,CA,Checking or savings account,Checking account,Managing an account,Deposits and withdrawals,Closed with explanation,Yes
6463607,Web,2023-01-20,2023-01-20,0,OH,"Credit reporting, credit repair services, or other personal consumer reports",Credit reporting,Incorrect information on your report,Account status incorrect,Closed with explanation,Yes
6456809,Web,2023-01-20,2023-01-20,0,GA,Checking or savings account,Checking account,Opening an account,Unable to open an account,Closed with monetary relief,No
6464412,Web,2023-01-20,2023-01-20,0,IL,Credit card or prepaid card,General-purpose credit card or charge card,Closing your account,Can't close your account,Closed with non-monetary relief,Yes
6457297,Web,2023-01-20,2023-02-09,20,TN,"Credit reporting, credit repair services, or other personal consumer reports",Credit reporting,Problem with fraud alerts or security freezes,NA,Closed with non-monetary relief,Yes
6464675,Web,2023-01-20,2023-01-20,0,NJ,Checking or savings account,Checking account,Problem with a lender or other company charging your account,Transaction was not authorized,Closed with monetary relief,No
6463494,Web,2023-01-20,2023-01-20,0,PA,"Money transfer, virtual currency, or money service",Debt settlement,Fraud or scam,NA,Closed with explanation,Yes
6464031,Web,2023-01-20,2023-01-20,0,FL,Credit card or prepaid card,General-purpose credit card or charge card,Problem with a purchase shown on your statement,Credit card company isn't resolving a dispute about a purchase on your statement,Closed with monetary relief,Yes
6464855,Web,2023-01-20,2023-01-20,0,NY,Checking or savings account,Checking account,Opening an account,Didn't receive terms that were advertised,Closed with explanation,Yes
6464664,Web,2023-01-20,2023-01-20,0,GA,"Money transfer, virtual currency, or money service",International money transfer,Fraud or scam,NA,Closed with explanation,Yes
6464210,Web,2023-01-20,2023-01-20,0,TX,"Credit reporting, credit repair services, or other personal consumer reports",Other personal consumer report,Problem with a company's investigation into an existing issue,Their investigation did not fix an error on your report,Closed with explanation,Yes
6464041,Web,2023-01-20,2023-01-20,0,VA,"Money transfer, virtual currency, or money service",Mobile or digital wallet,Confusing or misleading advertising or marketing,NA,Closed with explanation,No
6465628,Web,2023-01-20,2023-01-20,0,NJ,Checking or savings account,Checking account,Problem with a lender or other company charging your account,Transaction was not authorized,Closed with explanation,No
6465908,Web,2023-01-20,2023-01-20,0,TX,Credit card or prepaid card,General-purpose credit card or charge card,Getting a credit card,Card opened as result of identity theft or fraud,Closed with explanation,Yes
6461623,Web,2023-01-20,2023-01-20,0,CA,"Credit reporting, credit repair services, or other personal consumer reports",Credit reporting,Problem with a credit reporting company's investigation into an existing problem,Their investigation did not fix an error on your report,Closed with non-monetary relief,Yes
6465644,Web,2023-01-20,2023-01-20,0,CA,Debt collection,Credit card debt,Communication tactics,Frequent or repeated calls,Closed with explanation,Yes
6463788,Web,2023-01-20,2023-01-20,0,WA,Checking or savings account,Checking account,Closing an account,Funds not received from closed account,Closed with explanation,Yes
6465307,Web,2023-01-20,2023-01-20,0,MI,Checking or savings account,Checking account,Opening an account,Account opened as a result of fraud,Closed with explanation,Yes
6464403,Web,2023-01-20,2023-01-20,0,VA,Checking or savings account,Checking account,Opening an account,Account opened as a result of fraud,Closed with explanation,Yes
6463540,Web,2023-01-20,2023-02-09,20,KS,Checking or savings account,Checking account,Managing an account,Problem using a debit or ATM card,Closed with explanation,Yes
6465377,Web,2023-01-20,2023-01-20,0,NJ,Debt collection,Credit card debt,Attempts to collect debt not owed,Debt was result of identity theft,Closed with explanation,Yes
6465903,Web,2023-01-20,2023-01-20,0,GA,Checking or savings account,Checking account,Managing an account,Deposits and withdrawals,Closed with explanation,Yes
6464147,Web,2023-01-20,2023-01-20,0,IL,Checking or savings account,Checking account,Problem caused by your funds being low,Non-sufficient funds and associated fees,Closed with explanation,Yes
6476166,Referral,2023-01-20,2023-01-23,3,KS,Checking or savings account,Checking account,Managing an account,Deposits and withdrawals,Closed with explanation,Yes
6461183,Web,2023-01-20,2023-01-20,0,TX,Checking or savings account,Checking account,Problem with a lender or other company charging your account,Transaction was not authorized,Closed with explanation,No
6464872,Web,2023-01-20,2023-01-20,0,TX,"Credit reporting, credit repair services, or other personal consumer reports",Credit reporting,Incorrect information on your report,Information belongs to someone else,Closed with explanation,Yes
6456489,Web,2023-01-20,2023-01-20,0,CA,"Credit reporting, credit repair services, or other personal consumer reports",Credit reporting,Problem with a credit reporting company's investigation into an existing problem,Their investigation did not fix an error on your report,Closed with explanation,Yes
6464532,Web,2023-01-20,2023-01-20,0,CO,"Credit reporting, credit repair services, or other personal consumer reports",Credit reporting,Incorrect information on your report,Information belongs to someone else,Closed with non-monetary relief,Yes
6463318,Phone,2023-01-20,2023-01-21,1,MA,Checking or savings account,Checking account,Managing an account,Problem making or receiving payments,Closed with monetary relief,Yes
6456297,Web,2023-01-20,2023-01-20,0,CA,Checking or savings account,Checking account,Opening an account,Unable to open an account,Closed with explanation,Yes
6464528,Web,2023-01-20,2023-01-20,0,NC,Credit card or prepaid card,General-purpose credit card or charge card,Improper use of your report,Reporting company used your report improperly,Closed with explanation,Yes
6461109,Web,2023-01-20,2023-01-20,0,TX,Checking or savings account,Checking account,Managing an account,Funds not handled or disbursed as instructed,Closed with explanation,Yes
6464522,Web,2023-01-20,2023-01-20,0,TX,Credit card or prepaid card,General-purpose credit card or charge card,Problem with a purchase shown on your statement,Card was charged for something you did not purchase with the card,Closed with non-monetary relief,No
6456656,Web,2023-01-20,2023-01-20,0,GA,Checking or savings account,Checking account,Managing an account,Banking errors,Closed with monetary relief,No
6492709,Referral,2023-01-20,2023-01-26,6,GA,Mortgage,Conventional home mortgage,Trouble during payment process,NA,Closed with explanation,Yes
6464281,Web,2023-01-20,2023-01-20,0,FL,Credit card or prepaid card,General-purpose credit card or charge card,Trouble using your card,Credit card company won't increase or decrease your credit limit,Closed with explanation,Yes
6456782,Web,2023-01-20,2023-01-20,0,GA,Checking or savings account,Checking account,Closing an account,Funds not received from closed account,Closed with monetary relief,Yes
6455954,Web,2023-01-20,2023-01-20,0,FL,"Credit reporting, credit repair services, or other personal consumer reports",Credit reporting,Problem with a credit reporting company's investigation into an existing problem,Their investigation did not fix an error on your report,Closed with explanation,Yes
6465487,Web,2023-01-20,2023-01-20,0,NC,Checking or savings account,Checking account,Problem caused by your funds being low,Bounced checks or returned payments,Closed with explanation,No
6462978,Web,2023-01-21,2023-01-21,0,FL,Checking or savings account,Checking account,Managing an account,Problem using a debit or ATM card,Closed with explanation,Yes
6463137,Web,2023-01-21,2023-01-21,0,IL,"Credit reporting, credit repair services, or other personal consumer reports",Credit reporting,Improper use of your report,Credit inquiries on your report that you don't recognize,Closed with explanation,Yes
6467126,Web,2023-01-21,2023-01-21,0,TX,Checking or savings account,Checking account,Closing an account,Company closed your account,Closed with explanation,Yes
6462376,Web,2023-01-21,2023-01-21,0,FL,Credit card or prepaid card,General-purpose credit card or charge card,Problem with a purchase shown on your statement,Credit card company isn't resolving a dispute about a purchase on your statement,Closed with explanation,Yes
6466535,Web,2023-01-21,2023-01-21,0,CA,Credit card or prepaid card,Government benefit card,Unexpected or other fees,NA,Closed with explanation,Yes
6468771,Web,2023-01-21,2023-01-27,6,MI,"Money transfer, virtual currency, or money service",Domestic (US) money transfer,Fraud or scam,NA,Closed with monetary relief,Yes
6466435,Web,2023-01-21,2023-01-21,0,CA,Checking or savings account,Checking account,Closing an account,Company closed your account,Closed with explanation,Yes
6466952,Web,2023-01-21,2023-01-21,0,IL,Checking or savings account,Checking account,Managing an account,Cashing a check,Closed with explanation,No
6468953,Web,2023-01-21,2023-01-21,0,NY,Credit card or prepaid card,General-purpose credit card or charge card,Problem with a purchase shown on your statement,Credit card company isn't resolving a dispute about a purchase on your statement,Closed with monetary relief,No
6469029,Web,2023-01-21,2023-01-21,0,GA,Checking or savings account,Checking account,Problem caused by your funds being low,Bounced checks or returned payments,Closed with monetary relief,No
6469104,Web,2023-01-21,2023-01-21,0,MD,"Credit reporting, credit repair services, or other personal consumer reports",Credit reporting,Problem with a credit reporting company's investigation into an existing problem,Difficulty submitting a dispute or getting information about a dispute over the phone,Closed with explanation,No
6468522,Web,2023-01-21,2023-01-21,0,CA,Checking or savings account,Checking account,Managing an account,Banking errors,Closed with monetary relief,Yes
6468183,Web,2023-01-21,2023-01-21,0,TX,Checking or savings account,Checking account,Problem with a lender or other company charging your account,Transaction was not authorized,Closed with explanation,Yes
6468541,Web,2023-01-21,2023-01-21,0,TX,Checking or savings account,Checking account,Problem with a lender or other company charging your account,Transaction was not authorized,Closed with explanation,Yes
6463431,Web,2023-01-21,2023-01-21,0,IL,Credit card or prepaid card,General-purpose credit card or charge card,Getting a credit card,Card opened as result of identity theft or fraud,Closed with non-monetary relief,No
6466866,Web,2023-01-21,2023-01-21,0,CA,Credit card or prepaid card,Government benefit card,Problem with a purchase or transfer,Charged for a purchase or transfer you did not make with the card,Closed with explanation,No
6468428,Web,2023-01-21,2023-01-21,0,TX,Checking or savings account,Checking account,Problem caused by your funds being low,Non-sufficient funds and associated fees,Closed with explanation,No
6462833,Web,2023-01-21,2023-01-21,0,NJ,Checking or savings account,Checking account,Problem caused by your funds being low,Non-sufficient funds and associated fees,Closed with explanation,No
6462836,Web,2023-01-21,2023-01-21,0,TX,Checking or savings account,Checking account,Managing an account,Deposits and withdrawals,Closed with monetary relief,No
6468314,Web,2023-01-21,2023-01-21,0,CA,Checking or savings account,Checking account,Closing an account,Company closed your account,Closed with explanation,Yes
6462672,Web,2023-01-21,2023-01-21,0,VA,Credit card or prepaid card,General-purpose credit card or charge card,Problem with a purchase shown on your statement,Overcharged for something you did purchase with the card,Closed with explanation,No
6468067,Web,2023-01-21,2023-01-21,0,CO,"Credit reporting, credit repair services, or other personal consumer reports",Credit reporting,Incorrect information on your report,Account information incorrect,Closed with explanation,No
6463160,Phone,2023-01-21,2023-01-21,0,FL,Checking or savings account,Other banking product or service,Managing an account,Problem using a debit or ATM card,Closed with explanation,Yes
6466460,Web,2023-01-21,2023-01-21,0,NY,Credit card or prepaid card,General-purpose credit card or charge card,Problem with a purchase shown on your statement,Credit card company isn't resolving a dispute about a purchase on your statement,Closed with explanation,Yes
6468422,Web,2023-01-21,2023-01-21,0,WA,Credit card or prepaid card,General-purpose credit card or charge card,Problem with a purchase shown on your statement,Credit card company isn't resolving a dispute about a purchase on your statement,Closed with explanation,Yes
6469009,Web,2023-01-21,2023-01-21,0,MA,"Credit reporting, credit repair services, or other personal consumer reports",Credit reporting,Problem with a credit reporting company's investigation into an existing problem,Their investigation did not fix an error on your report,Closed with non-monetary relief,No
6468945,Web,2023-01-21,2023-01-21,0,GA,Credit card or prepaid card,General-purpose credit card or charge card,Problem with a purchase shown on your statement,Credit card company isn't resolving a dispute about a purchase on your statement,Closed with explanation,No
6472426,Web,2023-01-22,2023-01-22,0,AZ,Mortgage,Conventional home mortgage,Trouble during payment process,NA,Closed with explanation,Yes
6472532,Web,2023-01-22,2023-01-22,0,SC,"Credit reporting, credit repair services, or other personal consumer reports",Credit reporting,Incorrect information on your report,Account status incorrect,Closed with explanation,Yes
6471754,Web,2023-01-22,2023-01-22,0,CA,Credit card or prepaid card,General-purpose credit card or charge card,Problem with a purchase shown on your statement,Card was charged for something you did not purchase with the card,Closed with monetary relief,Yes
6471414,Web,2023-01-22,2023-01-22,0,NV,"Credit reporting, credit repair services, or other personal consumer reports",Credit reporting,Incorrect information on your report,Information belongs to someone else,Closed with explanation,Yes
6467845,Web,2023-01-22,2023-01-22,0,NJ,Checking or savings account,Checking account,Managing an account,Deposits and withdrawals,Closed with monetary relief,Yes
6472022,Web,2023-01-22,2023-01-22,0,TN,Checking or savings account,Other banking product or service,Closing an account,Can't close your account,Closed with explanation,Yes
6467650,Web,2023-01-22,2023-01-22,0,IN,Credit card or prepaid card,Government benefit card,Problem getting a card or closing an account,Trouble getting a working replacement card,Closed with explanation,Yes
6467502,Web,2023-01-22,2023-01-22,0,NJ,Checking or savings account,Checking account,Opening an account,Account opened as a result of fraud,Closed with monetary relief,Yes
6469215,Web,2023-01-22,2023-01-22,0,IA,Checking or savings account,Checking account,Managing an account,Deposits and withdrawals,Closed with explanation,Yes
6472419,Web,2023-01-22,2023-01-22,0,CA,"Money transfer, virtual currency, or money service",International money transfer,Other transaction problem,NA,Closed with explanation,Yes
6469557,Web,2023-01-22,2023-01-22,0,TX,Credit card or prepaid card,General-purpose credit card or charge card,"Other features, terms, or problems",Problem with convenience check,Closed with non-monetary relief,Yes
6467767,Web,2023-01-22,2023-01-22,0,VA,Checking or savings account,Other banking product or service,Managing an account,Funds not handled or disbursed as instructed,Closed with explanation,Yes
6472002,Web,2023-01-22,2023-01-22,0,NY,"Credit reporting, credit repair services, or other personal consumer reports",Credit reporting,Improper use of your report,Credit inquiries on your report that you don't recognize,Closed with explanation,Yes
6467713,Web,2023-01-22,2023-01-22,0,TX,Mortgage,Conventional home mortgage,Trouble during payment process,NA,Closed with non-monetary relief,Yes
6469826,Web,2023-01-22,2023-01-22,0,MI,Checking or savings account,Checking account,Opening an account,Account opened as a result of fraud,Closed with explanation,Yes
6472218,Web,2023-01-22,2023-01-22,0,NC,"Credit reporting, credit repair services, or other personal consumer reports",Credit reporting,Problem with a credit reporting company's investigation into an existing problem,Their investigation did not fix an error on your report,Closed with explanation,Yes
6469482,Web,2023-01-22,2023-01-22,0,FL,Checking or savings account,Checking account,Managing an account,Problem using a debit or ATM card,Closed with monetary relief,No
6471260,Web,2023-01-22,2023-02-13,22,MA,Checking or savings account,Checking account,Managing an account,Problem making or receiving payments,Closed with explanation,Yes
6471508,Web,2023-01-22,2023-02-16,25,CA,Credit card or prepaid card,General-purpose credit card or charge card,Getting a credit card,Card opened as result of identity theft or fraud,Closed with non-monetary relief,Yes
6472392,Web,2023-01-22,2023-01-22,0,MD,"Money transfer, virtual currency, or money service",Domestic (US) money transfer,Fraud or scam,NA,Closed with explanation,Yes
6467686,Web,2023-01-22,2023-01-22,0,OR,"Credit reporting, credit repair services, or other personal consumer reports",Credit reporting,Improper use of your report,Reporting company used your report improperly,Closed with non-monetary relief,Yes
6472009,Web,2023-01-22,2023-01-22,0,GA,Credit card or prepaid card,General-purpose credit card or charge card,Problem with a purchase shown on your statement,Credit card company isn't resolving a dispute about a purchase on your statement,Closed with explanation,Yes
6471179,Web,2023-01-22,2023-01-22,0,FL,Checking or savings account,Checking account,Managing an account,Problem making or receiving payments,Closed with monetary relief,Yes
6469906,Web,2023-01-22,2023-01-22,0,CA,Checking or savings account,Checking account,Managing an account,Problem accessing account,Closed with explanation,Yes
6467666,Web,2023-01-22,2023-01-22,0,IN,Credit card or prepaid card,Government benefit card,Problem getting a card or closing an account,Trouble getting a working replacement card,Closed with explanation,Yes
6472406,Web,2023-01-22,2023-01-22,0,TX,Checking or savings account,Checking account,Problem with a lender or other company charging your account,Transaction was not authorized,Closed with explanation,Yes
6475573,Web,2023-01-23,2023-01-23,0,CA,Checking or savings account,Checking account,Managing an account,Problem accessing account,Closed with explanation,Yes
6477484,Web,2023-01-23,2023-01-23,0,CA,Credit card or prepaid card,Government benefit card,Trouble using the card,Trouble using the card to spend money in a store or online,Closed with explanation,Yes
6475251,Web,2023-01-23,2023-01-23,0,ID,Checking or savings account,Savings account,Closing an account,Funds not received from closed account,Closed with monetary relief,Yes
6475061,Web,2023-01-23,2023-01-23,0,CA,Debt collection,Credit card debt,Took or threatened to take negative or legal action,Threatened or suggested your credit would be damaged,Closed with explanation,Yes
6475836,Web,2023-01-23,2023-01-23,0,MD,Credit card or prepaid card,General-purpose credit card or charge card,Getting a credit card,Card opened as result of identity theft or fraud,Closed with non-monetary relief,Yes
6474534,Web,2023-01-23,2023-01-23,0,GA,"Money transfer, virtual currency, or money service",Domestic (US) money transfer,Fraud or scam,NA,Closed with explanation,Yes
6481368,Referral,2023-01-23,2023-01-24,1,IL,Checking or savings account,Checking account,Managing an account,Deposits and withdrawals,Closed with monetary relief,Yes
6476020,Web,2023-01-23,2023-01-23,0,FL,Credit card or prepaid card,General-purpose credit card or charge card,Getting a credit card,Application denied,Closed with explanation,Yes
6475796,Phone,2023-01-23,2023-01-23,0,CA,Checking or savings account,Other banking product or service,Managing an account,Funds not handled or disbursed as instructed,Closed with explanation,Yes
6476111,Web,2023-01-23,2023-01-23,0,AR,Checking or savings account,Checking account,Closing an account,Company closed your account,Closed with explanation,Yes
6471058,Web,2023-01-23,2023-01-23,0,CA,Credit card or prepaid card,Government benefit card,Problem with a purchase or transfer,Charged for a purchase or transfer you did not make with the card,Closed with explanation,Yes
6475064,Web,2023-01-23,2023-01-23,0,IL,Credit card or prepaid card,General-purpose credit card or charge card,Problem with a purchase shown on your statement,Credit card company isn't resolving a dispute about a purchase on your statement,Closed with monetary relief,Yes
6475468,Web,2023-01-23,2023-01-23,0,NJ,Debt collection,Credit card debt,Took or threatened to take negative or legal action,Sued you in a state where you do not live or did not sign for the debt,Closed with explanation,Yes
6476150,Web,2023-01-23,2023-01-23,0,OR,Checking or savings account,Checking account,Closing an account,Company closed your account,Closed with explanation,Yes
6475920,Web,2023-01-23,2023-01-23,0,NC,Credit card or prepaid card,General-purpose credit card or charge card,Getting a credit card,Card opened as result of identity theft or fraud,Closed with non-monetary relief,Yes
6475516,Phone,2023-01-23,2023-01-23,0,IL,Checking or savings account,Checking account,Managing an account,Cashing a check,Closed with explanation,Yes
6476098,Web,2023-01-23,2023-01-23,0,TX,Debt collection,I do not know,Written notification about debt,Didn't receive enough information to verify debt,Closed with explanation,Yes
6476441,Web,2023-01-23,2023-01-23,0,OK,Checking or savings account,Checking account,Managing an account,Problem accessing account,Closed with monetary relief,Yes
6475097,Phone,2023-01-23,2023-01-23,0,MI,Checking or savings account,Savings account,Managing an account,Problem accessing account,Closed with explanation,Yes
6475626,Web,2023-01-23,2023-01-23,0,MI,Checking or savings account,Checking account,Opening an account,Account opened as a result of fraud,Closed with explanation,Yes
6475925,Web,2023-01-23,2023-01-23,0,CT,Credit card or prepaid card,General-purpose credit card or charge card,"Other features, terms, or problems",Problem with rewards from credit card,Closed with explanation,Yes
6472858,Web,2023-01-23,2023-01-25,2,DE,Credit card or prepaid card,General-purpose credit card or charge card,"Other features, terms, or problems",Other problem,Closed with explanation,No
6470997,Web,2023-01-23,2023-01-23,0,AZ,Debt collection,Credit card debt,Written notification about debt,Didn't receive enough information to verify debt,Closed with explanation,Yes
6475366,Phone,2023-01-23,2023-01-23,0,PA,Checking or savings account,Checking account,Opening an account,Account opened as a result of fraud,Closed with explanation,Yes
6474823,Phone,2023-01-23,2023-01-24,1,MD,Checking or savings account,Checking account,Managing an account,Problem making or receiving payments,Closed with monetary relief,Yes
6475201,Phone,2023-01-23,2023-01-23,0,LA,Checking or savings account,Checking account,Managing an account,Problem accessing account,Closed with explanation,Yes
6477123,Web,2023-01-23,2023-01-23,0,CO,Credit card or prepaid card,General-purpose credit card or charge card,Closing your account,Company closed your account,Closed with explanation,Yes
6477317,Web,2023-01-23,2023-01-23,0,MO,Vehicle loan or lease,Loan,Getting a loan or lease,Credit denial,Closed with explanation,Yes
6474858,Referral,2023-01-23,2023-01-24,1,CA,"Credit reporting, credit repair services, or other personal consumer reports",Credit reporting,Improper use of your report,Credit inquiries on your report that you don't recognize,Closed with explanation,Yes
6477220,Web,2023-01-23,2023-01-23,0,CA,Checking or savings account,Checking account,Problem with a lender or other company charging your account,Transaction was not authorized,Closed with monetary relief,Yes
6475148,Phone,2023-01-23,2023-02-13,21,CA,Checking or savings account,Checking account,Managing an account,Deposits and withdrawals,Closed with explanation,Yes
6476224,Web,2023-01-23,2023-01-23,0,TX,"Credit reporting, credit repair services, or other personal consumer reports",Credit reporting,Problem with a credit reporting company's investigation into an existing problem,Problem with personal statement of dispute,Closed with explanation,Yes
6476725,Web,2023-01-23,2023-01-23,0,TX,"Credit reporting, credit repair services, or other personal consumer reports",Credit reporting,Incorrect information on your report,Information belongs to someone else,Closed with explanation,Yes
6472881,Phone,2023-01-23,2023-01-25,2,MS,Debt collection,Credit card debt,Attempts to collect debt not owed,Debt was paid,Closed with explanation,Yes
6470329,Web,2023-01-23,2023-01-23,0,CA,Checking or savings account,Checking account,Managing an account,Deposits and withdrawals,Closed with explanation,Yes
6472598,Web,2023-01-23,2023-01-27,4,CA,Credit card or prepaid card,Government benefit card,Problem with a purchase or transfer,Charged for a purchase or transfer you did not make with the card,Closed with explanation,Yes
6475473,Web,2023-01-23,2023-01-23,0,NY,Credit card or prepaid card,General-purpose credit card or charge card,"Other features, terms, or problems",Other problem,Closed with explanation,Yes
6475177,Web,2023-01-23,2023-01-23,0,TX,Checking or savings account,Checking account,Managing an account,Problem accessing account,Closed with explanation,Yes
6473021,Web,2023-01-23,2023-01-23,0,NC,Credit card or prepaid card,General-purpose credit card or charge card,Problem with a purchase shown on your statement,Credit card company isn't resolving a dispute about a purchase on your statement,Closed with monetary relief,Yes
6479861,Referral,2023-01-23,2023-01-24,1,CA,Credit card or prepaid card,Government benefit card,Trouble using the card,Trouble using the card to spend money in a store or online,Closed with monetary relief,Yes
6476354,Phone,2023-01-23,2023-02-03,11,CT,Checking or savings account,Checking account,Managing an account,Problem accessing account,Closed with monetary relief,Yes
6475744,Web,2023-01-23,2023-01-23,0,NY,Checking or savings account,Other banking product or service,Managing an account,Problem accessing account,Closed with explanation,Yes
6480513,Web Referral,2023-01-24,2023-01-24,0,NJ,Mortgage,FHA mortgage,Struggling to pay mortgage,NA,Closed with explanation,Yes
6479626,Web,2023-01-24,2023-01-24,0,VA,Checking or savings account,Checking account,Managing an account,Problem using a debit or ATM card,Closed with explanation,Yes
6474469,Web,2023-01-24,2023-02-16,23,FL,"Money transfer, virtual currency, or money service",International money transfer,Money was not available when promised,NA,Closed with explanation,Yes
6480675,Web,2023-01-24,2023-01-24,0,CA,Credit card or prepaid card,General-purpose credit card or charge card,"Other features, terms, or problems",Other problem,Closed with monetary relief,Yes
6474654,Web,2023-01-24,2023-01-24,0,TX,"Credit reporting, credit repair services, or other personal consumer reports",Credit reporting,Incorrect information on your report,Information belongs to someone else,Closed with explanation,Yes
6481222,Web,2023-01-24,2023-01-24,0,CA,Credit card or prepaid card,Government benefit card,Problem with a purchase or transfer,Card company isn't resolving a dispute about a purchase or transfer,Closed with explanation,Yes
6479446,Postal mail,2023-01-24,2023-01-24,0,PA,Credit card or prepaid card,General-purpose credit card or charge card,Incorrect information on your report,Information belongs to someone else,Closed with non-monetary relief,Yes
6473948,Web,2023-01-24,2023-01-24,0,NJ,Credit card or prepaid card,General-purpose credit card or charge card,Problem with a purchase shown on your statement,Card was charged for something you did not purchase with the card,Closed with monetary relief,Yes
6479493,Web,2023-01-24,2023-01-24,0,FL,Credit card or prepaid card,General-purpose credit card or charge card,Problem when making payments,Problem during payment process,Closed with non-monetary relief,Yes
6479648,Web,2023-01-24,2023-01-24,0,SC,Credit card or prepaid card,General-purpose credit card or charge card,Getting a credit card,Sent card you never applied for,Closed with explanation,Yes
6474430,Web,2023-01-24,2023-01-24,0,FL,Checking or savings account,Checking account,Managing an account,Banking errors,Closed with explanation,Yes
6480478,Web,2023-01-24,2023-01-24,0,GA,Vehicle loan or lease,Loan,Struggling to pay your loan,Loan balance remaining after the vehicle is repossessed and sold,Closed with explanation,Yes
6474687,Web,2023-01-24,2023-01-24,0,RI,Checking or savings account,Checking account,Managing an account,Banking errors,Closed with explanation,Yes
6479547,Web,2023-01-24,2023-01-24,0,CA,Credit card or prepaid card,General-purpose credit card or charge card,Getting a credit card,Card opened as result of identity theft or fraud,Closed with non-monetary relief,Yes
6480112,Web,2023-01-24,2023-01-24,0,RI,"Credit reporting, credit repair services, or other personal consumer reports",Credit reporting,Problem with a credit reporting company's investigation into an existing problem,Their investigation did not fix an error on your report,Closed with explanation,Yes
6479638,Phone,2023-01-24,2023-01-24,0,CA,Checking or savings account,Checking account,Managing an account,Deposits and withdrawals,Closed with explanation,Yes
6480673,Phone,2023-01-24,2023-01-24,0,FL,Checking or savings account,Checking account,Closing an account,Company closed your account,Closed with non-monetary relief,Yes
6481513,Web,2023-01-24,2023-01-24,0,CA,Checking or savings account,Checking account,Opening an account,Unable to open an account,Closed with explanation,Yes
6480395,Web,2023-01-24,2023-01-24,0,GA,Checking or savings account,Checking account,Opening an account,Account opened as a result of fraud,Closed with explanation,Yes
6479817,Web,2023-01-24,2023-01-24,0,MI,Checking or savings account,Checking account,Opening an account,Account opened as a result of fraud,Closed with explanation,Yes
6484696,Referral,2023-01-24,2023-01-25,1,MD,Checking or savings account,Checking account,Managing an account,Deposits and withdrawals,Closed with explanation,Yes
6480614,Web,2023-01-24,2023-01-24,0,PA,Credit card or prepaid card,General-purpose credit card or charge card,Fees or interest,Problem with fees,Closed with explanation,Yes
6479606,Web,2023-01-24,2023-01-24,0,PA,"Money transfer, virtual currency, or money service",Mobile or digital wallet,Unauthorized transactions or other transaction problem,NA,Closed with explanation,Yes
6479340,Web,2023-01-24,2023-01-24,0,FL,"Money transfer, virtual currency, or money service",Domestic (US) money transfer,Other transaction problem,NA,Closed with explanation,Yes
6481363,Web,2023-01-24,2023-01-24,0,TX,Credit card or prepaid card,General-purpose credit card or charge card,Problem with a purchase shown on your statement,Card was charged for something you did not purchase with the card,Closed with monetary relief,No
6479542,Web,2023-01-24,2023-01-24,0,NJ,"Credit reporting, credit repair services, or other personal consumer reports",Credit reporting,Incorrect information on your report,Information belongs to someone else,Closed with non-monetary relief,Yes
6474582,Phone,2023-01-24,2023-02-17,24,CA,Credit card or prepaid card,Government benefit card,Problem with a purchase or transfer,Card company isn't resolving a dispute about a purchase or transfer,Closed with monetary relief,Yes
6474282,Web,2023-01-24,2023-01-24,0,NY,Checking or savings account,Checking account,Problem caused by your funds being low,Non-sufficient funds and associated fees,Closed with explanation,Yes
6479633,Phone,2023-01-24,2023-01-24,0,AZ,Checking or savings account,Checking account,Managing an account,Problem using a debit or ATM card,Closed with explanation,Yes
6480484,Referral,2023-01-24,2023-01-24,0,TX,Checking or savings account,Checking account,Managing an account,Deposits and withdrawals,Closed with explanation,Yes
6474151,Web,2023-01-24,2023-01-24,0,IL,Debt collection,Credit card debt,Written notification about debt,Didn't receive notice of right to dispute,Closed with explanation,Yes
6480089,Web,2023-01-24,2023-01-24,0,MI,"Money transfer, virtual currency, or money service",Domestic (US) money transfer,Money was not available when promised,NA,Closed with explanation,Yes
6481140,Web,2023-01-24,2023-01-24,0,CA,Credit card or prepaid card,General-purpose credit card or charge card,Problem with a purchase shown on your statement,Credit card company isn't resolving a dispute about a purchase on your statement,Closed with monetary relief,Yes
6479636,Web,2023-01-24,2023-01-24,0,SC,Checking or savings account,Checking account,Opening an account,Account opened as a result of fraud,Closed with non-monetary relief,Yes
6481329,Web,2023-01-24,2023-01-24,0,AL,Mortgage,FHA mortgage,Struggling to pay mortgage,NA,Closed with explanation,Yes
6480307,Web,2023-01-24,2023-01-24,0,GA,Checking or savings account,Checking account,Managing an account,Problem using a debit or ATM card,Closed with explanation,Yes
6480681,Web,2023-01-24,2023-01-24,0,SC,Checking or savings account,Checking account,Closing an account,Company closed your account,Closed with explanation,Yes
6479180,Web,2023-01-24,2023-01-24,0,TX,Checking or savings account,Checking account,Closing an account,Funds not received from closed account,Closed with explanation,Yes
6479579,Web,2023-01-24,2023-01-24,0,CA,Credit card or prepaid card,General-purpose credit card or charge card,Fees or interest,Unexpected increase in interest rate,Closed with explanation,Yes
6479026,Web,2023-01-24,2023-01-24,0,CA,Credit card or prepaid card,General-purpose credit card or charge card,Problem with a purchase shown on your statement,Card was charged for something you did not purchase with the card,Closed with monetary relief,Yes
6479033,Web,2023-01-24,2023-01-24,0,CA,Checking or savings account,Checking account,Problem with a lender or other company charging your account,Transaction was not authorized,Closed with explanation,Yes
6474447,Web,2023-01-24,2023-01-24,0,CA,Checking or savings account,Other banking product or service,Managing an account,Deposits and withdrawals,Closed with explanation,Yes
6479651,Web,2023-01-24,2023-01-24,0,WA,Checking or savings account,Checking account,Managing an account,Fee problem,Closed with explanation,Yes
6474870,Phone,2023-01-24,2023-01-24,0,CA,Mortgage,Conventional home mortgage,Trouble during payment process,NA,Closed with explanation,Yes
6479464,Web,2023-01-24,2023-01-24,0,TX,"Money transfer, virtual currency, or money service",Virtual currency,Fraud or scam,NA,Closed with monetary relief,Yes
6479179,Web,2023-01-24,2023-01-24,0,GA,Credit card or prepaid card,General-purpose credit card or charge card,Closing your account,Company closed your account,Closed with explanation,Yes
6480776,Web,2023-01-24,2023-01-24,0,TX,"Credit reporting, credit repair services, or other personal consumer reports",Credit reporting,Incorrect information on your report,Information belongs to someone else,Closed with non-monetary relief,Yes
6480071,Web,2023-01-24,2023-01-24,0,FL,Credit card or prepaid card,General-purpose credit card or charge card,Getting a credit card,Card opened as result of identity theft or fraud,Closed with non-monetary relief,Yes
6474731,Web,2023-01-24,2023-01-24,0,IL,Credit card or prepaid card,General-purpose credit card or charge card,Problem with a purchase shown on your statement,Credit card company isn't resolving a dispute about a purchase on your statement,Closed with monetary relief,Yes
6481209,Web,2023-01-24,2023-01-24,0,TX,"Credit reporting, credit repair services, or other personal consumer reports",Credit reporting,Improper use of your report,Reporting company used your report improperly,Closed with explanation,Yes
6483990,Web,2023-01-25,2023-01-25,0,FL,"Credit reporting, credit repair services, or other personal consumer reports",Credit reporting,Incorrect information on your report,Old information reappears or never goes away,Closed with explanation,Yes
6478144,Web,2023-01-25,2023-01-25,0,MA,Credit card or prepaid card,General-purpose credit card or charge card,Problem with a purchase shown on your statement,Credit card company isn't resolving a dispute about a purchase on your statement,Closed with monetary relief,Yes
6478390,Web,2023-01-25,2023-01-25,0,NY,Checking or savings account,Checking account,Closing an account,Company closed your account,Closed with monetary relief,Yes
6487677,Referral,2023-01-25,2023-01-25,0,PA,Checking or savings account,Checking account,Opening an account,Account opened as a result of fraud,Closed with explanation,Yes
6483767,Web,2023-01-25,2023-01-25,0,KY,Credit card or prepaid card,Government benefit card,Unexpected or other fees,NA,Closed with explanation,Yes
6484858,Web,2023-01-25,2023-01-25,0,IL,Checking or savings account,Checking account,Problem caused by your funds being low,Non-sufficient funds and associated fees,Closed with monetary relief,Yes
6484912,Web,2023-01-25,2023-01-25,0,MI,Checking or savings account,Checking account,Opening an account,Account opened as a result of fraud,Closed with explanation,Yes
6483725,Web,2023-01-25,2023-01-25,0,CA,Checking or savings account,Checking account,Closing an account,Funds not received from closed account,Closed with monetary relief,Yes
6492845,Web Referral,2023-01-25,2023-01-26,1,PA,Checking or savings account,Checking account,Problem with a lender or other company charging your account,Transaction was not authorized,Closed with explanation,Yes
6483754,Web,2023-01-25,2023-01-25,0,MI,Checking or savings account,Checking account,Opening an account,Account opened as a result of fraud,Closed with non-monetary relief,Yes
6486775,Web,2023-01-25,2023-02-16,22,NC,Mortgage,Conventional home mortgage,Applying for a mortgage or refinancing an existing mortgage,NA,Closed with explanation,Yes
6483995,Web,2023-01-25,2023-01-25,0,NC,Checking or savings account,Checking account,Problem with a lender or other company charging your account,Transaction was not authorized,Closed with monetary relief,Yes
6484857,Web,2023-01-25,2023-01-25,0,OH,Credit card or prepaid card,General-purpose credit card or charge card,Problem with a purchase shown on your statement,Card was charged for something you did not purchase with the card,Closed with explanation,Yes
6478482,Web,2023-01-25,2023-01-25,0,IL,Checking or savings account,Checking account,Opening an account,Account opened as a result of fraud,Closed with explanation,Yes
6491655,Referral,2023-01-25,2023-01-26,1,FL,"Payday loan, title loan, or personal loan",Installment loan,Problem when making payments,NA,Closed with monetary relief,Yes
6487101,Web,2023-01-25,2023-01-25,0,TX,Credit card or prepaid card,General-purpose credit card or charge card,Problem with a purchase shown on your statement,Credit card company isn't resolving a dispute about a purchase on your statement,Closed with monetary relief,Yes
6484178,Web,2023-01-25,2023-01-25,0,KS,Checking or savings account,Checking account,Managing an account,Fee problem,Closed with explanation,Yes
6487680,Web,2023-01-25,2023-01-25,0,CA,"Credit reporting, credit repair services, or other personal consumer reports",Credit reporting,Incorrect information on your report,Information belongs to someone else,Closed with explanation,Yes
6477988,Web,2023-01-25,2023-01-25,0,FL,Checking or savings account,Savings account,Closing an account,Can't close your account,Closed with monetary relief,Yes
6478711,Web,2023-01-25,2023-01-25,0,CA,Checking or savings account,Checking account,Problem with fraud alerts or security freezes,NA,Closed with explanation,Yes
6487351,Web,2023-01-25,2023-01-26,1,CA,"Money transfer, virtual currency, or money service",Domestic (US) money transfer,Other transaction problem,NA,Closed with explanation,No
6492953,Referral,2023-01-25,2023-01-27,2,FL,Checking or savings account,Checking account,Problem with a lender or other company charging your account,Transaction was not authorized,Closed with monetary relief,No
6484295,Web,2023-01-25,2023-01-25,0,VA,Checking or savings account,Checking account,Opening an account,Account opened as a result of fraud,Closed with non-monetary relief,Yes
6488722,Web,2023-01-25,2023-01-25,0,MA,Credit card or prepaid card,General-purpose credit card or charge card,Problem with a purchase shown on your statement,Credit card company isn't resolving a dispute about a purchase on your statement,Closed with explanation,Yes
6478827,Referral,2023-01-25,2023-01-25,0,NC,Credit card or prepaid card,General-purpose credit card or charge card,Getting a credit card,Card opened as result of identity theft or fraud,Closed with non-monetary relief,Yes
6487869,Web,2023-01-25,2023-01-26,1,CA,Checking or savings account,Checking account,Managing an account,Deposits and withdrawals,Closed with explanation,Yes
6487070,Web,2023-01-25,2023-01-25,0,CA,Checking or savings account,Other banking product or service,Managing an account,Problem making or receiving payments,Closed with explanation,Yes
6487753,Web,2023-01-25,2023-01-25,0,MA,Credit card or prepaid card,General-purpose credit card or charge card,Improper use of your report,Credit inquiries on your report that you don't recognize,Closed with explanation,Yes
6483875,Web,2023-01-25,2023-01-25,0,CA,"Credit reporting, credit repair services, or other personal consumer reports",Credit reporting,Improper use of your report,Credit inquiries on your report that you don't recognize,Closed with explanation,Yes
6492940,Referral,2023-01-25,2023-01-26,1,TX,"Money transfer, virtual currency, or money service",Domestic (US) money transfer,Fraud or scam,NA,Closed with explanation,Yes
6477944,Web,2023-01-25,2023-01-25,0,SC,Checking or savings account,Checking account,Opening an account,Account opened as a result of fraud,Closed with explanation,Yes
6477898,Web,2023-01-25,2023-01-25,0,CA,"Money transfer, virtual currency, or money service",Domestic (US) money transfer,Fraud or scam,NA,Closed with explanation,Yes
6484081,Web,2023-01-25,2023-01-25,0,FL,Checking or savings account,Checking account,Problem caused by your funds being low,Overdrafts and overdraft fees,Closed with monetary relief,No
6484963,Phone,2023-01-25,2023-01-25,0,CA,Credit card or prepaid card,General-purpose credit card or charge card,Problem when making payments,Problem during payment process,Closed with explanation,Yes
6489050,Web,2023-01-25,2023-01-25,0,CA,Credit card or prepaid card,General-purpose credit card or charge card,Problem with a purchase shown on your statement,Credit card company isn't resolving a dispute about a purchase on your statement,Closed with monetary relief,No
6487823,Web,2023-01-25,2023-01-25,0,MD,Checking or savings account,Checking account,Managing an account,Funds not handled or disbursed as instructed,Closed with explanation,Yes
6478421,Web,2023-01-25,2023-01-25,0,WI,Credit card or prepaid card,General-purpose credit card or charge card,"Other features, terms, or problems",Other problem,Closed with monetary relief,Yes
6483825,Web,2023-01-25,2023-01-25,0,NY,Checking or savings account,Other banking product or service,Managing an account,Problem accessing account,Closed with explanation,Yes
6487163,Web,2023-01-25,2023-01-25,0,TX,"Credit reporting, credit repair services, or other personal consumer reports",Credit reporting,Incorrect information on your report,Information belongs to someone else,Closed with explanation,Yes
6488032,Web,2023-01-25,2023-01-25,0,CA,"Money transfer, virtual currency, or money service",Domestic (US) money transfer,Fraud or scam,NA,Closed with explanation,Yes
6486638,Web,2023-01-25,2023-01-25,0,GA,"Money transfer, virtual currency, or money service",Mobile or digital wallet,Fraud or scam,NA,Closed with explanation,Yes
6485149,Web,2023-01-25,2023-01-25,0,FL,Mortgage,Conventional home mortgage,Trouble during payment process,NA,Closed with explanation,Yes
6485191,Web,2023-01-25,2023-01-25,0,NC,Checking or savings account,Savings account,Problem with a lender or other company charging your account,Transaction was not authorized,Closed with explanation,Yes
6484303,Web,2023-01-25,2023-01-25,0,IL,Checking or savings account,Checking account,Managing an account,Deposits and withdrawals,Closed with explanation,Yes
6484864,Web,2023-01-25,2023-01-25,0,CA,Credit card or prepaid card,General-purpose credit card or charge card,Getting a credit card,Application denied,Closed with non-monetary relief,Yes
6486838,Web,2023-01-25,2023-01-25,0,IN,Checking or savings account,Checking account,Managing an account,Deposits and withdrawals,Closed with explanation,Yes
6484607,Web,2023-01-25,2023-01-25,0,MS,Credit card or prepaid card,General-purpose prepaid card,Problem getting a card or closing an account,"Trouble getting, activating, or registering a card",Closed with explanation,Yes
6485115,Web,2023-01-25,2023-01-25,0,MI,"Money transfer, virtual currency, or money service",Mobile or digital wallet,Fraud or scam,NA,Closed with explanation,Yes
6484097,Web,2023-01-25,2023-01-25,0,TX,Credit card or prepaid card,Government benefit card,Problem getting a card or closing an account,Trouble closing card,Closed with explanation,Yes
6484361,Web,2023-01-25,2023-01-25,0,CA,Checking or savings account,Checking account,Opening an account,Unable to open an account,Closed with explanation,Yes
6477881,Web,2023-01-25,2023-01-25,0,PA,Vehicle loan or lease,Loan,Getting a loan or lease,Confusing or misleading advertising or marketing,Closed with explanation,Yes
6492931,Referral,2023-01-25,2023-01-26,1,MD,Credit card or prepaid card,General-purpose credit card or charge card,Problem with a purchase shown on your statement,Credit card company isn't resolving a dispute about a purchase on your statement,Closed with monetary relief,No
6488038,Web,2023-01-25,2023-01-25,0,NY,Checking or savings account,Checking account,Managing an account,Problem using a debit or ATM card,Closed with monetary relief,Yes
6483812,Web,2023-01-25,2023-01-25,0,FL,Credit card or prepaid card,General-purpose credit card or charge card,Trouble using your card,Can't use card to make purchases,Closed with explanation,Yes
6488156,Web,2023-01-25,2023-01-26,1,CA,Credit card or prepaid card,General-purpose credit card or charge card,"Other features, terms, or problems",Other problem,Closed with monetary relief,No
6484191,Web,2023-01-25,2023-01-25,0,MD,Checking or savings account,Checking account,Opening an account,Account opened as a result of fraud,Closed with explanation,Yes
6484525,Phone,2023-01-25,2023-01-25,0,MD,Mortgage,Conventional home mortgage,Trouble during payment process,NA,Closed with monetary relief,Yes
6487863,Web,2023-01-25,2023-01-26,1,WA,Credit card or prepaid card,General-purpose credit card or charge card,Problem with a purchase shown on your statement,Card was charged for something you did not purchase with the card,Closed with monetary relief,Yes
6487710,Postal mail,2023-01-25,2023-01-25,0,FL,Checking or savings account,Savings account,Managing an account,Deposits and withdrawals,Closed with explanation,Yes
6483928,Web,2023-01-25,2023-01-25,0,MA,"Credit reporting, credit repair services, or other personal consumer reports",Credit reporting,Incorrect information on your report,Information belongs to someone else,Closed with explanation,Yes
6483381,Web,2023-01-25,2023-01-25,0,NV,Checking or savings account,Checking account,Managing an account,Deposits and withdrawals,Closed with explanation,Yes
6483987,Web,2023-01-25,2023-01-25,0,MA,Checking or savings account,Checking account,Closing an account,Company closed your account,Closed with explanation,Yes
6491935,Web,2023-01-26,2023-01-26,0,PA,Credit card or prepaid card,General-purpose credit card or charge card,Getting a credit card,Card opened as result of identity theft or fraud,Closed with explanation,Yes
6492997,Web,2023-01-26,2023-01-26,0,NY,Checking or savings account,Checking account,Managing an account,Cashing a check,Closed with explanation,Yes
6486067,Web,2023-01-26,2023-01-27,1,CA,Checking or savings account,Checking account,Managing an account,Problem using a debit or ATM card,Closed with explanation,Yes
6491780,Web,2023-01-26,2023-01-26,0,MN,Checking or savings account,Checking account,Managing an account,Deposits and withdrawals,Closed with explanation,Yes
6491441,Web,2023-01-26,2023-01-26,0,NV,"Credit reporting, credit repair services, or other personal consumer reports",Credit reporting,Improper use of your report,Reporting company used your report improperly,Closed with explanation,Yes
6491933,Postal mail,2023-01-26,2023-01-26,0,NY,Checking or savings account,Checking account,Managing an account,Deposits and withdrawals,Closed with explanation,No
6492284,Web,2023-01-26,2023-01-26,0,IL,Checking or savings account,Checking account,Opening an account,Unable to open an account,Closed with explanation,Yes
6491995,Web,2023-01-26,2023-01-26,0,MD,Credit card or prepaid card,General-purpose credit card or charge card,"Other features, terms, or problems",Problem with cash advances,Closed with explanation,No
6534107,Referral,2023-01-26,2023-03-18,51,GA,Mortgage,Conventional home mortgage,Struggling to pay mortgage,NA,Closed with explanation,Yes
6491885,Phone,2023-01-26,2023-01-26,0,TN,Checking or savings account,Other banking product or service,Managing an account,Banking errors,Closed with explanation,Yes
6492455,Web,2023-01-26,2023-01-26,0,NV,Checking or savings account,Checking account,Closing an account,Funds not received from closed account,Closed with monetary relief,Yes
6485844,Web,2023-01-26,2023-01-26,0,CA,Checking or savings account,Checking account,Opening an account,Account opened as a result of fraud,Closed with monetary relief,Yes
6492816,Web,2023-01-26,2023-01-26,0,TX,Credit card or prepaid card,General-purpose credit card or charge card,Getting a credit card,Card opened as result of identity theft or fraud,Closed with non-monetary relief,Yes
6492205,Web,2023-01-26,2023-01-26,0,CA,Credit card or prepaid card,Government benefit card,Problem with a purchase or transfer,Card company isn't resolving a dispute about a purchase or transfer,Closed with monetary relief,Yes
6492029,Web,2023-01-26,2023-01-26,0,NC,"Credit reporting, credit repair services, or other personal consumer reports",Credit reporting,Credit monitoring or identity theft protection services,Received unwanted marketing or advertising,Closed with non-monetary relief,Yes
6487244,Web,2023-01-26,2023-01-26,0,NM,Checking or savings account,Checking account,Problem caused by your funds being low,Non-sufficient funds and associated fees,Closed with explanation,Yes
6487601,Web,2023-01-26,2023-01-26,0,CA,"Money transfer, virtual currency, or money service",Mobile or digital wallet,Fraud or scam,NA,Closed with explanation,Yes
6487862,Web,2023-01-26,2023-01-26,0,CA,Credit card or prepaid card,Government benefit card,Problem with a purchase or transfer,Charged for a purchase or transfer you did not make with the card,Closed with explanation,Yes
6487565,Web,2023-01-26,2023-01-26,0,NY,Checking or savings account,Checking account,Closing an account,Company closed your account,Closed with explanation,Yes
6491393,Web,2023-01-26,2023-01-26,0,TX,Checking or savings account,Other banking product or service,Managing an account,Problem making or receiving payments,Closed with monetary relief,Yes
6488022,Web,2023-01-26,2023-02-27,32,NY,Checking or savings account,Checking account,Closing an account,Company closed your account,Closed with explanation,Yes
6491720,Web,2023-01-26,2023-01-26,0,CA,Credit card or prepaid card,Government benefit card,Problem with a purchase or transfer,Card company isn't resolving a dispute about a purchase or transfer,Closed with explanation,Yes
6491930,Web,2023-01-26,2023-01-26,0,MA,Credit card or prepaid card,General-purpose credit card or charge card,Problem with a purchase shown on your statement,Credit card company isn't resolving a dispute about a purchase on your statement,Closed with monetary relief,Yes
6486786,Web,2023-01-26,2023-01-26,0,VA,Mortgage,Home equity loan or line of credit (HELOC),Trouble during payment process,NA,Closed with non-monetary relief,Yes
6485718,Web,2023-01-26,2023-01-26,0,CA,"Credit reporting, credit repair services, or other personal consumer reports",Credit reporting,Improper use of your report,Credit inquiries on your report that you don't recognize,Closed with explanation,Yes
6491758,Phone,2023-01-26,2023-01-26,0,GA,Checking or savings account,Checking account,Managing an account,Problem using a debit or ATM card,Closed with explanation,Yes
6491030,Phone,2023-01-26,2023-01-27,1,CA,Checking or savings account,Other banking product or service,Managing an account,Deposits and withdrawals,Closed with explanation,Yes
6487975,Web,2023-01-26,2023-01-26,0,TX,Checking or savings account,Checking account,Managing an account,Banking errors,Closed with explanation,Yes
6490733,Web,2023-01-26,2023-02-16,21,CA,Checking or savings account,Checking account,Closing an account,Funds not received from closed account,Closed with monetary relief,Yes
6487416,Phone,2023-01-26,2023-01-26,0,CA,Credit card or prepaid card,General-purpose credit card or charge card,Problem when making payments,Problem during payment process,Closed with explanation,Yes
6486607,Web,2023-01-26,2023-01-26,0,NJ,"Money transfer, virtual currency, or money service",Domestic (US) money transfer,Fraud or scam,NA,Closed with explanation,Yes
6492815,Web,2023-01-26,2023-01-26,0,CA,"Credit reporting, credit repair services, or other personal consumer reports",Credit reporting,Improper use of your report,Credit inquiries on your report that you don't recognize,Closed with explanation,Yes
6493067,Web,2023-01-26,2023-01-26,0,CO,"Credit reporting, credit repair services, or other personal consumer reports",Credit reporting,Incorrect information on your report,Information belongs to someone else,Closed with non-monetary relief,Yes
6492906,Web,2023-01-26,2023-01-26,0,CA,Mortgage,FHA mortgage,Incorrect information on your report,Account information incorrect,Closed with explanation,Yes
6485829,Web,2023-01-26,2023-01-26,0,PA,"Credit reporting, credit repair services, or other personal consumer reports",Credit reporting,Improper use of your report,Reporting company used your report improperly,Closed with explanation,Yes
6485910,Web,2023-01-26,2023-01-26,0,CA,Checking or savings account,Checking account,Managing an account,Cashing a check,Closed with explanation,Yes
6496238,Web,2023-01-27,2023-02-23,27,NY,Checking or savings account,Checking account,Managing an account,Funds not handled or disbursed as instructed,Closed with explanation,Yes
6494940,Web,2023-01-27,2023-01-27,0,SC,Checking or savings account,Checking account,Problem with a lender or other company charging your account,Money was taken from your account on the wrong day or for the wrong amount,Closed with monetary relief,Yes
6495053,Web,2023-01-27,2023-01-27,0,PA,"Credit reporting, credit repair services, or other personal consumer reports",Credit reporting,Incorrect information on your report,Account status incorrect,Closed with explanation,Yes
6490617,Web,2023-01-27,2023-01-27,0,NJ,Credit card or prepaid card,General-purpose credit card or charge card,Getting a credit card,Card opened as result of identity theft or fraud,Closed with non-monetary relief,Yes
6495941,Web,2023-01-27,2023-01-27,0,IA,Checking or savings account,Checking account,Closing an account,Can't close your account,Closed with non-monetary relief,Yes
6495417,Web,2023-01-27,2023-01-27,0,OR,"Credit reporting, credit repair services, or other personal consumer reports",Credit reporting,Problem with a credit reporting company's investigation into an existing problem,Difficulty submitting a dispute or getting information about a dispute over the phone,Closed with non-monetary relief,Yes
6495945,Web,2023-01-27,2023-01-27,0,FL,Checking or savings account,Checking account,Problem with a lender or other company charging your account,Transaction was not authorized,Closed with monetary relief,Yes
6496357,Web,2023-01-27,2023-03-17,49,NC,Checking or savings account,Checking account,Managing an account,Cashing a check,Closed with explanation,Yes
6490281,Web,2023-01-27,2023-01-27,0,TX,Checking or savings account,Checking account,Managing an account,Funds not handled or disbursed as instructed,Closed with monetary relief,Yes
6490284,Web,2023-01-27,2023-01-27,0,NJ,Credit card or prepaid card,General-purpose credit card or charge card,Problem with a purchase shown on your statement,Card was charged for something you did not purchase with the card,Closed with monetary relief,Yes
6489798,Web,2023-01-27,2023-01-27,0,FL,Credit card or prepaid card,General-purpose credit card or charge card,Trouble using your card,Can't use card to make purchases,Closed with explanation,Yes
6495344,Web,2023-01-27,2023-01-27,0,CT,"Money transfer, virtual currency, or money service",Domestic (US) money transfer,Fraud or scam,NA,Closed with explanation,Yes
6494903,Web,2023-01-27,2023-01-27,0,CA,"Money transfer, virtual currency, or money service",Virtual currency,Fraud or scam,NA,Closed with explanation,Yes
6496432,Web,2023-01-27,2023-01-27,0,WA,Credit card or prepaid card,General-purpose credit card or charge card,Trouble using your card,Can't use card to make purchases,Closed with non-monetary relief,Yes
6489528,Web,2023-01-27,2023-01-27,0,CA,Checking or savings account,Checking account,Managing an account,Problem using a debit or ATM card,Closed with explanation,Yes
6495584,Web,2023-01-27,2023-01-27,0,CA,Credit card or prepaid card,General-purpose credit card or charge card,Getting a credit card,Application denied,Closed with explanation,Yes
6490095,Web,2023-01-27,2023-01-27,0,NV,Debt collection,Credit card debt,Attempts to collect debt not owed,Debt was result of identity theft,Closed with explanation,Yes
6490073,Web,2023-01-27,2023-01-27,0,CA,Checking or savings account,Checking account,Problem with a lender or other company charging your account,Transaction was not authorized,Closed with explanation,Yes
6495669,Referral,2023-01-27,2023-01-27,0,MD,Checking or savings account,Checking account,Problem with a lender or other company charging your account,Transaction was not authorized,Closed with explanation,Yes
6495055,Web,2023-01-27,2023-01-27,0,SC,"Money transfer, virtual currency, or money service",Domestic (US) money transfer,Fraud or scam,NA,Closed with explanation,No
6495982,Web,2023-01-27,2023-01-27,0,MA,Checking or savings account,Checking account,Opening an account,Account opened as a result of fraud,Closed with explanation,No
6494994,Web,2023-01-27,2023-01-27,0,AZ,Checking or savings account,Savings account,Managing an account,Deposits and withdrawals,Closed with monetary relief,Yes
6490523,Web,2023-01-27,2023-02-16,20,AL,"Money transfer, virtual currency, or money service",Domestic (US) money transfer,Money was not available when promised,NA,Closed with explanation,Yes
6495419,Web,2023-01-27,2023-01-27,0,FL,Vehicle loan or lease,Loan,Getting a loan or lease,Confusing or misleading advertising or marketing,Closed with explanation,Yes
6496433,Web,2023-01-27,2023-01-27,0,WA,Credit card or prepaid card,General-purpose credit card or charge card,Problem with a purchase shown on your statement,Credit card company isn't resolving a dispute about a purchase on your statement,Closed with explanation,Yes
6494589,Web,2023-01-27,2023-01-28,1,CA,Credit card or prepaid card,Government benefit card,Unexpected or other fees,NA,Closed with explanation,Yes
6490475,Web,2023-01-27,2023-01-27,0,NY,Checking or savings account,Checking account,Managing an account,Problem using a debit or ATM card,Closed with explanation,Yes
6496167,Web,2023-01-27,2023-01-27,0,SC,Checking or savings account,Checking account,Managing an account,Problem accessing account,Closed with monetary relief,Yes
6495102,Web,2023-01-27,2023-01-27,0,TX,Checking or savings account,Checking account,Managing an account,Deposits and withdrawals,Closed with monetary relief,Yes
6495210,Web,2023-01-27,2023-01-27,0,CA,"Credit reporting, credit repair services, or other personal consumer reports",Credit reporting,Problem with fraud alerts or security freezes,NA,Closed with explanation,No
6495614,Phone,2023-01-27,2023-01-27,0,FL,Credit card or prepaid card,General-purpose credit card or charge card,"Other features, terms, or problems",Problem with balance transfer,Closed with explanation,Yes
6497090,Web,2023-01-27,2023-01-27,0,CA,Mortgage,FHA mortgage,Incorrect information on your report,Account information incorrect,Closed with explanation,Yes
6496532,Web,2023-01-27,2023-01-27,0,NY,"Credit reporting, credit repair services, or other personal consumer reports",Credit reporting,Incorrect information on your report,Account status incorrect,Closed with explanation,Yes
6490487,Web,2023-01-27,2023-01-27,0,FL,Credit card or prepaid card,General-purpose credit card or charge card,Getting a credit card,Card opened as result of identity theft or fraud,Closed with non-monetary relief,Yes
6496385,Referral,2023-01-27,2023-01-27,0,AZ,Credit card or prepaid card,General-purpose credit card or charge card,Getting a credit card,Card opened as result of identity theft or fraud,Closed with non-monetary relief,No
6489981,Web,2023-01-27,2023-01-27,0,VA,Checking or savings account,Checking account,Managing an account,Deposits and withdrawals,Closed with explanation,No
6494572,Phone,2023-01-27,2023-01-28,1,WA,Checking or savings account,CD (Certificate of Deposit),Managing an account,Deposits or withdrawals,Closed with explanation,Yes
6495342,Web,2023-01-27,2023-01-27,0,IA,"Money transfer, virtual currency, or money service",Virtual currency,Fraud or scam,NA,Closed with explanation,Yes
6495666,Web,2023-01-27,2023-01-27,0,NY,Credit card or prepaid card,General-purpose credit card or charge card,Problem when making payments,Problem during payment process,Closed with explanation,Yes
6495170,Web,2023-01-27,2023-01-27,0,IL,Credit card or prepaid card,General-purpose credit card or charge card,Problem with a purchase shown on your statement,Card was charged for something you did not purchase with the card,Closed with explanation,No
6494723,Web,2023-01-27,2023-01-27,0,TN,Checking or savings account,Checking account,Managing an account,Banking errors,Closed with monetary relief,No
6496928,Phone,2023-01-27,2023-01-27,0,NY,Checking or savings account,Other banking product or service,Managing an account,Banking errors,Closed with explanation,Yes
6495275,Web,2023-01-27,2023-01-27,0,TX,Checking or savings account,Checking account,Opening an account,Unable to open an account,Closed with explanation,Yes
6495483,Web,2023-01-27,2023-01-27,0,OH,Checking or savings account,Other banking product or service,Opening an account,Account opened as a result of fraud,Closed with explanation,Yes
6495450,Web,2023-01-27,2023-01-27,0,NY,Credit card or prepaid card,General-purpose credit card or charge card,Problem with a purchase shown on your statement,Card was charged for something you did not purchase with the card,Closed with monetary relief,Yes
6506309,Referral,2023-01-27,2023-01-30,3,AR,Checking or savings account,Checking account,Managing an account,Deposits and withdrawals,Closed with monetary relief,Yes
6496025,Web,2023-01-27,2023-01-27,0,CA,"Credit reporting, credit repair services, or other personal consumer reports",Credit reporting,Improper use of your report,Reporting company used your report improperly,Closed with explanation,Yes
6495472,Web,2023-01-27,2023-01-27,0,CA,"Money transfer, virtual currency, or money service",Mobile or digital wallet,Fraud or scam,NA,Closed with explanation,Yes
6495207,Web,2023-01-27,2023-01-27,0,NY,Checking or savings account,Checking account,Managing an account,Problem accessing account,Closed with explanation,Yes
6490086,Web,2023-01-27,2023-01-27,0,IL,Vehicle loan or lease,Loan,Getting a loan or lease,Confusing or misleading advertising or marketing,Closed with explanation,Yes
6506528,Referral,2023-01-27,2023-01-30,3,TX,Checking or savings account,Checking account,Managing an account,Deposits and withdrawals,Closed with monetary relief,Yes
6490813,Web,2023-01-27,2023-01-27,0,CA,"Credit reporting, credit repair services, or other personal consumer reports",Credit reporting,Problem with a credit reporting company's investigation into an existing problem,Their investigation did not fix an error on your report,Closed with explanation,Yes
6495659,Web,2023-01-27,2023-01-27,0,MN,Checking or savings account,Checking account,Opening an account,Account opened as a result of fraud,Closed with explanation,No
6495783,Web,2023-01-27,2023-01-27,0,TX,Credit card or prepaid card,General-purpose credit card or charge card,Closing your account,Company closed your account,Closed with explanation,No
6495212,Web,2023-01-27,2023-01-27,0,CA,Credit card or prepaid card,Government benefit card,Problem with a purchase or transfer,Card company isn't resolving a dispute about a purchase or transfer,Closed with explanation,Yes
6490561,Web,2023-01-27,2023-01-27,0,GA,Checking or savings account,Savings account,Managing an account,Problem making or receiving payments,Closed with explanation,Yes
6495943,Web,2023-01-27,2023-01-27,0,CA,Mortgage,FHA mortgage,Incorrect information on your report,Account status incorrect,Closed with explanation,Yes
6494857,Referral,2023-01-27,2023-01-27,0,AZ,Credit card or prepaid card,General-purpose credit card or charge card,Getting a credit card,Card opened as result of identity theft or fraud,Closed with non-monetary relief,No
6490812,Web,2023-01-27,2023-01-27,0,CA,"Credit reporting, credit repair services, or other personal consumer reports",Credit reporting,Problem with a credit reporting company's investigation into an existing problem,Their investigation did not fix an error on your report,Closed with explanation,Yes
6506512,Referral,2023-01-27,2023-01-30,3,TX,Checking or savings account,Checking account,Managing an account,Deposits and withdrawals,Closed with monetary relief,Yes
6499038,Web,2023-01-28,2023-01-28,0,CA,"Money transfer, virtual currency, or money service",Money order,Fraud or scam,NA,Closed with explanation,No
6500023,Web,2023-01-28,2023-01-28,0,IL,Checking or savings account,Checking account,Opening an account,Account opened as a result of fraud,Closed with explanation,Yes
6494171,Web,2023-01-28,2023-01-28,0,MA,Checking or savings account,Checking account,Managing an account,Deposits and withdrawals,Closed with monetary relief,Yes
6494327,Web,2023-01-28,2023-02-21,24,TX,"Money transfer, virtual currency, or money service",Check cashing service,Unexpected or other fees,NA,Closed with monetary relief,No
6499359,Web,2023-01-28,2023-01-28,0,CA,"Money transfer, virtual currency, or money service",Domestic (US) money transfer,Fraud or scam,NA,Closed with explanation,Yes
6499266,Web,2023-01-28,2023-01-28,0,CA,Checking or savings account,Checking account,Problem caused by your funds being low,Non-sufficient funds and associated fees,Closed with monetary relief,Yes
6499460,Web,2023-01-28,2023-01-28,0,NY,Credit card or prepaid card,General-purpose credit card or charge card,"Other features, terms, or problems",Problem with rewards from credit card,Closed with monetary relief,Yes
6500628,Web,2023-01-28,2023-01-28,0,WA,Checking or savings account,Savings account,Managing an account,Deposits and withdrawals,Closed with explanation,Yes
6500211,Web,2023-01-28,2023-01-28,0,NC,Checking or savings account,Checking account,Closing an account,Company closed your account,Closed with explanation,Yes
6500087,Web,2023-01-28,2023-01-28,0,NJ,Checking or savings account,Other banking product or service,Problem with a lender or other company charging your account,Transaction was not authorized,Closed with explanation,Yes
6499425,Web,2023-01-28,2023-01-28,0,CO,Credit card or prepaid card,General-purpose credit card or charge card,Problem with a purchase shown on your statement,Credit card company isn't resolving a dispute about a purchase on your statement,Closed with monetary relief,Yes
6500158,Web,2023-01-28,2023-01-28,0,FL,Checking or savings account,Checking account,Opening an account,Account opened as a result of fraud,Closed with explanation,Yes
6500194,Web,2023-01-28,2023-01-28,0,NC,Checking or savings account,Checking account,Closing an account,Company closed your account,Closed with monetary relief,Yes
6499079,Web,2023-01-28,2023-01-28,0,CA,Checking or savings account,Checking account,Managing an account,Problem using a debit or ATM card,Closed with explanation,Yes
6500225,Web,2023-01-28,2023-01-28,0,GA,Mortgage,Home equity loan or line of credit (HELOC),Struggling to pay mortgage,NA,Closed with explanation,Yes
6499822,Web,2023-01-28,2023-01-28,0,PA,"Money transfer, virtual currency, or money service",Mobile or digital wallet,Fraud or scam,NA,Closed with explanation,Yes
6499248,Web,2023-01-28,2023-01-28,0,CA,Debt collection,Credit card debt,False statements or representation,Attempted to collect wrong amount,Closed with explanation,Yes
6499254,Web,2023-01-28,2023-01-28,0,CA,Debt collection,Credit card debt,False statements or representation,Attempted to collect wrong amount,Closed with explanation,Yes
6499482,Web,2023-01-28,2023-01-28,0,CO,Credit card or prepaid card,General-purpose credit card or charge card,Getting a credit card,Card opened as result of identity theft or fraud,Closed with non-monetary relief,Yes
6502173,Web,2023-01-29,2023-01-29,0,CA,Credit card or prepaid card,General-purpose credit card or charge card,Getting a credit card,Card opened as result of identity theft or fraud,Closed with explanation,Yes
6502121,Web,2023-01-29,2023-02-09,11,AZ,Checking or savings account,Checking account,Problem caused by your funds being low,Overdrafts and overdraft fees,Closed with explanation,Yes
6502331,Web,2023-01-29,2023-01-29,0,CA,Credit card or prepaid card,Government benefit card,Problem with a purchase or transfer,Charged for a purchase or transfer you did not make with the card,Closed with monetary relief,Yes
6502629,Web,2023-01-29,2023-01-29,0,NV,Checking or savings account,Other banking product or service,Opening an account,Account opened as a result of fraud,Closed with explanation,Yes
6502280,Web,2023-01-29,2023-01-29,0,NV,Credit card or prepaid card,General-purpose credit card or charge card,Problem when making payments,Problem during payment process,Closed with explanation,Yes
6502439,Web,2023-01-29,2023-01-29,0,MD,Checking or savings account,Other banking product or service,Opening an account,Account opened as a result of fraud,Closed with explanation,Yes
6498764,Web,2023-01-29,2023-01-29,0,MI,Checking or savings account,Checking account,Managing an account,Deposits and withdrawals,Closed with explanation,Yes
6500999,Web,2023-01-29,2023-01-29,0,CA,Credit card or prepaid card,Government benefit card,Unexpected or other fees,NA,Closed with explanation,Yes
6502534,Web,2023-01-29,2023-01-29,0,NY,Checking or savings account,Checking account,Managing an account,Problem using a debit or ATM card,Closed with explanation,Yes
6503123,Web,2023-01-29,2023-01-29,0,FL,Credit card or prepaid card,General-purpose credit card or charge card,Getting a credit card,Sent card you never applied for,Closed with non-monetary relief,Yes
6502149,Web,2023-01-29,2023-01-29,0,CA,Checking or savings account,Checking account,Problem caused by your funds being low,Non-sufficient funds and associated fees,Closed with monetary relief,No
6503226,Web,2023-01-29,2023-01-29,0,NC,Credit card or prepaid card,General-purpose credit card or charge card,Getting a credit card,Sent card you never applied for,Closed with non-monetary relief,Yes
6501164,Web,2023-01-29,2023-02-26,28,NY,Checking or savings account,Savings account,Managing an account,Problem making or receiving payments,Closed with explanation,Yes
6503138,Web,2023-01-29,2023-01-29,0,NY,Checking or savings account,Checking account,Closing an account,Funds not received from closed account,Closed with explanation,Yes
6502199,Web,2023-01-29,2023-02-14,16,AL,Credit card or prepaid card,Government benefit card,Problem getting a card or closing an account,Trouble closing card,Closed with monetary relief,Yes
6503426,Web,2023-01-29,2023-01-29,0,AL,Credit card or prepaid card,General-purpose credit card or charge card,Closing your account,Company closed your account,Closed with explanation,Yes
6500926,Web,2023-01-29,2023-01-29,0,NJ,"Credit reporting, credit repair services, or other personal consumer reports",Credit reporting,Incorrect information on your report,Account information incorrect,Closed with explanation,Yes
6502097,Web,2023-01-29,2023-01-29,0,AZ,Checking or savings account,Checking account,Problem caused by your funds being low,Overdrafts and overdraft fees,Closed with explanation,Yes
6502975,Web,2023-01-29,2023-01-29,0,NJ,"Credit reporting, credit repair services, or other personal consumer reports",Credit reporting,Incorrect information on your report,Information belongs to someone else,Closed with explanation,Yes
6500977,Web,2023-01-29,2023-01-29,0,NJ,"Credit reporting, credit repair services, or other personal consumer reports",Credit reporting,Incorrect information on your report,Account information incorrect,Closed with explanation,Yes
6503382,Web,2023-01-29,2023-01-29,0,SC,Checking or savings account,Checking account,Opening an account,Account opened as a result of fraud,Closed with non-monetary relief,No
6507148,Web,2023-01-30,2023-01-30,0,TX,Checking or savings account,Checking account,Closing an account,Company closed your account,Closed with explanation,Yes
6504950,Web,2023-01-30,2023-01-30,0,TX,"Money transfer, virtual currency, or money service",Domestic (US) money transfer,Fraud or scam,NA,Closed with explanation,Yes
6506535,Web,2023-01-30,2023-01-30,0,CA,Credit card or prepaid card,Government benefit card,Problem with a purchase or transfer,Charged for a purchase or transfer you did not make with the card,Closed with explanation,Yes
6505962,Web,2023-01-30,2023-01-30,0,MS,Checking or savings account,Checking account,Managing an account,Funds not handled or disbursed as instructed,Closed with explanation,Yes
6504754,Web,2023-01-30,2023-01-30,0,NV,Checking or savings account,Checking account,Opening an account,Account opened as a result of fraud,Closed with explanation,Yes
6505873,Web,2023-01-30,2023-01-30,0,WA,Credit card or prepaid card,General-purpose credit card or charge card,Trouble using your card,Can't use card to make purchases,Closed with explanation,Yes
6501858,Web,2023-01-30,2023-01-30,0,FL,Credit card or prepaid card,General-purpose credit card or charge card,Closing your account,Company closed your account,Closed with explanation,No
6505785,Web,2023-01-30,2023-01-30,0,FL,Debt collection,Credit card debt,Took or threatened to take negative or legal action,Sued you without properly notifying you of lawsuit,Closed with explanation,Yes
6504780,Web,2023-01-30,2023-01-30,0,CA,Checking or savings account,Checking account,Managing an account,Fee problem,Closed with monetary relief,Yes
6505548,Web,2023-01-30,2023-01-30,0,NJ,Checking or savings account,Checking account,Problem caused by your funds being low,Overdrafts and overdraft fees,Closed with explanation,Yes
6505334,Web,2023-01-30,2023-01-30,0,MO,Credit card or prepaid card,General-purpose credit card or charge card,"Other features, terms, or problems",Other problem,Closed with monetary relief,Yes
6506181,Web,2023-01-30,2023-01-30,0,VT,Credit card or prepaid card,General-purpose credit card or charge card,Getting a credit card,Card opened as result of identity theft or fraud,Closed with non-monetary relief,Yes
6506523,Web,2023-01-30,2023-01-30,0,TX,Checking or savings account,Checking account,Problem with a lender or other company charging your account,Transaction was not authorized,Closed with explanation,No
6506010,Postal mail,2023-01-30,2023-01-30,0,TX,Checking or savings account,Checking account,Managing an account,Deposits and withdrawals,Closed with explanation,Yes
6505297,Web,2023-01-30,2023-01-30,0,VA,Credit card or prepaid card,General-purpose credit card or charge card,Problem with a purchase shown on your statement,Overcharged for something you did purchase with the card,Closed with explanation,No
6501801,Web,2023-01-30,2023-01-30,0,AL,Checking or savings account,Other banking product or service,Opening an account,Unable to open an account,Closed with explanation,No
6501462,Web,2023-01-30,2023-01-30,0,IN,"Credit reporting, credit repair services, or other personal consumer reports",Credit reporting,Improper use of your report,Credit inquiries on your report that you don't recognize,Closed with explanation,Yes
6505491,Web,2023-01-30,2023-01-30,0,DE,Credit card or prepaid card,General-purpose credit card or charge card,Trouble using your card,Can't use card to make purchases,Closed with explanation,Yes
6506913,Web,2023-01-30,2023-01-30,0,MI,Checking or savings account,Checking account,Opening an account,Account opened as a result of fraud,Closed with non-monetary relief,Yes
6504932,Web,2023-01-30,2023-01-30,0,CA,Credit card or prepaid card,Government benefit card,Problem with a purchase or transfer,Card company isn't resolving a dispute about a purchase or transfer,Closed with explanation,Yes
6506385,Phone,2023-01-30,2023-01-30,0,GA,Checking or savings account,Checking account,Managing an account,Cashing a check,Closed with explanation,Yes
6504818,Web,2023-01-30,2023-01-30,0,OH,"Money transfer, virtual currency, or money service",Domestic (US) money transfer,Fraud or scam,NA,Closed with explanation,No
6506437,Phone,2023-01-30,2023-01-30,0,FL,Checking or savings account,Checking account,Managing an account,Deposits and withdrawals,Closed with explanation,Yes
6506277,Referral,2023-01-30,2023-01-30,0,CA,Credit card or prepaid card,General-purpose prepaid card,Problem with a purchase or transfer,Card company isn't resolving a dispute about a purchase or transfer,Closed with explanation,Yes
6507064,Web,2023-01-30,2023-01-30,0,CA,Checking or savings account,Checking account,Closing an account,Can't close your account,Closed with monetary relief,Yes
6505513,Web,2023-01-30,2023-01-30,0,CA,Checking or savings account,Checking account,Managing an account,Problem using a debit or ATM card,Closed with explanation,Yes
6506133,Referral,2023-01-30,2023-01-30,0,SC,Checking or savings account,Checking account,Managing an account,Problem using a debit or ATM card,Closed with explanation,Yes
6506065,Web,2023-01-30,2023-01-30,0,CA,Credit card or prepaid card,Government benefit card,Problem with a purchase or transfer,Charged for a purchase or transfer you did not make with the card,Closed with explanation,Yes
6504507,Web,2023-01-30,2023-01-31,1,DE,Credit card or prepaid card,General-purpose credit card or charge card,Problem when making payments,Problem during payment process,Closed with monetary relief,Yes
6504817,Web,2023-01-30,2023-01-30,0,CA,Checking or savings account,Checking account,Managing an account,Deposits and withdrawals,Closed with monetary relief,Yes
6505913,Web,2023-01-30,2023-01-30,0,TX,"Credit reporting, credit repair services, or other personal consumer reports",Credit reporting,Incorrect information on your report,Information belongs to someone else,Closed with non-monetary relief,Yes
6505680,Phone,2023-01-30,2023-01-30,0,CA,Checking or savings account,Other banking product or service,Problem with a lender or other company charging your account,Transaction was not authorized,Closed with explanation,Yes
6506490,Web,2023-01-30,2023-01-30,0,TN,Checking or savings account,Savings account,Closing an account,Funds not received from closed account,Closed with explanation,Yes
6505997,Web,2023-01-30,2023-01-30,0,TX,"Credit reporting, credit repair services, or other personal consumer reports",Credit reporting,Incorrect information on your report,Information belongs to someone else,Closed with non-monetary relief,Yes
6504586,Web,2023-01-30,2023-01-31,1,WI,Checking or savings account,Checking account,Opening an account,Account opened as a result of fraud,Closed with explanation,Yes
6506211,Web,2023-01-30,2023-01-30,0,CA,Credit card or prepaid card,Government benefit card,Unexpected or other fees,NA,Closed with explanation,No
6505250,Web,2023-01-30,2023-01-30,0,WA,Checking or savings account,Checking account,Closing an account,Can't close your account,Closed with explanation,No
6506101,Web,2023-01-30,2023-01-30,0,CA,Credit card or prepaid card,Government benefit card,Unexpected or other fees,NA,Closed with monetary relief,Yes
6505201,Web,2023-01-30,2023-01-30,0,MI,Checking or savings account,Checking account,Closing an account,Can't close your account,Closed with explanation,Yes
6505565,Web,2023-01-30,2023-01-30,0,KY,Credit card or prepaid card,General-purpose credit card or charge card,Getting a credit card,Card opened as result of identity theft or fraud,Closed with non-monetary relief,No
6505546,Web,2023-01-30,2023-01-30,0,WA,Checking or savings account,Checking account,Managing an account,Banking errors,Closed with explanation,Yes
6505670,Web,2023-01-30,2023-01-30,0,MI,Checking or savings account,Savings account,Opening an account,Account opened as a result of fraud,Closed with explanation,Yes
6501259,Web,2023-01-30,2023-01-30,0,GA,Credit card or prepaid card,General-purpose credit card or charge card,Getting a credit card,Card opened as result of identity theft or fraud,Closed with explanation,No
6505285,Web,2023-01-30,2023-01-30,0,NJ,Checking or savings account,Savings account,Managing an account,Deposits and withdrawals,Closed with explanation,Yes
6507198,Web,2023-01-30,2023-01-30,0,AL,"Money transfer, virtual currency, or money service",Domestic (US) money transfer,Money was not available when promised,NA,Closed with explanation,No
6505438,Web,2023-01-30,2023-01-30,0,GA,Checking or savings account,Checking account,Managing an account,Problem making or receiving payments,Closed with explanation,Yes
6505167,Web,2023-01-30,2023-01-30,0,GA,Checking or savings account,CD (Certificate of Deposit),Managing an account,Funds not handled or disbursed as instructed,Closed with monetary relief,Yes
6504756,Web,2023-01-30,2023-01-30,0,CA,Debt collection,Credit card debt,Written notification about debt,Didn't receive enough information to verify debt,Closed with explanation,Yes
6506914,Web,2023-01-30,2023-01-30,0,NY,"Credit reporting, credit repair services, or other personal consumer reports",Credit reporting,Improper use of your report,Reporting company used your report improperly,Closed with explanation,No
6504954,Web,2023-01-30,2023-01-30,0,GA,Checking or savings account,Checking account,Opening an account,Account opened as a result of fraud,Closed with explanation,Yes
6505136,Web,2023-01-30,2023-01-30,0,FL,Vehicle loan or lease,Loan,Managing the loan or lease,Billing problem,Closed with explanation,Yes
6505265,Web,2023-01-30,2023-01-30,0,NC,Checking or savings account,Checking account,Managing an account,Banking errors,Closed with explanation,Yes
6505387,Web,2023-01-30,2023-01-30,0,NY,Credit card or prepaid card,General-purpose credit card or charge card,Problem when making payments,Problem during payment process,Closed with explanation,Yes
6505990,Phone,2023-01-30,2023-01-30,0,FL,Checking or savings account,Checking account,Managing an account,Cashing a check,Closed with explanation,Yes
6507476,Web,2023-01-30,2023-01-30,0,MI,Checking or savings account,Checking account,Managing an account,Funds not handled or disbursed as instructed,Closed with monetary relief,Yes
6510751,Web,2023-01-31,2023-01-31,0,CA,Credit card or prepaid card,General-purpose credit card or charge card,Problem with a purchase shown on your statement,Card was charged for something you did not purchase with the card,Closed with explanation,No
6510021,Web,2023-01-31,2023-01-31,0,CA,Checking or savings account,Checking account,Managing an account,Deposits and withdrawals,Closed with explanation,No
6510064,Web,2023-01-31,2023-01-31,0,MD,Mortgage,Home equity loan or line of credit (HELOC),Closing on a mortgage,NA,Closed with explanation,Yes
6510400,Web,2023-01-31,2023-01-31,0,IL,Checking or savings account,Checking account,Managing an account,Banking errors,Closed with explanation,Yes
6511170,Web,2023-01-31,2023-01-31,0,TX,Checking or savings account,Checking account,Closing an account,Company closed your account,Closed with monetary relief,No
6503558,Web,2023-01-31,2023-01-31,0,MO,Checking or savings account,Savings account,Managing an account,Funds not handled or disbursed as instructed,Closed with monetary relief,No
6510682,Web,2023-01-31,2023-01-31,0,NV,Checking or savings account,Checking account,Managing an account,Problem using a debit or ATM card,Closed with monetary relief,Yes
6509623,Web,2023-01-31,2023-02-01,1,WA,Checking or savings account,Checking account,Managing an account,Banking errors,Closed with explanation,Yes
6504063,Web,2023-01-31,2023-01-31,0,GA,Checking or savings account,Checking account,Closing an account,Company closed your account,Closed with explanation,Yes
6503568,Web,2023-01-31,2023-01-31,0,MO,Checking or savings account,Checking account,Managing an account,Funds not handled or disbursed as instructed,Closed with monetary relief,No
6510406,Web,2023-01-31,2023-01-31,0,MD,Checking or savings account,Checking account,Managing an account,Problem using a debit or ATM card,Closed with monetary relief,No
6510378,Web,2023-01-31,2023-01-31,0,FL,Credit card or prepaid card,General-purpose credit card or charge card,Getting a credit card,Card opened as result of identity theft or fraud,Closed with non-monetary relief,Yes
6510407,Web,2023-01-31,2023-01-31,0,FL,Credit card or prepaid card,General-purpose credit card or charge card,Problem when making payments,Problem during payment process,Closed with non-monetary relief,Yes
6509931,Web,2023-01-31,2023-02-13,13,FL,Vehicle loan or lease,Loan,Managing the loan or lease,Billing problem,Closed with explanation,No
6510902,Web,2023-01-31,2023-01-31,0,TX,Checking or savings account,Checking account,Managing an account,Funds not handled or disbursed as instructed,Closed with explanation,Yes
6511348,Web,2023-01-31,2023-01-31,0,CA,"Credit reporting, credit repair services, or other personal consumer reports",Credit reporting,Problem with a credit reporting company's investigation into an existing problem,Was not notified of investigation status or results,Closed with explanation,Yes
6510066,Web,2023-01-31,2023-01-31,0,FL,Debt collection,Medical debt,Took or threatened to take negative or legal action,Threatened or suggested your credit would be damaged,Closed with explanation,Yes
6510699,Web,2023-01-31,2023-01-31,0,MI,Checking or savings account,Checking account,Opening an account,Account opened as a result of fraud,Closed with explanation,Yes
6511273,Web,2023-01-31,2023-01-31,0,TX,Checking or savings account,Checking account,Problem with fraud alerts or security freezes,NA,Closed with explanation,Yes
6504441,Web,2023-01-31,2023-01-31,0,MD,Checking or savings account,Checking account,Opening an account,Account opened as a result of fraud,Closed with non-monetary relief,No
6510907,Web,2023-01-31,2023-01-31,0,CA,Checking or savings account,Checking account,Managing an account,Banking errors,Closed with explanation,Yes
6510535,Phone,2023-01-31,2023-01-31,0,CA,Checking or savings account,Checking account,Managing an account,Deposits and withdrawals,Closed with explanation,Yes
6511099,Web,2023-01-31,2023-01-31,0,AZ,Credit card or prepaid card,General-purpose credit card or charge card,"Other features, terms, or problems",Problem with convenience check,Closed with monetary relief,Yes
6510540,Phone,2023-01-31,2023-01-31,0,CA,Credit card or prepaid card,Government benefit card,Problem with a purchase or transfer,Charged for a purchase or transfer you did not make with the card,Closed with explanation,Yes
6511598,Web,2023-01-31,2023-01-31,0,WA,"Money transfer, virtual currency, or money service",Domestic (US) money transfer,Fraud or scam,NA,Closed with explanation,Yes
6509842,Web,2023-01-31,2023-01-31,0,DE,Credit card or prepaid card,General-purpose credit card or charge card,Problem with a purchase shown on your statement,Credit card company isn't resolving a dispute about a purchase on your statement,Closed with explanation,Yes
6504256,Web,2023-01-31,2023-01-31,0,CA,Credit card or prepaid card,General-purpose credit card or charge card,Fees or interest,Problem with fees,Closed with monetary relief,Yes
6510402,Web,2023-01-31,2023-01-31,0,CA,Checking or savings account,Checking account,Managing an account,Deposits and withdrawals,Closed with explanation,Yes
6509729,Web,2023-01-31,2023-01-31,0,CA,Credit card or prepaid card,General-purpose credit card or charge card,"Other features, terms, or problems",Problem with customer service,Closed with explanation,Yes
6510538,Web,2023-01-31,2023-01-31,0,NY,Credit card or prepaid card,General-purpose credit card or charge card,Trouble using your card,Can't use card to make purchases,Closed with explanation,No
6510534,Phone,2023-01-31,2023-01-31,0,WA,Checking or savings account,Checking account,Closing an account,Company closed your account,Closed with explanation,Yes
6511599,Referral,2023-01-31,2023-01-31,0,VA,Checking or savings account,Savings account,Problem with a lender or other company charging your account,Transaction was not authorized,Closed with monetary relief,Yes
6510401,Phone,2023-01-31,2023-01-31,0,TN,"Money transfer, virtual currency, or money service",Foreign currency exchange,Problem with customer service,NA,Closed with explanation,Yes
6510785,Web,2023-01-31,2023-01-31,0,NY,Checking or savings account,Checking account,Managing an account,Funds not handled or disbursed as instructed,Closed with explanation,Yes
6510830,Web,2023-01-31,2023-01-31,0,OR,Credit card or prepaid card,General-purpose credit card or charge card,Getting a credit card,Card opened as result of identity theft or fraud,Closed with explanation,Yes
6509714,Web,2023-01-31,2023-02-01,1,CA,Credit card or prepaid card,General-purpose credit card or charge card,Problem with a purchase shown on your statement,Card was charged for something you did not purchase with the card,Closed with explanation,Yes
6504416,Postal mail,2023-01-31,2023-01-31,0,NJ,Checking or savings account,Checking account,Managing an account,Deposits and withdrawals,Closed with explanation,Yes
6516672,Referral,2023-01-31,2023-02-01,1,MD,Checking or savings account,Checking account,Problem caused by your funds being low,Overdrafts and overdraft fees,Closed with explanation,Yes
6510898,Web,2023-01-31,2023-01-31,0,NJ,"Money transfer, virtual currency, or money service",International money transfer,Money was not available when promised,NA,Closed with explanation,Yes
6510077,Web,2023-01-31,2023-01-31,0,CA,Checking or savings account,Checking account,Closing an account,Can't close your account,Closed with explanation,Yes
6511360,Web,2023-01-31,2023-03-18,46,CA,"Money transfer, virtual currency, or money service",Domestic (US) money transfer,Other transaction problem,NA,Closed with explanation,Yes
6517564,Web,2023-02-01,2023-02-01,0,OR,"Credit reporting, credit repair services, or other personal consumer reports",Credit reporting,Incorrect information on your report,Information belongs to someone else,Closed with explanation,Yes
6517278,Web,2023-02-01,2023-02-01,0,OR,"Credit reporting, credit repair services, or other personal consumer reports",Credit reporting,Incorrect information on your report,Information belongs to someone else,Closed with explanation,No
6517571,Web,2023-02-01,2023-02-01,0,TX,Checking or savings account,CD (Certificate of Deposit),Managing an account,Deposits or withdrawals,Closed with explanation,Yes
6516066,Web,2023-02-01,2023-02-01,0,CA,Credit card or prepaid card,General-purpose credit card or charge card,"Other features, terms, or problems",Problem with rewards from credit card,Closed with monetary relief,Yes
6516134,Web,2023-02-01,2023-02-01,0,FL,"Money transfer, virtual currency, or money service",Mobile or digital wallet,Unauthorized transactions or other transaction problem,NA,Closed with explanation,Yes
6517062,Web,2023-02-01,2023-02-01,0,NJ,Checking or savings account,Checking account,Managing an account,Problem using a debit or ATM card,Closed with explanation,Yes
6516839,Web,2023-02-01,2023-02-01,0,TX,Credit card or prepaid card,General-purpose credit card or charge card,Getting a credit card,Card opened as result of identity theft or fraud,Closed with explanation,Yes
6509410,Web,2023-02-01,2023-02-01,0,FL,Checking or savings account,Checking account,Managing an account,Problem using a debit or ATM card,Closed with explanation,Yes
6509008,Web,2023-02-01,2023-02-01,0,TX,"Money transfer, virtual currency, or money service",Domestic (US) money transfer,Fraud or scam,NA,Closed with explanation,Yes
6509191,Web,2023-02-01,2023-02-01,0,VA,"Credit reporting, credit repair services, or other personal consumer reports",Credit reporting,Problem with a credit reporting company's investigation into an existing problem,Their investigation did not fix an error on your report,Closed with explanation,Yes
6515359,Web,2023-02-01,2023-02-02,1,CA,Credit card or prepaid card,General-purpose credit card or charge card,Problem with a purchase shown on your statement,Card was charged for something you did not purchase with the card,Closed with monetary relief,Yes
6516821,Web,2023-02-01,2023-02-01,0,WI,Credit card or prepaid card,General-purpose credit card or charge card,"Other features, terms, or problems",Other problem,Closed with non-monetary relief,Yes
6516221,Web,2023-02-01,2023-02-01,0,IL,Credit card or prepaid card,General-purpose credit card or charge card,Problem when making payments,Problem during payment process,Closed with explanation,Yes
6518687,Web,2023-02-01,2023-02-01,0,NJ,Credit card or prepaid card,General-purpose credit card or charge card,Struggling to pay your bill,Credit card company won't work with you while you're going through financial hardship,Closed with explanation,No
6516135,Web,2023-02-01,2023-02-01,0,GA,Mortgage,Conventional home mortgage,Trouble during payment process,NA,Closed with explanation,Yes
6517218,Web,2023-02-01,2023-02-01,0,KY,Checking or savings account,Checking account,Closing an account,Company closed your account,Closed with explanation,Yes
6517553,Web,2023-02-01,2023-02-01,0,WA,"Money transfer, virtual currency, or money service",Check cashing service,Problem with customer service,NA,Closed with explanation,No
6519461,Web,2023-02-01,2023-02-01,0,NC,Credit card or prepaid card,General-purpose credit card or charge card,Problem with a purchase shown on your statement,Credit card company isn't resolving a dispute about a purchase on your statement,Closed with explanation,Yes
6518043,Web,2023-02-01,2023-02-01,0,CA,Credit card or prepaid card,General-purpose credit card or charge card,Trouble using your card,Credit card company won't increase or decrease your credit limit,Closed with explanation,No
6516472,Web,2023-02-01,2023-02-01,0,VA,Checking or savings account,Other banking product or service,Problem with a lender or other company charging your account,Transaction was not authorized,Closed with explanation,No
6517281,Web,2023-02-01,2023-02-01,0,OR,"Credit reporting, credit repair services, or other personal consumer reports",Credit reporting,Incorrect information on your report,Information belongs to someone else,Closed with explanation,No
6517184,Web,2023-02-01,2023-02-01,0,OK,Credit card or prepaid card,General-purpose credit card or charge card,Getting a credit card,Card opened as result of identity theft or fraud,Closed with explanation,Yes
6517968,Web,2023-02-01,2023-02-01,0,VA,Credit card or prepaid card,General-purpose credit card or charge card,Getting a credit card,Card opened as result of identity theft or fraud,Closed with non-monetary relief,Yes
6516334,Web,2023-02-01,2023-02-01,0,TX,Credit card or prepaid card,General-purpose prepaid card,Problem getting a card or closing an account,"Trouble getting, activating, or registering a card",Closed with explanation,Yes
6516240,Phone,2023-02-01,2023-02-01,0,CA,Credit card or prepaid card,Government benefit card,Problem with a purchase or transfer,Charged for a purchase or transfer you did not make with the card,Closed with monetary relief,Yes
6516759,Web,2023-02-01,2023-02-01,0,IN,Checking or savings account,Checking account,Managing an account,Problem making or receiving payments,Closed with explanation,Yes
6517063,Postal mail,2023-02-01,2023-02-01,0,CA,Credit card or prepaid card,Store credit card,Fees or interest,Problem with fees,Closed with explanation,Yes
6516315,Web,2023-02-01,2023-02-01,0,NJ,Mortgage,Conventional home mortgage,Struggling to pay mortgage,NA,Closed with explanation,Yes
6517390,Phone,2023-02-01,2023-02-01,0,NV,Checking or savings account,Checking account,Managing an account,Problem accessing account,Closed with monetary relief,Yes
6516779,Phone,2023-02-01,2023-02-01,0,GA,Checking or savings account,Checking account,Managing an account,Funds not handled or disbursed as instructed,Closed with explanation,Yes
6516490,Web,2023-02-01,2023-02-01,0,LA,"Credit reporting, credit repair services, or other personal consumer reports",Credit reporting,Improper use of your report,Credit inquiries on your report that you don't recognize,Closed with explanation,Yes
6516598,Web,2023-02-01,2023-02-01,0,TN,Checking or savings account,Checking account,Managing an account,Deposits and withdrawals,Closed with explanation,Yes
6517027,Web,2023-02-01,2023-02-01,0,FL,Checking or savings account,Checking account,Managing an account,Banking errors,Closed with explanation,Yes
6508977,Web,2023-02-01,2023-02-01,0,CA,"Credit reporting, credit repair services, or other personal consumer reports",Credit reporting,Problem with a credit reporting company's investigation into an existing problem,Their investigation did not fix an error on your report,Closed with explanation,Yes
6519865,Web Referral,2023-02-01,2023-02-02,1,NY,Checking or savings account,Checking account,Managing an account,Problem using a debit or ATM card,Closed with monetary relief,Yes
6517222,Web,2023-02-01,2023-02-01,0,TX,Checking or savings account,Checking account,Managing an account,Deposits and withdrawals,Closed with explanation,Yes
6516575,Web,2023-02-01,2023-02-01,0,OR,Checking or savings account,Checking account,Problem with a lender or other company charging your account,Transaction was not authorized,Closed with monetary relief,Yes
6515728,Web,2023-02-01,2023-02-02,1,MI,Checking or savings account,Checking account,Managing an account,Funds not handled or disbursed as instructed,Closed with explanation,Yes
6516883,Phone,2023-02-01,2023-02-01,0,CA,Checking or savings account,Checking account,Managing an account,Deposits and withdrawals,Closed with explanation,Yes
6515978,Web,2023-02-01,2023-03-21,48,AL,Credit card or prepaid card,General-purpose credit card or charge card,"Other features, terms, or problems",Privacy issues,Closed with explanation,Yes
6515913,Referral,2023-02-01,2023-02-02,1,TX,Checking or savings account,Checking account,Problem with a lender or other company charging your account,Transaction was not authorized,Closed with monetary relief,Yes
6518556,Web,2023-02-01,2023-02-13,12,TX,Debt collection,Mortgage debt,Attempts to collect debt not owed,Debt is not yours,Closed with explanation,Yes
6516584,Web,2023-02-01,2023-02-01,0,IL,"Credit reporting, credit repair services, or other personal consumer reports",Credit reporting,Problem with a credit reporting company's investigation into an existing problem,Investigation took more than 30 days,Closed with explanation,Yes
6516730,Web,2023-02-01,2023-02-01,0,TX,Checking or savings account,Other banking product or service,Managing an account,Problem making or receiving payments,Closed with monetary relief,Yes
6517828,Web,2023-02-01,2023-02-01,0,CA,Mortgage,Home equity loan or line of credit (HELOC),Applying for a mortgage or refinancing an existing mortgage,NA,Closed with explanation,Yes
6508800,Web,2023-02-01,2023-02-01,0,CA,Credit card or prepaid card,Government benefit card,Problem with a purchase or transfer,Charged for a purchase or transfer you did not make with the card,Closed with explanation,Yes
6516349,Phone,2023-02-01,2023-02-01,0,NJ,Checking or savings account,Checking account,Managing an account,Deposits and withdrawals,Closed with explanation,Yes
6516668,Web,2023-02-01,2023-02-01,0,CA,"Money transfer, virtual currency, or money service",International money transfer,Other transaction problem,NA,Closed with explanation,Yes
6516881,Web,2023-02-01,2023-02-01,0,FL,Checking or savings account,Checking account,Closing an account,Funds not received from closed account,Closed with explanation,Yes
6519004,Web,2023-02-01,2023-02-01,0,IL,Credit card or prepaid card,General-purpose credit card or charge card,Getting a credit card,Card opened as result of identity theft or fraud,Closed with non-monetary relief,Yes
6516614,Web,2023-02-01,2023-02-01,0,CA,Credit card or prepaid card,General-purpose credit card or charge card,Problem when making payments,Problem during payment process,Closed with explanation,Yes
6509097,Web,2023-02-01,2023-02-01,0,TX,"Credit reporting, credit repair services, or other personal consumer reports",Credit reporting,Incorrect information on your report,Account status incorrect,Closed with explanation,No
6516995,Web,2023-02-01,2023-02-01,0,NY,Checking or savings account,Checking account,Managing an account,Deposits and withdrawals,Closed with explanation,Yes
6532716,Web,2023-02-02,2023-02-02,0,MI,Checking or savings account,Checking account,Problem with fraud alerts or security freezes,NA,Closed with explanation,Yes
6514745,Web,2023-02-02,2023-02-02,0,FL,"Money transfer, virtual currency, or money service",Mobile or digital wallet,Fraud or scam,NA,Closed with explanation,Yes
6533031,Web,2023-02-02,2023-02-02,0,FL,Credit card or prepaid card,General-purpose credit card or charge card,Fees or interest,Charged too much interest,Closed with monetary relief,Yes
6531870,Web,2023-02-02,2023-02-02,0,VA,"Money transfer, virtual currency, or money service",Domestic (US) money transfer,Fraud or scam,NA,Closed with explanation,Yes
6515833,Web,2023-02-02,2023-02-02,0,TN,Checking or savings account,Checking account,Managing an account,Funds not handled or disbursed as instructed,Closed with explanation,Yes
6520497,Web,2023-02-02,2023-02-02,0,CA,Checking or savings account,Checking account,Closing an account,Company closed your account,Closed with explanation,No
6533182,Web,2023-02-02,2023-02-02,0,GA,Checking or savings account,Checking account,Managing an account,Deposits and withdrawals,Closed with monetary relief,Yes
6532686,Web,2023-02-02,2023-02-02,0,GA,Credit card or prepaid card,General-purpose credit card or charge card,"Advertising and marketing, including promotional offers",Didn't receive advertised or promotional terms,Closed with explanation,Yes
6515045,Web,2023-02-02,2023-02-02,0,CO,Checking or savings account,Checking account,Managing an account,Problem using a debit or ATM card,Closed with explanation,No
6532652,Web,2023-02-02,2023-02-02,0,NY,Mortgage,FHA mortgage,Struggling to pay mortgage,NA,Closed with explanation,Yes
6515504,Web,2023-02-02,2023-02-02,0,FL,"Credit reporting, credit repair services, or other personal consumer reports",Credit reporting,Improper use of your report,Credit inquiries on your report that you don't recognize,Closed with explanation,Yes
6532735,Web,2023-02-02,2023-02-02,0,IL,Credit card or prepaid card,General-purpose credit card or charge card,Getting a credit card,Card opened as result of identity theft or fraud,Closed with non-monetary relief,Yes
6532982,Phone,2023-02-02,2023-02-02,0,FL,Debt collection,Credit card debt,False statements or representation,Attempted to collect wrong amount,Closed with explanation,Yes
6514887,Web,2023-02-02,2023-02-02,0,TX,Checking or savings account,Checking account,Problem with a lender or other company charging your account,Transaction was not authorized,Closed with monetary relief,Yes
6529349,Web,2023-02-02,2023-02-02,0,MI,Checking or savings account,Checking account,Opening an account,Account opened as a result of fraud,Closed with explanation,Yes
6515358,Web,2023-02-02,2023-02-02,0,NY,Checking or savings account,Checking account,Managing an account,Fee problem,Closed with monetary relief,Yes
6515207,Web,2023-02-02,2023-02-02,0,IL,"Money transfer, virtual currency, or money service",Domestic (US) money transfer,Fraud or scam,NA,Closed with monetary relief,Yes
6515600,Phone,2023-02-02,2023-02-02,0,TX,Checking or savings account,Other banking product or service,Managing an account,Deposits and withdrawals,Closed with explanation,Yes
6519821,Web,2023-02-02,2023-02-02,0,MN,Credit card or prepaid card,General-purpose credit card or charge card,Improper use of your report,Reporting company used your report improperly,Closed with explanation,No
6531013,Web,2023-02-02,2023-02-02,0,CA,Mortgage,Conventional home mortgage,Trouble during payment process,NA,Closed with non-monetary relief,Yes
6520401,Web,2023-02-02,2023-02-02,0,CA,Checking or savings account,Checking account,Closing an account,Company closed your account,Closed with explanation,Yes
6533179,Web,2023-02-02,2023-02-02,0,MD,Checking or savings account,Checking account,Opening an account,Account opened as a result of fraud,Closed with explanation,Yes
6532811,Web,2023-02-02,2023-02-02,0,CA,Checking or savings account,Savings account,Closing an account,Funds not received from closed account,Closed with explanation,Yes
6532909,Web,2023-02-02,2023-02-02,0,MI,Checking or savings account,Checking account,Problem with a lender or other company charging your account,Transaction was not authorized,Closed with explanation,Yes
6520386,Web,2023-02-02,2023-02-02,0,FL,"Credit reporting, credit repair services, or other personal consumer reports",Credit reporting,Improper use of your report,Credit inquiries on your report that you don't recognize,Closed with explanation,Yes
6515065,Web,2023-02-02,2023-02-02,0,GA,Checking or savings account,Savings account,Managing an account,Deposits and withdrawals,Closed with monetary relief,No
6520951,Web,2023-02-02,2023-02-02,0,FL,Checking or savings account,Checking account,Managing an account,Deposits and withdrawals,Closed with explanation,Yes
6532896,Web,2023-02-02,2023-02-02,0,NC,Credit card or prepaid card,General-purpose credit card or charge card,Problem with a purchase shown on your statement,Credit card company isn't resolving a dispute about a purchase on your statement,Closed with explanation,Yes
6519822,Web,2023-02-02,2023-02-02,0,PA,Credit card or prepaid card,General-purpose credit card or charge card,Problem when making payments,Problem during payment process,Closed with non-monetary relief,Yes
6515453,Phone,2023-02-02,2023-02-02,0,CA,"Credit reporting, credit repair services, or other personal consumer reports",Credit reporting,Incorrect information on your report,Account information incorrect,Closed with explanation,No
6514979,Web,2023-02-02,2023-02-02,0,CA,Checking or savings account,Checking account,Closing an account,Company closed your account,Closed with explanation,Yes
6533288,Web,2023-02-02,2023-02-02,0,CA,Checking or savings account,Checking account,Opening an account,Account opened as a result of fraud,Closed with non-monetary relief,Yes
6532838,Web,2023-02-02,2023-02-02,0,CA,Credit card or prepaid card,General-purpose credit card or charge card,Problem when making payments,Problem during payment process,Closed with explanation,Yes
6529649,Phone,2023-02-03,2023-02-24,21,NV,Checking or savings account,Other banking product or service,Closing an account,Funds not received from closed account,Closed with monetary relief,Yes
6529077,Web,2023-02-03,2023-02-03,0,OH,Checking or savings account,Checking account,Managing an account,Deposits and withdrawals,Closed with explanation,Yes
6530692,Web,2023-02-03,2023-02-03,0,CA,Checking or savings account,Checking account,Managing an account,Fee problem,Closed with explanation,Yes
6528101,Phone,2023-02-03,2023-02-03,0,FL,Credit card or prepaid card,General-purpose credit card or charge card,"Other features, terms, or problems",Other problem,Closed with explanation,Yes
6528200,Web,2023-02-03,2023-02-03,0,CO,Credit card or prepaid card,General-purpose credit card or charge card,"Advertising and marketing, including promotional offers",Didn't receive advertised or promotional terms,Closed with non-monetary relief,Yes
6530695,Web,2023-02-03,2023-02-03,0,FL,Checking or savings account,Checking account,Problem with a lender or other company charging your account,Money was taken from your account on the wrong day or for the wrong amount,Closed with explanation,Yes
6528472,Web,2023-02-03,2023-02-03,0,KS,Debt collection,Credit card debt,Written notification about debt,Didn't receive enough information to verify debt,Closed with explanation,Yes
6528199,Web,2023-02-03,2023-02-03,0,CA,Checking or savings account,Checking account,Managing an account,Funds not handled or disbursed as instructed,Closed with explanation,Yes
6530673,Web,2023-02-03,2023-02-03,0,MA,Credit card or prepaid card,General-purpose credit card or charge card,Fees or interest,Charged too much interest,Closed with monetary relief,Yes
6529646,Web,2023-02-03,2023-03-02,27,NY,Credit card or prepaid card,General-purpose credit card or charge card,Problem with a purchase shown on your statement,Credit card company isn't resolving a dispute about a purchase on your statement,Closed with explanation,Yes
6528049,Web,2023-02-03,2023-02-03,0,NJ,"Money transfer, virtual currency, or money service",Domestic (US) money transfer,Fraud or scam,NA,Closed with explanation,Yes
6528161,Web,2023-02-03,2023-02-03,0,IN,"Credit reporting, credit repair services, or other personal consumer reports",Credit reporting,Improper use of your report,Credit inquiries on your report that you don't recognize,Closed with explanation,Yes
6529145,Web,2023-02-03,2023-02-03,0,OH,Mortgage,Conventional home mortgage,Trouble during payment process,NA,Closed with explanation,Yes
6528592,Web,2023-02-03,2023-02-03,0,FL,Checking or savings account,Checking account,Closing an account,Company closed your account,Closed with explanation,Yes
6526304,Web,2023-02-03,2023-02-03,0,CA,Credit card or prepaid card,General-purpose credit card or charge card,Problem with a purchase shown on your statement,Card was charged for something you did not purchase with the card,Closed with monetary relief,Yes
6530164,Web,2023-02-03,2023-03-02,27,NY,Checking or savings account,Checking account,Managing an account,Funds not handled or disbursed as instructed,Closed with explanation,Yes
6528119,Web,2023-02-03,2023-02-03,0,CA,"Credit reporting, credit repair services, or other personal consumer reports",Credit reporting,Incorrect information on your report,Information belongs to someone else,Closed with non-monetary relief,Yes
6528163,Web,2023-02-03,2023-02-03,0,CA,Checking or savings account,Checking account,Managing an account,Deposits and withdrawals,Closed with monetary relief,Yes
6528079,Web,2023-02-03,2023-02-04,1,NY,Checking or savings account,Checking account,Managing an account,Funds not handled or disbursed as instructed,Closed with explanation,No
6531257,Web,2023-02-03,2023-02-03,0,CA,Credit card or prepaid card,General-purpose credit card or charge card,Problem with a purchase shown on your statement,Credit card company isn't resolving a dispute about a purchase on your statement,Closed with monetary relief,Yes
6528512,Web,2023-02-03,2023-02-03,0,CO,"Credit reporting, credit repair services, or other personal consumer reports",Credit repair services,Fraud or scam,NA,Closed with explanation,No
6528836,Web,2023-02-03,2023-02-03,0,TX,Checking or savings account,Savings account,Managing an account,Deposits and withdrawals,Closed with monetary relief,No
6527977,Web,2023-02-03,2023-02-03,0,MN,Credit card or prepaid card,General-purpose credit card or charge card,"Other features, terms, or problems",Other problem,Closed with explanation,Yes
6530341,Web,2023-02-03,2023-02-03,0,NY,Checking or savings account,Checking account,Managing an account,Deposits and withdrawals,Closed with explanation,Yes
6528091,Web,2023-02-03,2023-02-03,0,NY,"Money transfer, virtual currency, or money service",Check cashing service,Fraud or scam,NA,Closed with explanation,Yes
6528673,Web,2023-02-03,2023-02-03,0,NV,Checking or savings account,Checking account,Closing an account,Company closed your account,Closed with explanation,No
6538659,Referral,2023-02-03,2023-02-14,11,IA,Checking or savings account,Checking account,Closing an account,Can't close your account,Closed with non-monetary relief,Yes
6527872,Web,2023-02-03,2023-02-03,0,NY,"Credit reporting, credit repair services, or other personal consumer reports",Credit reporting,Improper use of your report,Credit inquiries on your report that you don't recognize,Closed with explanation,Yes
6528799,Web,2023-02-03,2023-02-03,0,NJ,"Money transfer, virtual currency, or money service",Mobile or digital wallet,Fraud or scam,NA,Closed with explanation,Yes
6528675,Phone,2023-02-03,2023-02-03,0,FL,Checking or savings account,Checking account,Closing an account,Company closed your account,Closed with monetary relief,Yes
6530078,Web,2023-02-03,2023-03-02,27,SC,"Money transfer, virtual currency, or money service",Domestic (US) money transfer,Fraud or scam,NA,Closed with explanation,Yes
6529342,Web,2023-02-03,2023-02-03,0,GA,Checking or savings account,Checking account,Managing an account,Funds not handled or disbursed as instructed,Closed with monetary relief,Yes
6527504,Web,2023-02-03,2023-02-04,1,NY,Checking or savings account,Checking account,Closing an account,Funds not received from closed account,Closed with explanation,Yes
6528995,Phone,2023-02-03,2023-02-03,0,FL,Checking or savings account,Checking account,Managing an account,Deposits and withdrawals,Closed with explanation,Yes
6528219,Web,2023-02-03,2023-02-03,0,PA,Checking or savings account,Savings account,Closing an account,Can't close your account,Closed with explanation,Yes
6530618,Web,2023-02-03,2023-02-03,0,CA,Checking or savings account,Checking account,Managing an account,Cashing a check,Closed with explanation,Yes
6528133,Web,2023-02-03,2023-02-03,0,NY,Checking or savings account,Checking account,Managing an account,Funds not handled or disbursed as instructed,Closed with explanation,Yes
6529241,Phone,2023-02-03,2023-02-03,0,OR,Checking or savings account,Checking account,Closing an account,Funds not received from closed account,Closed with monetary relief,No
6528959,Web,2023-02-03,2023-02-03,0,FL,Checking or savings account,Checking account,Problem with a lender or other company charging your account,Transaction was not authorized,Closed with explanation,Yes
6528651,Web,2023-02-03,2023-02-03,0,MI,Checking or savings account,Checking account,Opening an account,Account opened as a result of fraud,Closed with explanation,No
6529237,Web,2023-02-03,2023-02-03,0,FL,"Credit reporting, credit repair services, or other personal consumer reports",Credit reporting,Incorrect information on your report,Account status incorrect,Closed with explanation,Yes
6528732,Phone,2023-02-03,2023-02-03,0,GA,Credit card or prepaid card,General-purpose credit card or charge card,Fees or interest,Charged too much interest,Closed with monetary relief,Yes
6529247,Web,2023-02-03,2023-02-03,0,IL,Checking or savings account,Checking account,Opening an account,Account opened as a result of fraud,Closed with explanation,Yes
6530667,Web,2023-02-03,2023-02-03,0,WA,Credit card or prepaid card,General-purpose credit card or charge card,"Other features, terms, or problems",Problem with balance transfer,Closed with monetary relief,Yes
6528761,Web,2023-02-03,2023-02-03,0,CA,Checking or savings account,Checking account,Managing an account,Deposits and withdrawals,Closed with monetary relief,Yes
6527959,Web,2023-02-03,2023-02-03,0,CA,Credit card or prepaid card,General-purpose credit card or charge card,Fees or interest,Unexpected increase in interest rate,Closed with explanation,Yes
6531601,Web,2023-02-03,2023-02-03,0,NY,Debt collection,Credit card debt,Attempts to collect debt not owed,Debt was result of identity theft,Closed with explanation,Yes
6528051,Web,2023-02-03,2023-02-03,0,CA,Credit card or prepaid card,General-purpose credit card or charge card,"Other features, terms, or problems",Other problem,Closed with explanation,No
6528137,Web,2023-02-03,2023-02-03,0,CA,Credit card or prepaid card,General-purpose credit card or charge card,Fees or interest,Charged too much interest,Closed with explanation,Yes
6529921,Referral,2023-02-03,2023-02-14,11,CA,Checking or savings account,Checking account,Problem with a lender or other company charging your account,Transaction was not authorized,Closed with explanation,Yes
6528859,Web,2023-02-03,2023-02-03,0,TX,Checking or savings account,Checking account,Managing an account,Deposits and withdrawals,Closed with explanation,Yes
6527707,Web,2023-02-03,2023-02-03,0,VA,"Money transfer, virtual currency, or money service",Mobile or digital wallet,Fraud or scam,NA,Closed with explanation,Yes
6529258,Web,2023-02-03,2023-02-03,0,TX,Checking or savings account,Checking account,Closing an account,Can't close your account,Closed with monetary relief,Yes
6528930,Postal mail,2023-02-03,2023-02-03,0,FL,Mortgage,Home equity loan or line of credit (HELOC),Applying for a mortgage or refinancing an existing mortgage,NA,Closed with explanation,Yes
6528965,Web,2023-02-03,2023-02-03,0,NY,Credit card or prepaid card,General-purpose credit card or charge card,Problem with a purchase shown on your statement,Credit card company isn't resolving a dispute about a purchase on your statement,Closed with explanation,No
6529678,Phone,2023-02-03,2023-02-07,4,SC,"Credit reporting, credit repair services, or other personal consumer reports",Credit reporting,Incorrect information on your report,Information belongs to someone else,Closed with non-monetary relief,Yes
6524825,Web,2023-02-04,2023-02-04,0,AL,Credit card or prepaid card,General-purpose credit card or charge card,Problem with a purchase shown on your statement,Card was charged for something you did not purchase with the card,Closed with explanation,Yes
6524943,Web,2023-02-04,2023-02-04,0,MD,Checking or savings account,Checking account,Opening an account,Account opened as a result of fraud,Closed with explanation,Yes
6524941,Web,2023-02-04,2023-02-04,0,IL,Checking or savings account,Checking account,Problem with a lender or other company charging your account,Can't stop withdrawals from your account,Closed with explanation,Yes
6529722,Web,2023-02-04,2023-03-02,26,VA,Checking or savings account,Checking account,Opening an account,Account opened as a result of fraud,Closed with explanation,Yes
6524985,Web,2023-02-04,2023-02-04,0,NJ,Checking or savings account,Checking account,Managing an account,Deposits and withdrawals,Closed with monetary relief,No
6525065,Web,2023-02-04,2023-02-04,0,CA,Credit card or prepaid card,Government benefit card,Problem with a purchase or transfer,Card company isn't resolving a dispute about a purchase or transfer,Closed with explanation,No
6525395,Web,2023-02-04,2023-02-04,0,TN,Checking or savings account,Checking account,Opening an account,Account opened as a result of fraud,Closed with explanation,Yes
6525388,Web,2023-02-04,2023-02-04,0,WA,Checking or savings account,Other banking product or service,Managing an account,Banking errors,Closed with explanation,Yes
6527545,Web,2023-02-04,2023-02-04,0,NC,"Money transfer, virtual currency, or money service",Mobile or digital wallet,Fraud or scam,NA,Closed with explanation,Yes
6525127,Web,2023-02-04,2023-02-04,0,NJ,Checking or savings account,Checking account,Managing an account,Deposits and withdrawals,Closed with monetary relief,Yes
6527791,Web,2023-02-04,2023-02-04,0,CA,Checking or savings account,Savings account,Opening an account,Unable to open an account,Closed with explanation,Yes
6526156,Web,2023-02-04,2023-02-04,0,MI,Checking or savings account,Other banking product or service,Closing an account,Can't close your account,Closed with explanation,Yes
6525095,Web,2023-02-04,2023-02-04,0,FL,Credit card or prepaid card,General-purpose credit card or charge card,Getting a credit card,Application denied,Closed with explanation,Yes
6524917,Web,2023-02-04,2023-02-04,0,FL,Debt collection,I do not know,Communication tactics,"Used obscene, profane, or other abusive language",Closed with explanation,No
6525472,Web,2023-02-04,2023-02-04,0,IL,"Credit reporting, credit repair services, or other personal consumer reports",Credit reporting,Credit monitoring or identity theft protection services,Billing dispute for services,Closed with explanation,Yes
6525349,Web,2023-02-04,2023-02-04,0,FL,Checking or savings account,Checking account,Managing an account,Funds not handled or disbursed as instructed,Closed with explanation,Yes
6524995,Web,2023-02-04,2023-02-04,0,VA,Checking or savings account,Checking account,Managing an account,Deposits and withdrawals,Closed with monetary relief,Yes
6525606,Web,2023-02-04,2023-02-23,19,GA,Credit card or prepaid card,General-purpose credit card or charge card,Getting a credit card,Sent card you never applied for,Closed with non-monetary relief,Yes
6525238,Web,2023-02-04,2023-02-04,0,MI,Checking or savings account,Checking account,Opening an account,Account opened as a result of fraud,Closed with non-monetary relief,No
6526194,Web,2023-02-04,2023-02-04,0,GA,Credit card or prepaid card,General-purpose credit card or charge card,Getting a credit card,Card opened as result of identity theft or fraud,Closed with non-monetary relief,Yes
6522429,Web,2023-02-05,2023-02-05,0,CT,Checking or savings account,Checking account,Problem with a lender or other company charging your account,Transaction was not authorized,Closed with monetary relief,Yes
6522433,Web,2023-02-05,2023-02-05,0,CA,Checking or savings account,Other banking product or service,Managing an account,Problem using a debit or ATM card,Closed with explanation,Yes
6522802,Web,2023-02-05,2023-02-05,0,TX,"Credit reporting, credit repair services, or other personal consumer reports",Credit reporting,Incorrect information on your report,Account information incorrect,Closed with explanation,No
6525659,Web,2023-02-05,2023-03-21,44,NV,Vehicle loan or lease,Loan,Getting a loan or lease,Fraudulent loan,Closed with explanation,Yes
6522453,Web,2023-02-05,2023-02-05,0,IN,Checking or savings account,Checking account,Opening an account,Account opened as a result of fraud,Closed with explanation,Yes
6524527,Web,2023-02-05,2023-02-05,0,MI,Checking or savings account,Other banking product or service,Opening an account,Account opened as a result of fraud,Closed with non-monetary relief,No
6524650,Web,2023-02-05,2023-02-05,0,NC,Checking or savings account,Checking account,Managing an account,Problem making or receiving payments,Closed with monetary relief,Yes
6522202,Web,2023-02-05,2023-02-05,0,MI,Checking or savings account,Checking account,Problem with a credit reporting company's investigation into an existing problem,Difficulty submitting a dispute or getting information about a dispute over the phone,Closed with explanation,Yes
6523391,Web,2023-02-05,2023-02-05,0,OH,"Credit reporting, credit repair services, or other personal consumer reports",Credit reporting,Incorrect information on your report,Account status incorrect,Closed with explanation,No
6522090,Web,2023-02-05,2023-02-06,1,TX,"Credit reporting, credit repair services, or other personal consumer reports",Credit reporting,Incorrect information on your report,Old information reappears or never goes away,Closed with explanation,No
6524230,Web,2023-02-05,2023-02-05,0,NY,Checking or savings account,Checking account,Managing an account,Banking errors,Closed with explanation,Yes
6522719,Web,2023-02-05,2023-02-05,0,FL,Credit card or prepaid card,General-purpose credit card or charge card,Problem when making payments,You never received your bill or did not know a payment was due,Closed with explanation,No
6522633,Web,2023-02-05,2023-03-03,26,TX,Checking or savings account,Checking account,Managing an account,Problem using a debit or ATM card,Closed with monetary relief,Yes
6524176,Web,2023-02-05,2023-02-05,0,CA,"Credit reporting, credit repair services, or other personal consumer reports",Credit reporting,Incorrect information on your report,Account status incorrect,Closed with non-monetary relief,No
6524304,Web,2023-02-05,2023-02-05,0,MN,Credit card or prepaid card,General-purpose credit card or charge card,Improper use of your report,Reporting company used your report improperly,Closed with explanation,No
6524161,Web,2023-02-05,2023-02-05,0,MD,"Money transfer, virtual currency, or money service",International money transfer,Money was not available when promised,NA,Closed with explanation,Yes
6522741,Web,2023-02-05,2023-02-05,0,SC,"Money transfer, virtual currency, or money service",Domestic (US) money transfer,Fraud or scam,NA,Closed with explanation,Yes
6522178,Web,2023-02-05,2023-02-06,1,MI,Checking or savings account,Checking account,Problem caused by your funds being low,Late or other fees,Closed with monetary relief,No
6522459,Web,2023-02-05,2023-02-05,0,SC,"Credit reporting, credit repair services, or other personal consumer reports",Credit reporting,Improper use of your report,Reporting company used your report improperly,Closed with explanation,No
6522749,Web,2023-02-05,2023-02-05,0,GA,Credit card or prepaid card,General-purpose credit card or charge card,Problem with a purchase shown on your statement,Credit card company isn't resolving a dispute about a purchase on your statement,Closed with monetary relief,Yes
6524414,Web,2023-02-05,2023-02-05,0,MI,Debt collection,I do not know,Attempts to collect debt not owed,Debt is not yours,Closed with explanation,No
6521605,Web,2023-02-06,2023-02-06,0,NV,Checking or savings account,Checking account,Problem with a lender or other company charging your account,Transaction was not authorized,Closed with explanation,Yes
6541669,Web Referral,2023-02-06,2023-02-07,1,NJ,Checking or savings account,Checking account,Problem with a lender or other company charging your account,Transaction was not authorized,Closed with explanation,Yes
6537142,Web,2023-02-06,2023-02-06,0,NY,Checking or savings account,Checking account,Managing an account,Problem accessing account,Closed with non-monetary relief,Yes
6537536,Web,2023-02-06,2023-02-06,0,MD,"Money transfer, virtual currency, or money service",Check cashing service,Problem with customer service,NA,Closed with monetary relief,Yes
6554472,Referral,2023-02-06,2023-02-10,4,CA,Checking or savings account,Checking account,Managing an account,Problem accessing account,Closed with non-monetary relief,Yes
6542833,Referral,2023-02-06,2023-02-14,8,NY,Mortgage,Home equity loan or line of credit (HELOC),Trouble during payment process,NA,Closed with non-monetary relief,Yes
6539405,Web,2023-02-06,2023-02-06,0,GA,Checking or savings account,Checking account,Opening an account,Unable to open an account,Closed with explanation,Yes
6536943,Web,2023-02-06,2023-02-06,0,CA,Credit card or prepaid card,General-purpose credit card or charge card,Problem when making payments,Problem during payment process,Closed with explanation,Yes
6537756,Phone,2023-02-06,2023-02-06,0,FL,"Money transfer, virtual currency, or money service",Mobile or digital wallet,Unauthorized transactions or other transaction problem,NA,Closed with monetary relief,Yes
6538630,Web,2023-02-06,2023-02-06,0,NC,"Credit reporting, credit repair services, or other personal consumer reports",Credit reporting,Problem with a credit reporting company's investigation into an existing problem,Difficulty submitting a dispute or getting information about a dispute over the phone,Closed with explanation,No
6535458,Web,2023-02-06,2023-02-06,0,FL,Mortgage,Conventional home mortgage,Trouble during payment process,NA,Closed with explanation,Yes
6536873,Web,2023-02-06,2023-02-06,0,OR,Checking or savings account,Checking account,Problem with a lender or other company charging your account,Transaction was not authorized,Closed with monetary relief,Yes
6521775,Web,2023-02-06,2023-02-06,0,CA,"Credit reporting, credit repair services, or other personal consumer reports",Credit reporting,Problem with a credit reporting company's investigation into an existing problem,Their investigation did not fix an error on your report,Closed with non-monetary relief,Yes
6539498,Web,2023-02-06,2023-02-06,0,TX,"Credit reporting, credit repair services, or other personal consumer reports",Credit reporting,Improper use of your report,Credit inquiries on your report that you don't recognize,Closed with explanation,Yes
6539087,Web,2023-02-06,2023-02-06,0,CA,Credit card or prepaid card,Government benefit card,Problem with a purchase or transfer,Charged for a purchase or transfer you did not make with the card,Closed with monetary relief,Yes
6521438,Web,2023-02-06,2023-02-06,0,NY,Credit card or prepaid card,General-purpose credit card or charge card,Problem with a purchase shown on your statement,Card was charged for something you did not purchase with the card,Closed with monetary relief,Yes
6522025,Web,2023-02-06,2023-02-14,8,CA,Checking or savings account,Other banking product or service,Managing an account,Problem accessing account,Closed with explanation,Yes
6538453,Web,2023-02-06,2023-02-06,0,MI,Checking or savings account,Checking account,Closing an account,Fees charged for closing account,Closed with non-monetary relief,Yes
6537729,Web,2023-02-06,2023-02-06,0,MA,Checking or savings account,Checking account,Managing an account,Problem making or receiving payments,Closed with explanation,Yes
6535873,Web,2023-02-06,2023-02-06,0,GA,Debt collection,Credit card debt,Attempts to collect debt not owed,Debt was paid,Closed with explanation,Yes
6542954,Referral,2023-02-06,2023-02-07,1,CA,Checking or savings account,Checking account,Closing an account,Company closed your account,Closed with explanation,Yes
6536217,Web,2023-02-06,2023-02-06,0,MD,Checking or savings account,Checking account,Managing an account,Deposits and withdrawals,Closed with explanation,Yes
6538168,Web,2023-02-06,2023-02-06,0,MI,Checking or savings account,Checking account,Opening an account,Account opened as a result of fraud,Closed with explanation,Yes
6535411,Web,2023-02-06,2023-02-14,8,CA,Credit card or prepaid card,Government benefit card,Unexpected or other fees,NA,Closed with explanation,Yes
6536896,Web,2023-02-06,2023-02-06,0,VA,Checking or savings account,Checking account,Opening an account,Account opened as a result of fraud,Closed with explanation,Yes
6536428,Web,2023-02-06,2023-02-06,0,FL,"Credit reporting, credit repair services, or other personal consumer reports",Credit reporting,Incorrect information on your report,Information belongs to someone else,Closed with non-monetary relief,Yes
6536142,Web,2023-02-06,2023-02-06,0,GA,Debt collection,Credit card debt,Took or threatened to take negative or legal action,Threatened to sue you for very old debt,Closed with explanation,Yes
6537044,Referral,2023-02-06,2023-02-06,0,FL,Checking or savings account,CD (Certificate of Deposit),Managing an account,Deposits or withdrawals,Closed with explanation,Yes
6538306,Web,2023-02-06,2023-02-06,0,NY,"Credit reporting, credit repair services, or other personal consumer reports",Credit reporting,Improper use of your report,Credit inquiries on your report that you don't recognize,Closed with explanation,Yes
6536147,Phone,2023-02-06,2023-02-06,0,MD,Checking or savings account,Savings account,Problem with a lender or other company charging your account,Transaction was not authorized,Closed with explanation,Yes
6536307,Web,2023-02-06,2023-02-06,0,FL,Debt collection,Mortgage debt,Attempts to collect debt not owed,Debt was already discharged in bankruptcy and is no longer owed,Closed with explanation,Yes
6535763,Phone,2023-02-06,2023-02-06,0,MI,Checking or savings account,Checking account,Problem with a lender or other company charging your account,Transaction was not authorized,Closed with explanation,Yes
6535939,Web,2023-02-06,2023-02-06,0,PA,Credit card or prepaid card,General-purpose credit card or charge card,Getting a credit card,Sent card you never applied for,Closed with explanation,Yes
6543052,Referral,2023-02-06,2023-02-07,1,MD,Credit card or prepaid card,General-purpose prepaid card,Problem with a purchase or transfer,Card company isn't resolving a dispute about a purchase or transfer,Closed with monetary relief,Yes
6537712,Web,2023-02-06,2023-02-06,0,IL,Checking or savings account,Checking account,Opening an account,Account opened as a result of fraud,Closed with explanation,Yes
6537208,Web,2023-02-06,2023-02-06,0,FL,Credit card or prepaid card,General-purpose credit card or charge card,Problem when making payments,Problem during payment process,Closed with monetary relief,Yes
6537368,Web,2023-02-06,2023-02-06,0,MI,Checking or savings account,Checking account,Problem with a lender or other company charging your account,Money was taken from your account on the wrong day or for the wrong amount,Closed with explanation,Yes
6535588,Web,2023-02-06,2023-02-06,0,IL,Checking or savings account,Checking account,Problem with a lender or other company charging your account,Transaction was not authorized,Closed with monetary relief,Yes
6538310,Web,2023-02-06,2023-02-06,0,MI,"Credit reporting, credit repair services, or other personal consumer reports",Credit reporting,Improper use of your report,Credit inquiries on your report that you don't recognize,Closed with explanation,Yes
6521283,Web,2023-02-06,2023-02-06,0,MI,Checking or savings account,Checking account,Opening an account,Account opened as a result of fraud,Closed with explanation,Yes
6541413,Web,2023-02-07,2023-02-07,0,OH,Checking or savings account,Other banking product or service,Problem with a lender or other company charging your account,Money was taken from your account on the wrong day or for the wrong amount,Closed with explanation,No
6541477,Web,2023-02-07,2023-02-07,0,GA,Checking or savings account,Other banking product or service,Opening an account,Account opened as a result of fraud,Closed with explanation,Yes
6535222,Web,2023-02-07,2023-02-07,0,CA,"Credit reporting, credit repair services, or other personal consumer reports",Credit reporting,Incorrect information on your report,Old information reappears or never goes away,Closed with explanation,Yes
6535168,Web,2023-02-07,2023-02-07,0,RI,Credit card or prepaid card,General-purpose credit card or charge card,"Other features, terms, or problems",Other problem,Closed with explanation,Yes
6541978,Web,2023-02-07,2023-02-07,0,PA,Checking or savings account,Savings account,Problem caused by your funds being low,Overdrafts and overdraft fees,Closed with monetary relief,Yes
6543462,Phone,2023-02-07,2023-02-07,0,MD,"Money transfer, virtual currency, or money service",Domestic (US) money transfer,Fraud or scam,NA,Closed with explanation,Yes
6540857,Web,2023-02-07,2023-02-08,1,PA,Checking or savings account,Checking account,Closing an account,Funds not received from closed account,Closed with monetary relief,Yes
6542343,Web,2023-02-07,2023-02-07,0,NC,Credit card or prepaid card,General-purpose credit card or charge card,Incorrect information on your report,Information belongs to someone else,Closed with non-monetary relief,Yes
6543770,Web,2023-02-07,2023-02-07,0,MI,Checking or savings account,Checking account,Opening an account,Account opened as a result of fraud,Closed with non-monetary relief,No
6543074,Web,2023-02-07,2023-02-07,0,WA,Checking or savings account,Checking account,Opening an account,Account opened as a result of fraud,Closed with explanation,Yes
6541451,Web,2023-02-07,2023-02-07,0,NY,"Credit reporting, credit repair services, or other personal consumer reports",Credit reporting,Improper use of your report,Reporting company used your report improperly,Closed with explanation,Yes
6542613,Web,2023-02-07,2023-02-07,0,AL,Credit card or prepaid card,General-purpose credit card or charge card,Getting a credit card,Card opened as result of identity theft or fraud,Closed with non-monetary relief,Yes
6534918,Web,2023-02-07,2023-02-07,0,TX,"Credit reporting, credit repair services, or other personal consumer reports",Credit reporting,Improper use of your report,Credit inquiries on your report that you don't recognize,Closed with explanation,Yes
6541805,Web,2023-02-07,2023-02-07,0,CO,Credit card or prepaid card,General-purpose credit card or charge card,"Other features, terms, or problems",Other problem,Closed with non-monetary relief,Yes
6541122,Web,2023-02-07,2023-02-07,0,IL,Checking or savings account,Checking account,Closing an account,Can't close your account,Closed with explanation,Yes
6541139,Web,2023-02-07,2023-02-07,0,SC,Credit card or prepaid card,General-purpose credit card or charge card,"Advertising and marketing, including promotional offers",Confusing or misleading advertising about the credit card,Closed with non-monetary relief,No
6534452,Web,2023-02-07,2023-02-14,7,CA,Credit card or prepaid card,Government benefit card,Problem with a purchase or transfer,Charged for a purchase or transfer you did not make with the card,Closed with explanation,Yes
6541666,Web,2023-02-07,2023-02-07,0,CA,"Credit reporting, credit repair services, or other personal consumer reports",Credit reporting,Incorrect information on your report,Information belongs to someone else,Closed with non-monetary relief,Yes
6534936,Web,2023-02-07,2023-02-07,0,FL,Vehicle loan or lease,Loan,Managing the loan or lease,Billing problem,Closed with explanation,Yes
6542151,Web,2023-02-07,2023-02-07,0,HI,Checking or savings account,Checking account,Opening an account,Account opened as a result of fraud,Closed with explanation,Yes
6541114,Web,2023-02-07,2023-02-07,0,MI,Credit card or prepaid card,General-purpose credit card or charge card,Problem with a purchase shown on your statement,Card was charged for something you did not purchase with the card,Closed with explanation,Yes
6534746,Web,2023-02-07,2023-02-07,0,FL,"Credit reporting, credit repair services, or other personal consumer reports",Credit reporting,Problem with a credit reporting company's investigation into an existing problem,Their investigation did not fix an error on your report,Closed with explanation,Yes
6541146,Web,2023-02-07,2023-02-07,0,CA,Credit card or prepaid card,Government benefit card,Unexpected or other fees,NA,Closed with monetary relief,Yes
6541472,Web,2023-02-07,2023-02-07,0,NJ,Checking or savings account,Checking account,Managing an account,Problem making or receiving payments,Closed with monetary relief,Yes
6541221,Web Referral,2023-02-07,2023-02-07,0,NJ,"Money transfer, virtual currency, or money service",Domestic (US) money transfer,Money was not available when promised,NA,Closed with explanation,Yes
6541586,Web,2023-02-07,2023-02-07,0,FL,"Credit reporting, credit repair services, or other personal consumer reports",Credit reporting,Improper use of your report,Credit inquiries on your report that you don't recognize,Closed with non-monetary relief,Yes
6540781,Web,2023-02-07,2023-02-07,0,IA,Checking or savings account,Checking account,Opening an account,Account opened as a result of fraud,Closed with non-monetary relief,Yes
6542709,Phone,2023-02-07,2023-02-09,2,TX,Checking or savings account,Checking account,Problem with a lender or other company charging your account,Transaction was not authorized,Closed with explanation,Yes
6542024,Phone,2023-02-07,2023-02-07,0,WI,Checking or savings account,Checking account,Opening an account,Account opened as a result of fraud,Closed with explanation,Yes
6542905,Web,2023-02-07,2023-02-07,0,FL,Checking or savings account,Checking account,Managing an account,Deposits and withdrawals,Closed with explanation,Yes
6541171,Web,2023-02-07,2023-02-07,0,NC,Checking or savings account,Checking account,Closing an account,Funds not received from closed account,Closed with monetary relief,Yes
6542256,Web,2023-02-07,2023-02-07,0,AR,Debt collection,Credit card debt,Attempts to collect debt not owed,Debt is not yours,Closed with explanation,Yes
6540895,Web,2023-02-07,2023-02-07,0,OR,Checking or savings account,Checking account,Opening an account,Unable to open an account,Closed with monetary relief,Yes
6542688,Phone,2023-02-07,2023-02-07,0,TX,Checking or savings account,CD (Certificate of Deposit),Managing an account,Deposits or withdrawals,Closed with explanation,Yes
6541707,Web,2023-02-07,2023-02-07,0,MA,"Money transfer, virtual currency, or money service",Domestic (US) money transfer,Fraud or scam,NA,Closed with explanation,Yes
6542513,Web,2023-02-07,2023-02-07,0,CO,Credit card or prepaid card,General-purpose credit card or charge card,Getting a credit card,Card opened as result of identity theft or fraud,Closed with non-monetary relief,Yes
6541530,Web,2023-02-07,2023-02-07,0,NY,Checking or savings account,Checking account,Managing an account,Problem using a debit or ATM card,Closed with explanation,Yes
6535167,Web,2023-02-07,2023-02-07,0,CO,Checking or savings account,Other banking product or service,Managing an account,Problem accessing account,Closed with explanation,Yes
6542615,Web,2023-02-07,2023-02-07,0,IL,Credit card or prepaid card,General-purpose credit card or charge card,Getting a credit card,Card opened as result of identity theft or fraud,Closed with explanation,Yes
6535350,Web,2023-02-07,2023-02-07,0,DC,Checking or savings account,Savings account,Problem with a lender or other company charging your account,Money was taken from your account on the wrong day or for the wrong amount,Closed with explanation,Yes
6541638,Web,2023-02-07,2023-02-07,0,HI,Vehicle loan or lease,Loan,Managing the loan or lease,Loan sold or transferred to another company,Closed with explanation,No
6540399,Web,2023-02-08,2023-02-08,0,CA,Checking or savings account,Checking account,Managing an account,Problem using a debit or ATM card,Closed with explanation,Yes
6547215,Web,2023-02-08,2023-02-08,0,TX,Checking or savings account,Checking account,Opening an account,Unable to open an account,Closed with non-monetary relief,Yes
6546536,Web,2023-02-08,2023-02-08,0,FL,Debt collection,Mortgage debt,Written notification about debt,Didn't receive notice of right to dispute,Closed with explanation,Yes
6547199,Web,2023-02-08,2023-02-08,0,IL,"Credit reporting, credit repair services, or other personal consumer reports",Credit reporting,Improper use of your report,Reporting company used your report improperly,Closed with explanation,Yes
6547098,Web,2023-02-08,2023-02-08,0,MA,Checking or savings account,Checking account,Managing an account,Funds not handled or disbursed as instructed,Closed with explanation,Yes
6546156,Web,2023-02-08,2023-02-08,0,CA,Credit card or prepaid card,Government benefit card,Unexpected or other fees,NA,Closed with explanation,Yes
6546759,Web,2023-02-08,2023-02-08,0,IN,Checking or savings account,Checking account,Opening an account,Account opened as a result of fraud,Closed with explanation,Yes
6546856,Web,2023-02-08,2023-02-08,0,CA,"Credit reporting, credit repair services, or other personal consumer reports",Credit reporting,Improper use of your report,Credit inquiries on your report that you don't recognize,Closed with non-monetary relief,Yes
6546127,Web,2023-02-08,2023-02-08,0,NY,Checking or savings account,Checking account,Closing an account,Company closed your account,Closed with explanation,No
6546408,Web,2023-02-08,2023-02-08,0,NC,Debt collection,Credit card debt,Attempts to collect debt not owed,Debt was result of identity theft,Closed with explanation,Yes
6547320,Web,2023-02-08,2023-02-08,0,FL,"Credit reporting, credit repair services, or other personal consumer reports",Credit reporting,Incorrect information on your report,Information belongs to someone else,Closed with non-monetary relief,Yes
6546900,Phone,2023-02-08,2023-02-08,0,CA,Credit card or prepaid card,General-purpose prepaid card,Trouble using the card,Problem with direct deposit,Closed with explanation,Yes
6548474,Web,2023-02-08,2023-02-08,0,GA,Checking or savings account,Checking account,Closing an account,Funds not received from closed account,Closed with monetary relief,Yes
6546138,Phone,2023-02-08,2023-02-08,0,TX,Checking or savings account,Checking account,Problem with a lender or other company charging your account,Transaction was not authorized,Closed with monetary relief,Yes
6547537,Web,2023-02-08,2023-02-08,0,FL,Checking or savings account,Checking account,Closing an account,Funds not received from closed account,Closed with monetary relief,Yes
6546328,Web,2023-02-08,2023-02-08,0,OH,Credit card or prepaid card,General-purpose credit card or charge card,Problem when making payments,Problem during payment process,Closed with non-monetary relief,Yes
6545650,Phone,2023-02-08,2023-02-09,1,MO,Checking or savings account,Checking account,Managing an account,Problem using a debit or ATM card,Closed with explanation,Yes
6546857,Web,2023-02-08,2023-02-08,0,TX,Checking or savings account,Other banking product or service,Managing an account,Deposits and withdrawals,Closed with explanation,Yes
6556322,Web Referral,2023-02-08,2023-02-10,2,CT,Checking or savings account,Checking account,Managing an account,Deposits and withdrawals,Closed with monetary relief,Yes
6548049,Web Referral,2023-02-08,2023-02-08,0,CT,Checking or savings account,Checking account,Managing an account,Deposits and withdrawals,Closed with monetary relief,Yes
6546386,Web,2023-02-08,2023-02-08,0,DE,Mortgage,FHA mortgage,Struggling to pay mortgage,NA,Closed with explanation,Yes
6546596,Web,2023-02-08,2023-04-05,56,CA,Credit card or prepaid card,General-purpose credit card or charge card,Problem when making payments,Problem during payment process,Closed with explanation,Yes
6540503,Web,2023-02-08,2023-02-08,0,VA,Checking or savings account,Checking account,Opening an account,Account opened as a result of fraud,Closed with explanation,Yes
6564775,Referral,2023-02-08,2023-02-14,6,CA,Checking or savings account,Checking account,Managing an account,Deposits and withdrawals,Closed with explanation,Yes
6539991,Web,2023-02-08,2023-03-10,30,CA,"Money transfer, virtual currency, or money service",Domestic (US) money transfer,Other transaction problem,NA,Closed with explanation,Yes
6546962,Web,2023-02-08,2023-02-08,0,SC,Credit card or prepaid card,General-purpose credit card or charge card,Fees or interest,Charged too much interest,Closed with explanation,Yes
6546642,Referral,2023-02-08,2023-02-08,0,FL,Checking or savings account,Checking account,Managing an account,Deposits and withdrawals,Closed with explanation,Yes
6546145,Web,2023-02-08,2023-02-08,0,AZ,Credit card or prepaid card,General-purpose credit card or charge card,Getting a credit card,Application denied,Closed with explanation,Yes
6546155,Web,2023-02-08,2023-02-08,0,WA,"Money transfer, virtual currency, or money service",Domestic (US) money transfer,Other transaction problem,NA,Closed with explanation,Yes
6546792,Web,2023-02-08,2023-02-08,0,TX,"Credit reporting, credit repair services, or other personal consumer reports",Other personal consumer report,Incorrect information on your report,Old information reappears or never goes away,Closed with explanation,Yes
6545884,Web,2023-02-08,2023-02-08,0,CA,Credit card or prepaid card,Government benefit card,Problem with a purchase or transfer,Card company isn't resolving a dispute about a purchase or transfer,Closed with explanation,Yes
6546598,Web,2023-02-08,2023-02-08,0,NV,Debt collection,Mortgage debt,Attempts to collect debt not owed,Debt was already discharged in bankruptcy and is no longer owed,Closed with explanation,Yes
6546535,Web,2023-02-08,2023-02-08,0,MI,Checking or savings account,Checking account,Opening an account,Account opened as a result of fraud,Closed with explanation,Yes
6548274,Web,2023-02-08,2023-02-08,0,CA,Checking or savings account,Other banking product or service,Managing an account,Deposits and withdrawals,Closed with explanation,Yes
6545785,Web,2023-02-08,2023-02-08,0,PA,Checking or savings account,Checking account,Closing an account,Can't close your account,Closed with explanation,Yes
6545567,Web,2023-02-09,2023-02-09,0,CO,"Credit reporting, credit repair services, or other personal consumer reports",Credit reporting,Incorrect information on your report,Information belongs to someone else,Closed with non-monetary relief,Yes
6545191,Web,2023-02-09,2023-02-09,0,NJ,"Money transfer, virtual currency, or money service",Virtual currency,Fraud or scam,NA,Closed with monetary relief,Yes
6550049,Web,2023-02-09,2023-02-09,0,FL,Checking or savings account,Other banking product or service,Incorrect information on your report,Information is missing that should be on the report,Closed with explanation,Yes
6552504,Web,2023-02-09,2023-02-09,0,MI,Checking or savings account,Checking account,Opening an account,Account opened as a result of fraud,Closed with explanation,Yes
6550908,Web,2023-02-09,2023-02-09,0,NM,Debt collection,I do not know,Written notification about debt,Didn't receive enough information to verify debt,Closed with explanation,Yes
6552271,Web,2023-02-09,2023-02-09,0,TN,"Credit reporting, credit repair services, or other personal consumer reports",Credit reporting,Improper use of your report,Credit inquiries on your report that you don't recognize,Closed with explanation,Yes
6551199,Web,2023-02-09,2023-02-10,1,WA,Checking or savings account,Checking account,Closing an account,Can't close your account,Closed with explanation,Yes
6550916,Web,2023-02-09,2023-02-09,0,NV,"Money transfer, virtual currency, or money service",Check cashing service,Fraud or scam,NA,Closed with monetary relief,Yes
6552340,Web,2023-02-09,2023-02-09,0,CA,Checking or savings account,Checking account,Managing an account,Problem using a debit or ATM card,Closed with explanation,No
6552943,Web,2023-02-09,2023-02-09,0,NY,Credit card or prepaid card,General-purpose credit card or charge card,Getting a credit card,Sent card you never applied for,Closed with explanation,Yes
6553667,Web,2023-02-09,2023-02-09,0,NV,"Credit reporting, credit repair services, or other personal consumer reports",Credit reporting,Improper use of your report,Reporting company used your report improperly,Closed with explanation,Yes
6551981,Web,2023-02-09,2023-02-09,0,CT,Checking or savings account,Savings account,Problem with a lender or other company charging your account,Transaction was not authorized,Closed with explanation,Yes
6551887,Web,2023-02-09,2023-02-09,0,AZ,Checking or savings account,Checking account,Problem with a lender or other company charging your account,Transaction was not authorized,Closed with explanation,Yes
6545443,Web,2023-02-09,2023-02-09,0,FL,Checking or savings account,Checking account,Managing an account,Banking errors,Closed with monetary relief,Yes
6545557,Web,2023-02-09,2023-02-09,0,CA,Checking or savings account,Checking account,Problem with a lender or other company charging your account,Transaction was not authorized,Closed with monetary relief,Yes
6552941,Web,2023-02-09,2023-02-09,0,NY,Credit card or prepaid card,General-purpose credit card or charge card,"Other features, terms, or problems",Other problem,Closed with explanation,Yes
6544833,Web,2023-02-09,2023-02-09,0,GA,"Credit reporting, credit repair services, or other personal consumer reports",Credit reporting,Incorrect information on your report,Account status incorrect,Closed with explanation,Yes
6553185,Web,2023-02-09,2023-02-09,0,NC,Checking or savings account,Checking account,Opening an account,Account opened as a result of fraud,Closed with non-monetary relief,No
6553333,Web,2023-02-09,2023-02-09,0,CO,Credit card or prepaid card,General-purpose credit card or charge card,Getting a credit card,Card opened as result of identity theft or fraud,Closed with non-monetary relief,Yes
6553294,Web,2023-02-09,2023-02-09,0,CA,Credit card or prepaid card,Government benefit card,Unexpected or other fees,NA,Closed with explanation,Yes
6566085,Referral,2023-02-09,2023-02-14,5,FL,Checking or savings account,Checking account,Problem with a lender or other company charging your account,Transaction was not authorized,Closed with monetary relief,Yes
6544751,Web,2023-02-09,2023-02-09,0,NV,Checking or savings account,Checking account,Problem caused by your funds being low,Non-sufficient funds and associated fees,Closed with monetary relief,Yes
6544978,Web,2023-02-09,2023-02-09,0,CA,"Money transfer, virtual currency, or money service",Domestic (US) money transfer,Fraud or scam,NA,Closed with explanation,Yes
6551954,Phone,2023-02-09,2023-02-09,0,TX,Checking or savings account,Checking account,Managing an account,Deposits and withdrawals,Closed with explanation,Yes
6552497,Web,2023-02-09,2023-02-09,0,NY,Checking or savings account,Checking account,Managing an account,Deposits and withdrawals,Closed with explanation,Yes
6552842,Web,2023-02-09,2023-02-09,0,OR,Credit card or prepaid card,General-purpose credit card or charge card,Getting a credit card,Card opened as result of identity theft or fraud,Closed with non-monetary relief,Yes
6552578,Web,2023-02-09,2023-02-09,0,CA,"Credit reporting, credit repair services, or other personal consumer reports",Credit reporting,Incorrect information on your report,Information belongs to someone else,Closed with non-monetary relief,Yes
6545195,Web,2023-02-09,2023-02-09,0,GA,Credit card or prepaid card,General-purpose credit card or charge card,Closing your account,Company closed your account,Closed with explanation,Yes
6551641,Web,2023-02-09,2023-02-09,0,NC,Checking or savings account,Checking account,Managing an account,Problem using a debit or ATM card,Closed with explanation,Yes
6552838,Phone,2023-02-09,2023-02-09,0,NV,Checking or savings account,Checking account,Managing an account,Funds not handled or disbursed as instructed,Closed with explanation,Yes
6551992,Web,2023-02-09,2023-02-09,0,NJ,Checking or savings account,Checking account,Closing an account,Company closed your account,Closed with monetary relief,No
6545594,Web,2023-02-09,2023-02-09,0,IL,Checking or savings account,Checking account,Opening an account,Account opened as a result of fraud,Closed with non-monetary relief,Yes
6550678,Web,2023-02-09,2023-02-09,0,SC,Checking or savings account,Checking account,Managing an account,Banking errors,Closed with explanation,Yes
6553115,Web,2023-02-09,2023-04-07,57,AZ,Credit card or prepaid card,General-purpose credit card or charge card,Getting a credit card,Application denied,Closed with explanation,Yes
6553695,Web,2023-02-09,2023-02-09,0,PA,Checking or savings account,Checking account,Problem with a lender or other company charging your account,Money was taken from your account on the wrong day or for the wrong amount,Closed with explanation,Yes
6552186,Web,2023-02-09,2023-02-09,0,SC,Checking or savings account,Checking account,Managing an account,Problem using a debit or ATM card,Closed with monetary relief,Yes
6550051,Web,2023-02-09,2023-02-09,0,GA,Checking or savings account,Checking account,Closing an account,Company closed your account,Closed with explanation,Yes
6552888,Web,2023-02-09,2023-02-09,0,WI,Checking or savings account,Checking account,Managing an account,Deposits and withdrawals,Closed with monetary relief,Yes
6552470,Web,2023-02-09,2023-02-14,5,CA,Credit card or prepaid card,Government benefit card,Problem with a purchase or transfer,Charged for a purchase or transfer you did not make with the card,Closed with monetary relief,Yes
6552584,Phone,2023-02-09,2023-02-09,0,NY,Checking or savings account,Checking account,Managing an account,Problem making or receiving payments,Closed with explanation,Yes
6553035,Web,2023-02-09,2023-02-09,0,NY,"Credit reporting, credit repair services, or other personal consumer reports",Credit reporting,Incorrect information on your report,Account status incorrect,Closed with explanation,Yes
6552745,Web,2023-02-09,2023-02-09,0,IL,"Credit reporting, credit repair services, or other personal consumer reports",Credit reporting,Improper use of your report,Reporting company used your report improperly,Closed with non-monetary relief,Yes
6551891,Web,2023-02-09,2023-02-09,0,MA,Credit card or prepaid card,General-purpose credit card or charge card,Incorrect information on your report,Account information incorrect,Closed with explanation,Yes
6550018,Web,2023-02-09,2023-02-09,0,TX,Credit card or prepaid card,General-purpose credit card or charge card,Problem with a purchase shown on your statement,Credit card company isn't resolving a dispute about a purchase on your statement,Closed with monetary relief,Yes
6552239,Web,2023-02-09,2023-02-09,0,WA,Checking or savings account,Checking account,Opening an account,Account opened as a result of fraud,Closed with monetary relief,Yes
6550131,Web,2023-02-09,2023-02-09,0,NY,Checking or savings account,Checking account,Managing an account,Problem accessing account,Closed with explanation,No
6552400,Phone,2023-02-09,2023-02-09,0,NY,Checking or savings account,Checking account,Opening an account,Unable to open an account,Closed with explanation,Yes
6550305,Web,2023-02-09,2023-02-09,0,CA,Checking or savings account,Checking account,Managing an account,Deposits and withdrawals,Closed with explanation,Yes
6550048,Web,2023-02-09,2023-02-09,0,FL,Debt collection,Credit card debt,Written notification about debt,Didn't receive enough information to verify debt,Closed with explanation,Yes
6550870,Web,2023-02-09,2023-02-09,0,NC,Checking or savings account,Checking account,Problem with a lender or other company charging your account,Transaction was not authorized,Closed with explanation,No
6552359,Web,2023-02-09,2023-02-09,0,NJ,"Credit reporting, credit repair services, or other personal consumer reports",Credit reporting,Improper use of your report,Reporting company used your report improperly,Closed with explanation,No
6551053,Web,2023-02-09,2023-02-09,0,MI,Debt collection,I do not know,Attempts to collect debt not owed,Debt is not yours,Closed with explanation,Yes
6556449,Referral,2023-02-09,2023-02-10,1,CA,Checking or savings account,Checking account,Problem with a lender or other company charging your account,Transaction was not authorized,Closed with explanation,Yes
6552669,Referral,2023-02-09,2023-02-09,0,MD,Credit card or prepaid card,General-purpose credit card or charge card,Problem with a purchase shown on your statement,Credit card company isn't resolving a dispute about a purchase on your statement,Closed with monetary relief,No
6545387,Web,2023-02-09,2023-02-09,0,GA,Credit card or prepaid card,General-purpose credit card or charge card,Getting a credit card,Sent card you never applied for,Closed with non-monetary relief,Yes
6565847,Referral,2023-02-09,2023-02-14,5,FL,Credit card or prepaid card,General-purpose credit card or charge card,Trouble using your card,Credit card company won't increase or decrease your credit limit,Closed with explanation,Yes
6545645,Web,2023-02-09,2023-02-09,0,CA,Checking or savings account,Checking account,Closing an account,Funds not received from closed account,Closed with explanation,Yes
6545538,Web,2023-02-09,2023-02-09,0,CA,Credit card or prepaid card,Government benefit card,Unexpected or other fees,NA,Closed with explanation,Yes
6555399,Phone,2023-02-10,2023-02-17,7,SC,"Money transfer, virtual currency, or money service",Domestic (US) money transfer,Fraud or scam,NA,Closed with explanation,Yes
6550458,Web,2023-02-10,2023-02-10,0,MA,Checking or savings account,Checking account,Managing an account,Problem making or receiving payments,Closed with explanation,Yes
6555531,Web,2023-02-10,2023-02-10,0,NJ,"Credit reporting, credit repair services, or other personal consumer reports",Credit reporting,Improper use of your report,Credit inquiries on your report that you don't recognize,Closed with non-monetary relief,Yes
6556017,Web,2023-02-10,2023-02-10,0,CO,Checking or savings account,Savings account,Problem with a lender or other company charging your account,Transaction was not authorized,Closed with monetary relief,Yes
6555994,Web,2023-02-10,2023-02-10,0,CA,Credit card or prepaid card,General-purpose credit card or charge card,Incorrect information on your report,Old information reappears or never goes away,Closed with explanation,Yes
6550776,Web,2023-02-10,2023-02-10,0,TN,Credit card or prepaid card,General-purpose credit card or charge card,Incorrect information on your report,Information belongs to someone else,Closed with explanation,Yes
6555675,Web,2023-02-10,2023-02-10,0,CA,Checking or savings account,Checking account,Managing an account,Problem making or receiving payments,Closed with monetary relief,No
6556303,Web,2023-02-10,2023-02-10,0,MD,Credit card or prepaid card,General-purpose credit card or charge card,"Other features, terms, or problems",Other problem,Closed with explanation,Yes
6555814,Web,2023-02-10,2023-02-10,0,TX,Mortgage,Home equity loan or line of credit (HELOC),Trouble during payment process,NA,Closed with non-monetary relief,Yes
6555579,Phone,2023-02-10,2023-02-10,0,CA,Checking or savings account,Checking account,Managing an account,Deposits and withdrawals,Closed with explanation,Yes
6556458,Phone,2023-02-10,2023-02-10,0,FL,Credit card or prepaid card,General-purpose credit card or charge card,Problem with a purchase shown on your statement,Credit card company isn't resolving a dispute about a purchase on your statement,Closed with explanation,Yes
6556357,Web,2023-02-10,2023-02-14,4,FL,"Money transfer, virtual currency, or money service",Foreign currency exchange,Incorrect exchange rate,NA,Closed with explanation,Yes
6555831,Web,2023-02-10,2023-02-10,0,NY,Checking or savings account,Checking account,Opening an account,Unable to open an account,Closed with explanation,No
6557825,Web,2023-02-10,2023-02-10,0,VA,Credit card or prepaid card,General-purpose credit card or charge card,"Other features, terms, or problems",Credit card company forcing arbitration,Closed with explanation,Yes
6550295,Web,2023-02-10,2023-02-10,0,NJ,Checking or savings account,Checking account,Managing an account,Deposits and withdrawals,Closed with explanation,Yes
6556354,Web,2023-02-10,2023-02-10,0,MA,Credit card or prepaid card,General-purpose credit card or charge card,Trouble using your card,Can't use card to make purchases,Closed with explanation,Yes
6555269,Web,2023-02-10,2023-02-14,4,IN,"Credit reporting, credit repair services, or other personal consumer reports",Credit reporting,Improper use of your report,Reporting company used your report improperly,Closed with explanation,Yes
6556512,Web,2023-02-10,2023-02-10,0,IL,Checking or savings account,Checking account,Closing an account,Company closed your account,Closed with explanation,Yes
6557563,Phone,2023-02-10,2023-02-10,0,AZ,Checking or savings account,Checking account,Managing an account,Banking errors,Closed with explanation,Yes
6555948,Web,2023-02-10,2023-03-07,25,NJ,Credit card or prepaid card,General-purpose credit card or charge card,"Other features, terms, or problems",Other problem,Closed with monetary relief,Yes
6550760,Web,2023-02-10,2023-02-10,0,IL,Checking or savings account,Checking account,Opening an account,Account opened as a result of fraud,Closed with explanation,Yes
6556323,Web,2023-02-10,2023-02-10,0,MI,Checking or savings account,Checking account,Opening an account,Account opened as a result of fraud,Closed with explanation,Yes
6550929,Web,2023-02-10,2023-02-10,0,CA,"Credit reporting, credit repair services, or other personal consumer reports",Credit reporting,Improper use of your report,Credit inquiries on your report that you don't recognize,Closed with explanation,Yes
6557711,Web,2023-02-10,2023-02-10,0,AZ,"Money transfer, virtual currency, or money service",Domestic (US) money transfer,Fraud or scam,NA,Closed with explanation,Yes
6550122,Web,2023-02-10,2023-02-10,0,CA,Checking or savings account,Checking account,Managing an account,Cashing a check,Closed with explanation,Yes
6557630,Web,2023-02-10,2023-02-10,0,NV,Checking or savings account,Other banking product or service,Opening an account,Account opened as a result of fraud,Closed with non-monetary relief,Yes
6556324,Web,2023-02-10,2023-02-10,0,FL,Credit card or prepaid card,General-purpose credit card or charge card,Problem with a purchase shown on your statement,Card was charged for something you did not purchase with the card,Closed with explanation,Yes
6557790,Web,2023-02-10,2023-02-10,0,ME,Checking or savings account,Checking account,Opening an account,Account opened as a result of fraud,Closed with non-monetary relief,Yes
6550765,Web,2023-02-10,2023-02-10,0,WI,Mortgage,Conventional home mortgage,Trouble during payment process,NA,Closed with non-monetary relief,Yes
6555378,Web,2023-02-10,2023-02-10,0,CA,Checking or savings account,Checking account,Managing an account,Deposits and withdrawals,Closed with explanation,Yes
6556020,Web,2023-02-10,2023-02-10,0,PA,Credit card or prepaid card,General-purpose credit card or charge card,Incorrect information on your report,Information belongs to someone else,Closed with explanation,Yes
6549799,Web,2023-02-10,2023-02-10,0,CA,Checking or savings account,Checking account,Managing an account,Problem using a debit or ATM card,Closed with monetary relief,Yes
6550312,Web,2023-02-10,2023-02-10,0,OR,Credit card or prepaid card,General-purpose credit card or charge card,Trouble using your card,Credit card company won't increase or decrease your credit limit,Closed with explanation,Yes
6555527,Web,2023-02-10,2023-02-10,0,TN,Credit card or prepaid card,General-purpose credit card or charge card,Problem when making payments,Problem during payment process,Closed with monetary relief,Yes
6557123,Web,2023-02-10,2023-02-10,0,MI,Checking or savings account,Checking account,Opening an account,Account opened as a result of fraud,Closed with non-monetary relief,Yes
6556248,Web,2023-02-10,2023-02-10,0,TX,"Credit reporting, credit repair services, or other personal consumer reports",Credit reporting,Problem with a credit reporting company's investigation into an existing problem,Investigation took more than 30 days,Closed with explanation,Yes
6555525,Web,2023-02-10,2023-02-10,0,DE,Credit card or prepaid card,General-purpose credit card or charge card,Problem when making payments,Problem during payment process,Closed with monetary relief,Yes
6555509,Postal mail,2023-02-10,2023-02-10,0,OH,Checking or savings account,Checking account,Problem with a lender or other company charging your account,Transaction was not authorized,Closed with explanation,Yes
6565812,Referral,2023-02-10,2023-02-14,4,AZ,Checking or savings account,Checking account,Managing an account,Deposits and withdrawals,Closed with monetary relief,Yes
6556182,Web,2023-02-10,2023-02-10,0,TX,Checking or savings account,Checking account,Managing an account,Deposits and withdrawals,Closed with explanation,Yes
6550990,Web,2023-02-10,2023-02-10,0,MA,"Money transfer, virtual currency, or money service",Mobile or digital wallet,Fraud or scam,NA,Closed with explanation,Yes
6551299,Web,2023-02-10,2023-02-10,0,CA,Credit card or prepaid card,Government benefit card,Problem with a purchase or transfer,Charged for a purchase or transfer you did not make with the card,Closed with explanation,Yes
6557176,Web,2023-02-10,2023-02-10,0,CA,Credit card or prepaid card,General-purpose credit card or charge card,Problem with a purchase shown on your statement,Credit card company isn't resolving a dispute about a purchase on your statement,Closed with monetary relief,Yes
6559115,Web,2023-02-11,2023-02-11,0,TX,Checking or savings account,Checking account,Managing an account,Banking errors,Closed with monetary relief,Yes
6554717,Web,2023-02-11,2023-02-11,0,TN,Checking or savings account,Checking account,Managing an account,Problem using a debit or ATM card,Closed with monetary relief,Yes
6559792,Web,2023-02-11,2023-02-11,0,FL,"Money transfer, virtual currency, or money service",Domestic (US) money transfer,Fraud or scam,NA,Closed with explanation,Yes
6560148,Web,2023-02-11,2023-02-11,0,TX,"Credit reporting, credit repair services, or other personal consumer reports",Credit reporting,Improper use of your report,Credit inquiries on your report that you don't recognize,Closed with explanation,Yes
6559761,Web,2023-02-11,2023-02-14,3,TX,"Money transfer, virtual currency, or money service",Domestic (US) money transfer,Fraud or scam,NA,Closed with explanation,Yes
6561415,Web,2023-02-11,2023-02-11,0,MI,Checking or savings account,Checking account,Opening an account,Account opened as a result of fraud,Closed with non-monetary relief,Yes
6554718,Web,2023-02-11,2023-02-11,0,FL,"Credit reporting, credit repair services, or other personal consumer reports",Credit reporting,Improper use of your report,Credit inquiries on your report that you don't recognize,Closed with explanation,Yes
6560153,Web,2023-02-11,2023-02-11,0,MO,Mortgage,Conventional home mortgage,Trouble during payment process,NA,Closed with non-monetary relief,Yes
6554671,Web,2023-02-11,2023-02-11,0,NY,Checking or savings account,Checking account,Closing an account,Company closed your account,Closed with explanation,No
6560550,Web,2023-02-11,2023-02-11,0,FL,Checking or savings account,Checking account,Opening an account,Account opened as a result of fraud,Closed with explanation,No
6561249,Web,2023-02-11,2023-02-11,0,CA,Checking or savings account,Other banking product or service,Managing an account,Cashing a check,Closed with explanation,Yes
6559912,Web,2023-02-11,2023-02-11,0,PA,Credit card or prepaid card,General-purpose credit card or charge card,"Other features, terms, or problems",Problem with customer service,Closed with explanation,Yes
6560190,Web,2023-02-11,2023-02-11,0,AZ,"Credit reporting, credit repair services, or other personal consumer reports",Credit reporting,Incorrect information on your report,Information belongs to someone else,Closed with non-monetary relief,Yes
6561020,Web,2023-02-11,2023-02-11,0,MD,Checking or savings account,Checking account,Managing an account,Deposits and withdrawals,Closed with explanation,Yes
6559923,Web,2023-02-11,2023-02-11,0,FL,"Credit reporting, credit repair services, or other personal consumer reports",Credit reporting,Improper use of your report,Reporting company used your report improperly,Closed with explanation,Yes
6560103,Web,2023-02-11,2023-02-11,0,TX,Checking or savings account,Checking account,Problem with a lender or other company charging your account,Transaction was not authorized,Closed with monetary relief,No
6560411,Web,2023-02-11,2023-02-11,0,MI,Checking or savings account,Checking account,Opening an account,Account opened as a result of fraud,Closed with non-monetary relief,Yes
6559019,Web,2023-02-11,2023-02-11,0,IL,Checking or savings account,Other banking product or service,Opening an account,Account opened as a result of fraud,Closed with explanation,Yes
6560868,Web,2023-02-11,2023-02-11,0,CA,Checking or savings account,Checking account,Problem with a lender or other company charging your account,Transaction was not authorized,Closed with monetary relief,Yes
6560487,Web,2023-02-11,2023-02-11,0,TX,"Credit reporting, credit repair services, or other personal consumer reports",Credit reporting,Improper use of your report,Credit inquiries on your report that you don't recognize,Closed with explanation,Yes
6561079,Web,2023-02-11,2023-02-11,0,VA,Checking or savings account,Checking account,Problem caused by your funds being low,Non-sufficient funds and associated fees,Closed with monetary relief,Yes
6563509,Web,2023-02-12,2023-02-12,0,MA,Credit card or prepaid card,General-purpose credit card or charge card,Problem with a purchase shown on your statement,Credit card company isn't resolving a dispute about a purchase on your statement,Closed with explanation,Yes
6563100,Web,2023-02-12,2023-02-12,0,PA,"Credit reporting, credit repair services, or other personal consumer reports",Credit reporting,Incorrect information on your report,Account information incorrect,Closed with explanation,Yes
6559480,Web,2023-02-12,2023-02-12,0,CA,Checking or savings account,Checking account,Managing an account,Deposits and withdrawals,Closed with explanation,Yes
6563089,Web,2023-02-12,2023-02-12,0,DE,Credit card or prepaid card,General-purpose credit card or charge card,Getting a credit card,Card opened as result of identity theft or fraud,Closed with explanation,Yes
6563033,Web,2023-02-12,2023-02-12,0,IL,Mortgage,Conventional home mortgage,Trouble during payment process,NA,Closed with non-monetary relief,Yes
6563240,Web,2023-02-12,2023-02-12,0,FL,Checking or savings account,Checking account,Opening an account,Account opened as a result of fraud,Closed with explanation,No
6563543,Web,2023-02-12,2023-02-12,0,FL,Debt collection,Credit card debt,False statements or representation,Attempted to collect wrong amount,Closed with explanation,No
6559620,Web,2023-02-12,2023-02-12,0,SD,Checking or savings account,Checking account,Closing an account,Can't close your account,Closed with explanation,Yes
6562934,Web,2023-02-12,2023-02-12,0,MI,Checking or savings account,Checking account,Opening an account,Account opened as a result of fraud,Closed with non-monetary relief,Yes
6562327,Web,2023-02-12,2023-02-12,0,GA,Checking or savings account,Checking account,Opening an account,Account opened as a result of fraud,Closed with explanation,Yes
6562552,Web,2023-02-12,2023-02-12,0,IN,Credit card or prepaid card,General-purpose credit card or charge card,Problem with a purchase shown on your statement,Credit card company isn't resolving a dispute about a purchase on your statement,Closed with monetary relief,Yes
6563142,Web,2023-02-12,2023-02-12,0,FL,Credit card or prepaid card,General-purpose credit card or charge card,Getting a credit card,Sent card you never applied for,Closed with explanation,Yes
6567055,Web,2023-02-13,2023-02-13,0,TX,Checking or savings account,Checking account,Managing an account,Problem using a debit or ATM card,Closed with explanation,Yes
6566637,Web,2023-02-13,2023-02-13,0,UT,"Credit reporting, credit repair services, or other personal consumer reports",Credit reporting,Incorrect information on your report,Information belongs to someone else,Closed with non-monetary relief,Yes
6565508,Web,2023-02-13,2023-02-13,0,WA,Checking or savings account,Checking account,Opening an account,Unable to open an account,Closed with explanation,Yes
6566002,Web,2023-02-13,2023-02-13,0,FL,Credit card or prepaid card,General-purpose credit card or charge card,Problem when making payments,Problem during payment process,Closed with monetary relief,Yes
6567160,Web,2023-02-13,2023-02-14,1,CA,Checking or savings account,Checking account,Problem with a lender or other company charging your account,Money was taken from your account on the wrong day or for the wrong amount,Closed with explanation,Yes
6566011,Web,2023-02-13,2023-02-13,0,CA,Checking or savings account,Checking account,Managing an account,Deposits and withdrawals,Closed with monetary relief,Yes
6566665,Web,2023-02-13,2023-02-13,0,MA,Credit card or prepaid card,General-purpose credit card or charge card,Problem with a purchase shown on your statement,Credit card company isn't resolving a dispute about a purchase on your statement,Closed with monetary relief,Yes
6565159,Web,2023-02-13,2023-02-14,1,CA,Credit card or prepaid card,Government benefit card,Problem with a purchase or transfer,Charged for a purchase or transfer you did not make with the card,Closed with explanation,Yes
6564984,Web,2023-02-13,2023-02-13,0,FL,Checking or savings account,Other banking product or service,Managing an account,Problem making or receiving payments,Closed with explanation,Yes
6566219,Web,2023-02-13,2023-02-13,0,NY,Checking or savings account,Savings account,Managing an account,Funds not handled or disbursed as instructed,Closed with explanation,Yes
6565547,Web,2023-02-13,2023-02-13,0,AR,Checking or savings account,Checking account,Problem with a lender or other company charging your account,Transaction was not authorized,Closed with explanation,Yes
6566040,Web,2023-02-13,2023-02-13,0,NM,Credit card or prepaid card,General-purpose credit card or charge card,Incorrect information on your report,Account status incorrect,Closed with monetary relief,Yes
6565742,Web,2023-02-13,2023-02-13,0,CA,"Money transfer, virtual currency, or money service",Domestic (US) money transfer,Fraud or scam,NA,Closed with explanation,Yes
6562028,Web,2023-02-13,2023-02-13,0,TX,Mortgage,Home equity loan or line of credit (HELOC),Applying for a mortgage or refinancing an existing mortgage,NA,Closed with explanation,Yes
6566249,Web,2023-02-13,2023-02-13,0,FL,Checking or savings account,Checking account,Problem caused by your funds being low,Non-sufficient funds and associated fees,Closed with monetary relief,Yes
6567167,Phone,2023-02-13,2023-02-13,0,PA,Credit card or prepaid card,General-purpose credit card or charge card,Fees or interest,Problem with fees,Closed with explanation,Yes
6564885,Phone,2023-02-13,2023-02-23,10,MA,Checking or savings account,Checking account,Managing an account,Banking errors,Closed with explanation,Yes
6565646,Web,2023-02-13,2023-02-13,0,CA,Debt collection,Credit card debt,Attempts to collect debt not owed,Debt was paid,Closed with explanation,Yes
6565798,Web,2023-02-13,2023-02-13,0,CA,Credit card or prepaid card,Government benefit card,Unexpected or other fees,NA,Closed with monetary relief,No
6566966,Web,2023-02-13,2023-02-13,0,VA,Credit card or prepaid card,General-purpose credit card or charge card,Getting a credit card,Card opened as result of identity theft or fraud,Closed with non-monetary relief,Yes
6566217,Phone,2023-02-13,2023-02-13,0,TX,Checking or savings account,Checking account,Managing an account,Deposits and withdrawals,Closed with explanation,Yes
6566283,Web,2023-02-13,2023-02-13,0,TN,"Credit reporting, credit repair services, or other personal consumer reports",Credit reporting,Improper use of your report,Reporting company used your report improperly,Closed with explanation,Yes
6565783,Web,2023-02-13,2023-02-13,0,CO,Credit card or prepaid card,General-purpose credit card or charge card,Problem with a purchase shown on your statement,Credit card company isn't resolving a dispute about a purchase on your statement,Closed with monetary relief,Yes
6566439,Web,2023-02-13,2023-02-13,0,GA,Checking or savings account,Checking account,Problem caused by your funds being low,Bounced checks or returned payments,Closed with monetary relief,Yes
6565751,Web,2023-02-13,2023-02-13,0,NY,Checking or savings account,Checking account,Closing an account,Funds not received from closed account,Closed with explanation,Yes
6570325,Referral,2023-02-13,2023-02-14,1,TX,Checking or savings account,Checking account,Opening an account,Account opened as a result of fraud,Closed with explanation,Yes
6561764,Web,2023-02-13,2023-02-13,0,WA,Credit card or prepaid card,General-purpose credit card or charge card,"Advertising and marketing, including promotional offers",Didn't receive advertised or promotional terms,Closed with explanation,Yes
6567238,Web,2023-02-13,2023-02-13,0,CT,Checking or savings account,Savings account,Managing an account,Problem using a debit or ATM card,Closed with monetary relief,Yes
6566267,Web,2023-02-13,2023-02-13,0,PA,Checking or savings account,Checking account,Problem with a lender or other company charging your account,Transaction was not authorized,Closed with monetary relief,Yes
6566260,Web,2023-02-13,2023-02-13,0,MD,Checking or savings account,Checking account,Managing an account,Problem making or receiving payments,Closed with explanation,Yes
6567407,Web,2023-02-13,2023-02-13,0,VA,Mortgage,Conventional home mortgage,Trouble during payment process,NA,Closed with non-monetary relief,Yes
6567425,Web,2023-02-13,2023-02-13,0,CA,Credit card or prepaid card,General-purpose credit card or charge card,"Other features, terms, or problems",Other problem,Closed with explanation,Yes
6565801,Web,2023-02-13,2023-02-13,0,FL,Credit card or prepaid card,General-purpose credit card or charge card,Problem with a purchase shown on your statement,Credit card company isn't resolving a dispute about a purchase on your statement,Closed with explanation,Yes
6565604,Web,2023-02-13,2023-02-13,0,CA,Checking or savings account,Checking account,Managing an account,Cashing a check,Closed with explanation,Yes
6566427,Web,2023-02-13,2023-02-13,0,SC,Checking or savings account,Checking account,Opening an account,Account opened as a result of fraud,Closed with explanation,Yes
6567673,Web,2023-02-13,2023-02-13,0,TX,Debt collection,Credit card debt,Attempts to collect debt not owed,Debt was result of identity theft,Closed with explanation,Yes
6570270,Referral,2023-02-13,2023-02-14,1,CA,Checking or savings account,Checking account,Closing an account,Can't close your account,Closed with non-monetary relief,Yes
6566290,Web,2023-02-13,2023-02-13,0,CA,"Money transfer, virtual currency, or money service",Domestic (US) money transfer,Fraud or scam,NA,Closed with explanation,Yes
6566857,Web,2023-02-13,2023-02-14,1,CA,Credit card or prepaid card,Government benefit card,Unexpected or other fees,NA,Closed with explanation,Yes
6566726,Web,2023-02-13,2023-02-13,0,PA,Checking or savings account,Checking account,Opening an account,Account opened as a result of fraud,Closed with non-monetary relief,Yes
6566113,Web,2023-02-13,2023-02-13,0,NJ,Credit card or prepaid card,General-purpose credit card or charge card,Trouble using your card,Can't use card to make purchases,Closed with explanation,Yes
6567094,Web,2023-02-13,2023-02-13,0,IL,Checking or savings account,Checking account,Managing an account,Problem using a debit or ATM card,Closed with explanation,Yes
6566012,Web,2023-02-13,2023-02-13,0,CA,Credit card or prepaid card,General-purpose prepaid card,Problem with a purchase or transfer,Card company isn't resolving a dispute about a purchase or transfer,Closed with explanation,Yes
6566378,Web,2023-02-13,2023-02-13,0,MA,"Money transfer, virtual currency, or money service",International money transfer,Fraud or scam,NA,Closed with explanation,Yes
6565157,Web,2023-02-13,2023-02-13,0,TX,"Credit reporting, credit repair services, or other personal consumer reports",Credit reporting,Incorrect information on your report,Information belongs to someone else,Closed with explanation,Yes
6566746,Web,2023-02-13,2023-02-13,0,PA,"Credit reporting, credit repair services, or other personal consumer reports",Credit reporting,Improper use of your report,Credit inquiries on your report that you don't recognize,Closed with explanation,Yes
6571540,Referral,2023-02-13,2023-02-14,1,CA,Checking or savings account,Checking account,Managing an account,Cashing a check,Closed with explanation,Yes
6567213,Phone,2023-02-13,2023-03-10,25,VA,Checking or savings account,Checking account,Managing an account,Deposits and withdrawals,Closed with explanation,Yes
6567406,Web,2023-02-13,2023-02-13,0,FL,"Credit reporting, credit repair services, or other personal consumer reports",Credit reporting,Improper use of your report,Credit inquiries on your report that you don't recognize,Closed with explanation,Yes
6566579,Web,2023-02-13,2023-02-13,0,WI,Credit card or prepaid card,General-purpose credit card or charge card,Fees or interest,Problem with fees,Closed with monetary relief,Yes
6570529,Referral,2023-02-13,2023-02-14,1,NV,Checking or savings account,Checking account,Managing an account,Deposits and withdrawals,Closed with monetary relief,Yes
6569788,Web,2023-02-14,2023-02-14,0,NJ,Checking or savings account,Checking account,Managing an account,Problem using a debit or ATM card,Closed with explanation,Yes
6569095,Web,2023-02-14,2023-02-14,0,MI,Checking or savings account,Checking account,Opening an account,Account opened as a result of fraud,Closed with explanation,Yes
6573326,Web,2023-02-14,2023-02-14,0,WA,Credit card or prepaid card,General-purpose credit card or charge card,Problem with a purchase shown on your statement,Credit card company isn't resolving a dispute about a purchase on your statement,Closed with explanation,Yes
6570416,Web,2023-02-14,2023-02-14,0,NY,"Credit reporting, credit repair services, or other personal consumer reports",Credit reporting,Incorrect information on your report,Account status incorrect,Closed with explanation,Yes
6570115,Web,2023-02-14,2023-02-14,0,IL,Checking or savings account,Checking account,Opening an account,Account opened as a result of fraud,Closed with non-monetary relief,Yes
6569156,Web,2023-02-14,2023-03-10,24,NV,Checking or savings account,Checking account,Managing an account,Deposits and withdrawals,Closed with monetary relief,Yes
6564033,Web,2023-02-14,2023-02-14,0,OK,Checking or savings account,Checking account,Problem with a lender or other company charging your account,Transaction was not authorized,Closed with monetary relief,Yes
6573158,Web,2023-02-14,2023-02-14,0,MD,Checking or savings account,Savings account,Managing an account,Fee problem,Closed with monetary relief,No
6569352,Web,2023-02-14,2023-02-14,0,WA,Checking or savings account,Checking account,Opening an account,Account opened as a result of fraud,Closed with explanation,Yes
6570298,Web,2023-02-14,2023-02-14,0,OH,Checking or savings account,Checking account,Opening an account,Account opened as a result of fraud,Closed with non-monetary relief,Yes
6570813,Web,2023-02-14,2023-02-14,0,MA,Credit card or prepaid card,General-purpose credit card or charge card,Problem with a purchase shown on your statement,Credit card company isn't resolving a dispute about a purchase on your statement,Closed with explanation,Yes
6569802,Web,2023-02-14,2023-02-14,0,WA,Checking or savings account,Checking account,Opening an account,Didn't receive terms that were advertised,Closed with monetary relief,Yes
6564571,Web,2023-02-14,2023-02-14,0,FL,Checking or savings account,Savings account,Problem caused by your funds being low,Late or other fees,Closed with explanation,Yes
6576374,Referral,2023-02-14,2023-02-15,1,MD,Checking or savings account,Checking account,Managing an account,Deposits and withdrawals,Closed with explanation,Yes
6569053,Web,2023-02-14,2023-02-14,0,ME,Credit card or prepaid card,General-purpose credit card or charge card,Problem with a purchase shown on your statement,Credit card company isn't resolving a dispute about a purchase on your statement,Closed with explanation,Yes
6573350,Web,2023-02-14,2023-02-14,0,PA,Mortgage,Conventional home mortgage,Trouble during payment process,NA,Closed with explanation,Yes
6569975,Web,2023-02-14,2023-02-14,0,CA,"Money transfer, virtual currency, or money service",International money transfer,Other transaction problem,NA,Closed with explanation,Yes
6573468,Phone,2023-02-14,2023-02-14,0,CA,Checking or savings account,Checking account,Managing an account,Deposits and withdrawals,Closed with explanation,Yes
6571262,Web,2023-02-14,2023-02-14,0,UT,Credit card or prepaid card,General-purpose credit card or charge card,Incorrect information on your report,Information belongs to someone else,Closed with explanation,Yes
6572096,Web,2023-02-14,2023-02-15,1,KY,Checking or savings account,Checking account,Managing an account,Banking errors,Closed with explanation,Yes
6569353,Web,2023-02-14,2023-02-14,0,FL,Checking or savings account,Checking account,Opening an account,Unable to open an account,Closed with explanation,No
6572261,Web,2023-02-14,2023-03-17,31,NY,Checking or savings account,Checking account,Problem with a lender or other company charging your account,Transaction was not authorized,Closed with explanation,Yes
6570551,Phone,2023-02-14,2023-02-14,0,NV,Checking or savings account,Checking account,Managing an account,Deposits and withdrawals,Closed with monetary relief,Yes
6572796,Web,2023-02-14,2023-02-14,0,TX,"Money transfer, virtual currency, or money service",Domestic (US) money transfer,Fraud or scam,NA,Closed with explanation,Yes
6564330,Web,2023-02-14,2023-02-14,0,MA,Credit card or prepaid card,General-purpose credit card or charge card,Problem with a purchase shown on your statement,Credit card company isn't resolving a dispute about a purchase on your statement,Closed with monetary relief,Yes
6572375,Web,2023-02-14,2023-02-14,0,GA,"Credit reporting, credit repair services, or other personal consumer reports",Credit reporting,Incorrect information on your report,Information belongs to someone else,Closed with explanation,Yes
6564412,Web,2023-02-14,2023-02-14,0,FL,Credit card or prepaid card,General-purpose credit card or charge card,Getting a credit card,Application denied,Closed with explanation,Yes
6569714,Web,2023-02-14,2023-03-09,23,NY,Vehicle loan or lease,Loan,Struggling to pay your loan,Denied request to lower payments,Closed with explanation,Yes
6564702,Web,2023-02-14,2023-03-13,27,CA,Credit card or prepaid card,General-purpose credit card or charge card,Getting a credit card,Sent card you never applied for,Closed with non-monetary relief,Yes
6572888,Web,2023-02-14,2023-02-14,0,NJ,"Credit reporting, credit repair services, or other personal consumer reports",Credit reporting,Improper use of your report,Credit inquiries on your report that you don't recognize,Closed with non-monetary relief,Yes
6570479,Web,2023-02-14,2023-02-14,0,FL,"Credit reporting, credit repair services, or other personal consumer reports",Credit reporting,Incorrect information on your report,Account status incorrect,Closed with explanation,Yes
6570571,Web Referral,2023-02-14,2023-02-14,0,CT,Checking or savings account,Checking account,Managing an account,Problem using a debit or ATM card,Closed with explanation,Yes
6572212,Web,2023-02-14,2023-02-14,0,IL,Vehicle loan or lease,Loan,Improper use of your report,Reporting company used your report improperly,Closed with explanation,Yes
6569670,Web,2023-02-14,2023-02-14,0,AL,Credit card or prepaid card,General-purpose credit card or charge card,Closing your account,Company closed your account,Closed with explanation,Yes
6571059,Web,2023-02-14,2023-02-14,0,CA,Checking or savings account,Checking account,Managing an account,Banking errors,Closed with monetary relief,Yes
6611732,Referral,2023-02-14,2023-02-24,10,CA,Checking or savings account,Checking account,Problem with a lender or other company charging your account,Transaction was not authorized,Closed with explanation,Yes
6564598,Web,2023-02-14,2023-02-14,0,TX,Checking or savings account,Checking account,Managing an account,Deposits and withdrawals,Closed with explanation,Yes
6572420,Web,2023-02-14,2023-02-14,0,MO,Credit card or prepaid card,General-purpose credit card or charge card,Problem when making payments,Problem during payment process,Closed with explanation,Yes
6564202,Web,2023-02-14,2023-02-14,0,NJ,Vehicle loan or lease,Loan,Getting a loan or lease,Credit denial,Closed with explanation,Yes
6569152,Web,2023-02-14,2023-02-14,0,CA,Checking or savings account,Checking account,Opening an account,Account opened as a result of fraud,Closed with non-monetary relief,Yes
6570838,Web,2023-02-14,2023-02-14,0,CT,Checking or savings account,Checking account,Problem with a lender or other company charging your account,Transaction was not authorized,Closed with explanation,Yes
6563983,Web,2023-02-14,2023-02-14,0,PA,Checking or savings account,Checking account,Opening an account,Account opened as a result of fraud,Closed with non-monetary relief,Yes
6564126,Web,2023-02-14,2023-02-14,0,TN,"Credit reporting, credit repair services, or other personal consumer reports",Credit reporting,Incorrect information on your report,Personal information incorrect,Closed with explanation,Yes
6569361,Web,2023-02-14,2023-02-14,0,CA,Checking or savings account,Checking account,Managing an account,Funds not handled or disbursed as instructed,Closed with monetary relief,Yes
6564652,Web,2023-02-14,2023-02-14,0,FL,Credit card or prepaid card,General-purpose credit card or charge card,Closing your account,Company closed your account,Closed with explanation,Yes
6564528,Web,2023-02-14,2023-02-14,0,FL,Checking or savings account,Checking account,Opening an account,Unable to open an account,Closed with explanation,Yes
6568911,Web,2023-02-14,2023-02-14,0,MI,Checking or savings account,Checking account,Opening an account,Account opened as a result of fraud,Closed with explanation,Yes
6569568,Web,2023-02-14,2023-02-14,0,CA,"Credit reporting, credit repair services, or other personal consumer reports",Credit reporting,Problem with a credit reporting company's investigation into an existing problem,Their investigation did not fix an error on your report,Closed with explanation,Yes
6564764,Phone,2023-02-14,2023-02-14,0,CA,Credit card or prepaid card,General-purpose prepaid card,Problem with a purchase or transfer,Charged for a purchase or transfer you did not make with the card,Closed with monetary relief,Yes
6624728,Referral,2023-02-14,2023-02-28,14,GA,Mortgage,Conventional home mortgage,Trouble during payment process,NA,Closed with explanation,Yes
6573348,Web,2023-02-14,2023-02-14,0,CA,Credit card or prepaid card,Government benefit card,Problem with a purchase or transfer,Charged for a purchase or transfer you did not make with the card,Closed with explanation,Yes
6572463,Web,2023-02-14,2023-02-14,0,MS,"Credit reporting, credit repair services, or other personal consumer reports",Credit reporting,Improper use of your report,Reporting company used your report improperly,Closed with explanation,Yes
6573401,Web,2023-02-14,2023-02-14,0,CA,"Money transfer, virtual currency, or money service",Mobile or digital wallet,Fraud or scam,NA,Closed with explanation,Yes
6575631,Web,2023-02-15,2023-02-15,0,VA,Mortgage,Home equity loan or line of credit (HELOC),Trouble during payment process,NA,Closed with non-monetary relief,Yes
6575186,Web,2023-02-15,2023-02-15,0,MO,Checking or savings account,Savings account,Problem with a lender or other company charging your account,Transaction was not authorized,Closed with monetary relief,No
6575179,Web,2023-02-15,2023-02-15,0,AZ,Credit card or prepaid card,General-purpose credit card or charge card,Getting a credit card,Application denied,Closed with non-monetary relief,Yes
6575799,Web,2023-02-15,2023-02-15,0,TX,"Credit reporting, credit repair services, or other personal consumer reports",Credit reporting,Improper use of your report,Reporting company used your report improperly,Closed with explanation,Yes
6577129,Web,2023-02-15,2023-02-15,0,IN,Checking or savings account,Other banking product or service,Opening an account,Unable to open an account,Closed with explanation,Yes
6575833,Web,2023-02-15,2023-02-15,0,DE,Checking or savings account,Checking account,Problem caused by your funds being low,Bounced checks or returned payments,Closed with explanation,Yes
6575056,Web,2023-02-15,2023-02-15,0,FL,Credit card or prepaid card,General-purpose credit card or charge card,Improper use of your report,Reporting company used your report improperly,Closed with monetary relief,Yes
6575831,Postal mail,2023-02-15,2023-02-15,0,WA,Credit card or prepaid card,General-purpose credit card or charge card,Problem with a purchase shown on your statement,Credit card company isn't resolving a dispute about a purchase on your statement,Closed with monetary relief,Yes
6577106,Web,2023-02-15,2023-02-15,0,FL,Checking or savings account,Checking account,Managing an account,Deposits and withdrawals,Closed with explanation,Yes
6575469,Web,2023-02-15,2023-02-15,0,IL,Checking or savings account,Checking account,Opening an account,Account opened as a result of fraud,Closed with non-monetary relief,Yes
6575489,Web,2023-02-15,2023-02-15,0,PA,Checking or savings account,Checking account,Closing an account,Can't close your account,Closed with non-monetary relief,Yes
6576091,Web,2023-02-15,2023-02-15,0,TX,Checking or savings account,Checking account,Managing an account,Problem accessing account,Closed with monetary relief,Yes
6571817,Web,2023-02-15,2023-02-15,0,CA,Checking or savings account,Checking account,Managing an account,Deposits and withdrawals,Closed with monetary relief,Yes
6574848,Phone,2023-02-15,2023-02-15,0,NJ,Checking or savings account,Checking account,Managing an account,Problem using a debit or ATM card,Closed with explanation,Yes
6576111,Web,2023-02-15,2023-02-15,0,CA,Debt collection,Credit card debt,False statements or representation,"Impersonated attorney, law enforcement, or government official",Closed with explanation,Yes
6574641,Web,2023-02-15,2023-02-16,1,AZ,Mortgage,Home equity loan or line of credit (HELOC),Trouble during payment process,NA,Closed with non-monetary relief,Yes
6576202,Phone,2023-02-15,2023-02-15,0,NY,Checking or savings account,CD (Certificate of Deposit),Managing an account,Banking errors,Closed with explanation,Yes
6574703,Web,2023-02-15,2023-02-15,0,NY,Checking or savings account,Checking account,Managing an account,Deposits and withdrawals,Closed with monetary relief,Yes
6575823,Web,2023-02-15,2023-02-15,0,MN,Credit card or prepaid card,General-purpose credit card or charge card,Problem with a credit reporting company's investigation into an existing problem,Problem with personal statement of dispute,Closed with monetary relief,Yes
6579807,Referral,2023-02-15,2023-02-16,1,TX,Checking or savings account,Checking account,Managing an account,Funds not handled or disbursed as instructed,Closed with explanation,Yes
6577128,Web,2023-02-15,2023-02-15,0,FL,"Money transfer, virtual currency, or money service",Domestic (US) money transfer,Fraud or scam,NA,Closed with explanation,Yes
6575193,Web,2023-02-15,2023-02-15,0,DE,Checking or savings account,Checking account,Managing an account,Deposits and withdrawals,Closed with monetary relief,Yes
6571620,Web,2023-02-15,2023-02-15,0,FL,"Credit reporting, credit repair services, or other personal consumer reports",Credit reporting,Incorrect information on your report,Account information incorrect,Closed with explanation,Yes
6576279,Web,2023-02-15,2023-02-15,0,TX,Credit card or prepaid card,General-purpose credit card or charge card,Getting a credit card,Application denied,Closed with explanation,Yes
6571619,Web,2023-02-15,2023-02-15,0,FL,"Credit reporting, credit repair services, or other personal consumer reports",Credit reporting,Incorrect information on your report,Account information incorrect,Closed with explanation,Yes
6575925,Web,2023-02-15,2023-02-15,0,FL,"Credit reporting, credit repair services, or other personal consumer reports",Credit reporting,Unable to get your credit report or credit score,Other problem getting your report or credit score,Closed with explanation,Yes
6575175,Web,2023-02-15,2023-02-15,0,CA,Checking or savings account,Checking account,Managing an account,Problem making or receiving payments,Closed with explanation,Yes
6571814,Web,2023-02-15,2023-02-15,0,CA,"Credit reporting, credit repair services, or other personal consumer reports",Credit reporting,Improper use of your report,Credit inquiries on your report that you don't recognize,Closed with explanation,Yes
6571985,Web,2023-02-15,2023-02-15,0,MI,Checking or savings account,Checking account,Managing an account,Deposits and withdrawals,Closed with explanation,Yes
6574909,Web,2023-02-15,2023-02-15,0,NV,Checking or savings account,Checking account,Managing an account,Banking errors,Closed with explanation,Yes
6575772,Web,2023-02-15,2023-02-15,0,CA,Checking or savings account,Checking account,Closing an account,Company closed your account,Closed with explanation,Yes
6572183,Web,2023-02-15,2023-02-15,0,NJ,"Credit reporting, credit repair services, or other personal consumer reports",Credit reporting,Incorrect information on your report,Information belongs to someone else,Closed with non-monetary relief,Yes
6575372,Web,2023-02-15,2023-02-15,0,CA,Credit card or prepaid card,General-purpose credit card or charge card,Closing your account,Company closed your account,Closed with explanation,Yes
6575184,Web,2023-02-15,2023-02-15,0,GA,"Money transfer, virtual currency, or money service",Domestic (US) money transfer,Fraud or scam,NA,Closed with explanation,Yes
6572036,Web,2023-02-15,2023-02-15,0,FL,Credit card or prepaid card,General-purpose credit card or charge card,Getting a credit card,Application denied,Closed with explanation,Yes
6576165,Web,2023-02-15,2023-02-15,0,MD,"Credit reporting, credit repair services, or other personal consumer reports",Credit reporting,Improper use of your report,Credit inquiries on your report that you don't recognize,Closed with explanation,Yes
6574775,Web,2023-02-15,2023-02-15,0,CA,Checking or savings account,Checking account,Managing an account,Problem using a debit or ATM card,Closed with monetary relief,Yes
6576504,Phone,2023-02-15,2023-02-15,0,IL,Mortgage,Conventional home mortgage,Trouble during payment process,NA,Closed with monetary relief,Yes
6575052,Web,2023-02-15,2023-02-15,0,VA,Debt collection,Credit card debt,Communication tactics,"You told them to stop contacting you, but they keep trying",Closed with explanation,No
6574780,Web,2023-02-15,2023-02-15,0,CA,Credit card or prepaid card,General-purpose credit card or charge card,"Other features, terms, or problems",Other problem,Closed with explanation,Yes
6575822,Web,2023-02-15,2023-02-15,0,CA,Credit card or prepaid card,Government benefit card,Problem with a purchase or transfer,Card company isn't resolving a dispute about a purchase or transfer,Closed with explanation,No
6576070,Web,2023-02-15,2023-02-15,0,OH,"Credit reporting, credit repair services, or other personal consumer reports",Credit reporting,Improper use of your report,Credit inquiries on your report that you don't recognize,Closed with non-monetary relief,Yes
6576801,Web,2023-02-15,2023-02-15,0,NY,"Credit reporting, credit repair services, or other personal consumer reports",Credit reporting,Incorrect information on your report,Information belongs to someone else,Closed with explanation,Yes
6571576,Web,2023-02-15,2023-02-15,0,TX,"Credit reporting, credit repair services, or other personal consumer reports",Credit reporting,Problem with a credit reporting company's investigation into an existing problem,Difficulty submitting a dispute or getting information about a dispute over the phone,Closed with explanation,Yes
6572037,Web,2023-02-15,2023-02-15,0,CA,Checking or savings account,Checking account,Managing an account,Banking errors,Closed with explanation,Yes
6574854,Phone,2023-02-15,2023-02-15,0,PA,Credit card or prepaid card,General-purpose credit card or charge card,Problem with a purchase shown on your statement,Credit card company isn't resolving a dispute about a purchase on your statement,Closed with explanation,Yes
6576214,Web,2023-02-15,2023-02-15,0,FL,Checking or savings account,Savings account,Managing an account,Funds not handled or disbursed as instructed,Closed with monetary relief,Yes
6575523,Web,2023-02-15,2023-02-15,0,CA,Credit card or prepaid card,General-purpose credit card or charge card,Problem when making payments,Problem during payment process,Closed with explanation,Yes
6627487,Referral,2023-02-15,2023-03-01,14,IL,Checking or savings account,Checking account,Managing an account,Problem making or receiving payments,Closed with explanation,Yes
6575141,Web,2023-02-15,2023-02-15,0,WA,Credit card or prepaid card,General-purpose credit card or charge card,Getting a credit card,Problem getting a working replacement card,Closed with explanation,Yes
6575474,Web,2023-02-15,2023-02-15,0,OH,Debt collection,Credit card debt,Took or threatened to take negative or legal action,Seized or attempted to seize your property,Closed with explanation,Yes
6574892,Web,2023-02-15,2023-02-15,0,NY,"Credit reporting, credit repair services, or other personal consumer reports",Credit reporting,Improper use of your report,Reporting company used your report improperly,Closed with explanation,Yes
6574822,Phone,2023-02-15,2023-02-15,0,CA,Checking or savings account,Checking account,Managing an account,Problem using a debit or ATM card,Closed with explanation,Yes
6571682,Web,2023-02-15,2023-02-15,0,FL,"Credit reporting, credit repair services, or other personal consumer reports",Credit reporting,Incorrect information on your report,Account information incorrect,Closed with explanation,Yes
6575476,Web,2023-02-15,2023-02-15,0,FL,Checking or savings account,Checking account,Closing an account,Company closed your account,Closed with monetary relief,Yes
6579635,Web,2023-02-16,2023-02-16,0,NJ,"Money transfer, virtual currency, or money service",Domestic (US) money transfer,Other transaction problem,NA,Closed with monetary relief,Yes
6580828,Phone,2023-02-16,2023-02-16,0,CA,Checking or savings account,Checking account,Managing an account,Deposits and withdrawals,Closed with monetary relief,No
6580829,Web,2023-02-16,2023-02-16,0,NJ,Credit card or prepaid card,General-purpose credit card or charge card,Getting a credit card,Card opened as result of identity theft or fraud,Closed with non-monetary relief,Yes
6574379,Web,2023-02-16,2023-02-16,0,CA,Checking or savings account,Other banking product or service,Problem with a lender or other company charging your account,Transaction was not authorized,Closed with explanation,Yes
6580846,Web,2023-02-16,2023-02-16,0,WA,"Money transfer, virtual currency, or money service",Domestic (US) money transfer,Fraud or scam,NA,Closed with explanation,Yes
6573493,Web,2023-02-16,2023-02-16,0,MI,Checking or savings account,Checking account,Opening an account,Account opened as a result of fraud,Closed with explanation,Yes
6581009,Web,2023-02-16,2023-02-16,0,CA,Credit card or prepaid card,Government benefit card,Problem getting a card or closing an account,Trouble getting a working replacement card,Closed with explanation,Yes
6582351,Web,2023-02-16,2023-02-16,0,SC,Credit card or prepaid card,General-purpose credit card or charge card,Struggling to pay your bill,Credit card company won't work with you while you're going through financial hardship,Closed with explanation,Yes
6581489,Web,2023-02-16,2023-02-16,0,MI,Debt collection,I do not know,Attempts to collect debt not owed,Debt is not yours,Closed with explanation,Yes
6580349,Web,2023-02-16,2023-02-16,0,PA,Credit card or prepaid card,General-purpose credit card or charge card,Problem when making payments,Problem during payment process,Closed with explanation,Yes
6574240,Web,2023-02-16,2023-02-16,0,GA,Checking or savings account,Checking account,Managing an account,Banking errors,Closed with monetary relief,Yes
6579757,Web,2023-02-16,2023-02-16,0,NC,Debt collection,Private student loan debt,Attempts to collect debt not owed,Debt was paid,Closed with explanation,No
6574303,Web,2023-02-16,2023-02-16,0,NY,Debt collection,Credit card debt,Communication tactics,"You told them to stop contacting you, but they keep trying",Closed with non-monetary relief,Yes
6580125,Web,2023-02-16,2023-02-16,0,VA,Checking or savings account,Checking account,Problem caused by your funds being low,Non-sufficient funds and associated fees,Closed with explanation,Yes
6579999,Web,2023-02-16,2023-02-16,0,NY,Credit card or prepaid card,General-purpose credit card or charge card,"Other features, terms, or problems",Problem with customer service,Closed with non-monetary relief,Yes
6580317,Postal mail,2023-02-16,2023-02-16,0,LA,Credit card or prepaid card,General-purpose credit card or charge card,Problem with a purchase shown on your statement,Card was charged for something you did not purchase with the card,Closed with monetary relief,Yes
6579761,Web,2023-02-16,2023-02-16,0,FL,Checking or savings account,Other banking product or service,Managing an account,Problem accessing account,Closed with explanation,Yes
6581167,Web,2023-02-16,2023-02-16,0,CA,Checking or savings account,Checking account,Managing an account,Deposits and withdrawals,Closed with monetary relief,Yes
6580800,Web,2023-02-16,2023-02-16,0,TX,Credit card or prepaid card,General-purpose credit card or charge card,Problem when making payments,Problem during payment process,Closed with explanation,Yes
6581825,Web,2023-02-16,2023-02-16,0,MI,Checking or savings account,Checking account,Opening an account,Account opened as a result of fraud,Closed with explanation,Yes
6582763,Web,2023-02-16,2023-02-16,0,VA,Checking or savings account,Checking account,Opening an account,Account opened as a result of fraud,Closed with explanation,Yes
6580064,Referral,2023-02-16,2023-02-16,0,OR,Checking or savings account,Other banking product or service,Opening an account,Account opened as a result of fraud,Closed with explanation,Yes
6580844,Web,2023-02-16,2023-02-16,0,CA,"Credit reporting, credit repair services, or other personal consumer reports",Credit reporting,Problem with a credit reporting company's investigation into an existing problem,Their investigation did not fix an error on your report,Closed with explanation,Yes
6580126,Web,2023-02-16,2023-02-16,0,PA,"Credit reporting, credit repair services, or other personal consumer reports",Credit reporting,Improper use of your report,Credit inquiries on your report that you don't recognize,Closed with explanation,Yes
6579900,Web,2023-02-16,2023-02-16,0,MN,"Credit reporting, credit repair services, or other personal consumer reports",Credit reporting,Improper use of your report,Reporting company used your report improperly,Closed with explanation,Yes
6581375,Web,2023-02-16,2023-02-16,0,CA,Vehicle loan or lease,Loan,Getting a loan or lease,Changes in terms mid-deal or after closing,Closed with non-monetary relief,Yes
6579825,Phone,2023-02-16,2023-02-16,0,CA,Mortgage,Conventional home mortgage,Applying for a mortgage or refinancing an existing mortgage,NA,Closed with explanation,Yes
6580205,Web,2023-02-16,2023-02-16,0,WA,Checking or savings account,Checking account,Managing an account,Banking errors,Closed with explanation,Yes
6582279,Web,2023-02-16,2023-02-16,0,FL,Checking or savings account,Other banking product or service,Problem with a lender or other company charging your account,Transaction was not authorized,Closed with explanation,Yes
6579717,Web,2023-02-16,2023-02-16,0,CA,Checking or savings account,Checking account,Managing an account,Deposits and withdrawals,Closed with explanation,Yes
6580083,Web,2023-02-16,2023-02-16,0,IL,Checking or savings account,Checking account,Problem with a lender or other company charging your account,Transaction was not authorized,Closed with explanation,Yes
6579680,Web,2023-02-16,2023-02-17,1,MA,"Money transfer, virtual currency, or money service",Domestic (US) money transfer,Other service problem,NA,Closed with explanation,Yes
6581502,Web,2023-02-16,2023-02-16,0,MI,Checking or savings account,Checking account,Managing an account,Problem making or receiving payments,Closed with explanation,Yes
6580674,Phone,2023-02-16,2023-02-16,0,MO,Checking or savings account,Checking account,Managing an account,Problem using a debit or ATM card,Closed with monetary relief,Yes
6580841,Web,2023-02-16,2023-02-16,0,CT,Checking or savings account,Checking account,Managing an account,Funds not handled or disbursed as instructed,Closed with explanation,Yes
6582131,Web,2023-02-16,2023-02-16,0,CA,Checking or savings account,Checking account,Closing an account,Can't close your account,Closed with explanation,Yes
6580115,Phone,2023-02-16,2023-02-16,0,CA,Checking or savings account,Other banking product or service,Managing an account,Deposits and withdrawals,Closed with explanation,Yes
6581291,Phone,2023-02-16,2023-02-28,12,MA,Checking or savings account,Savings account,Managing an account,Deposits and withdrawals,Closed with explanation,Yes
6573933,Web,2023-02-16,2023-02-16,0,MO,Credit card or prepaid card,General-purpose credit card or charge card,"Other features, terms, or problems",Other problem,Closed with non-monetary relief,Yes
6580307,Web,2023-02-16,2023-02-16,0,CT,Credit card or prepaid card,General-purpose credit card or charge card,Trouble using your card,Credit card company won't increase or decrease your credit limit,Closed with explanation,Yes
6579781,Web,2023-02-16,2023-02-16,0,TX,"Credit reporting, credit repair services, or other personal consumer reports",Credit reporting,Problem with a credit reporting company's investigation into an existing problem,Their investigation did not fix an error on your report,Closed with explanation,Yes
6581030,Web,2023-02-16,2023-02-16,0,TX,"Credit reporting, credit repair services, or other personal consumer reports",Credit reporting,Problem with a credit reporting company's investigation into an existing problem,Their investigation did not fix an error on your report,Closed with explanation,Yes
6580613,Web,2023-02-16,2023-02-16,0,FL,"Credit reporting, credit repair services, or other personal consumer reports",Credit reporting,Incorrect information on your report,Account information incorrect,Closed with explanation,Yes
6574410,Web,2023-02-16,2023-02-16,0,MI,Credit card or prepaid card,General-purpose prepaid card,Trouble using the card,Trouble getting information about the card,Closed with explanation,Yes
6579962,Web,2023-02-16,2023-02-16,0,TX,"Credit reporting, credit repair services, or other personal consumer reports",Credit reporting,Problem with a credit reporting company's investigation into an existing problem,Their investigation did not fix an error on your report,Closed with explanation,Yes
6581663,Web,2023-02-16,2023-02-16,0,FL,Credit card or prepaid card,General-purpose credit card or charge card,Getting a credit card,Application denied,Closed with explanation,Yes
6580736,Web,2023-02-16,2023-02-16,0,CO,Credit card or prepaid card,General-purpose credit card or charge card,Getting a credit card,Card opened as result of identity theft or fraud,Closed with non-monetary relief,No
6580672,Web,2023-02-16,2023-02-16,0,MI,Checking or savings account,Checking account,Opening an account,Account opened as a result of fraud,Closed with non-monetary relief,Yes
6580610,Web,2023-02-16,2023-02-16,0,FL,Checking or savings account,Checking account,Problem caused by your funds being low,Non-sufficient funds and associated fees,Closed with monetary relief,Yes
6580837,Referral,2023-02-16,2023-03-13,25,GA,Checking or savings account,Checking account,Managing an account,Banking errors,Closed with explanation,Yes
6579537,Web,2023-02-16,2023-02-16,0,FL,Credit card or prepaid card,General-purpose credit card or charge card,Problem when making payments,Problem during payment process,Closed with explanation,Yes
6574214,Phone,2023-02-16,2023-02-16,0,CA,Mortgage,Conventional home mortgage,Trouble during payment process,NA,Closed with explanation,Yes
6585025,Web,2023-02-17,2023-02-17,0,WA,"Credit reporting, credit repair services, or other personal consumer reports",Credit reporting,Improper use of your report,Credit inquiries on your report that you don't recognize,Closed with explanation,Yes
6584951,Web,2023-02-17,2023-02-17,0,CA,Credit card or prepaid card,General-purpose credit card or charge card,Problem when making payments,Problem during payment process,Closed with explanation,Yes
6578645,Web,2023-02-17,2023-02-17,0,CA,"Money transfer, virtual currency, or money service",Domestic (US) money transfer,Other transaction problem,NA,Closed with monetary relief,Yes
6585895,Web,2023-02-17,2023-02-17,0,AZ,Checking or savings account,Other banking product or service,Managing an account,Funds not handled or disbursed as instructed,Closed with explanation,Yes
6579482,Web,2023-02-17,2023-02-17,0,CA,Checking or savings account,Checking account,Closing an account,Can't close your account,Closed with explanation,Yes
6585098,Phone,2023-02-17,2023-02-17,0,CA,Credit card or prepaid card,Government benefit card,Trouble using the card,Problem using the card to withdraw money from an ATM,Closed with explanation,Yes
6585878,Referral,2023-02-17,2023-02-17,0,PA,Checking or savings account,Checking account,Managing an account,Problem using a debit or ATM card,Closed with explanation,Yes
6578839,Web,2023-02-17,2023-02-17,0,VA,Checking or savings account,Checking account,Opening an account,Account opened as a result of fraud,Closed with explanation,Yes
6585591,Web,2023-02-17,2023-02-17,0,GA,"Money transfer, virtual currency, or money service",International money transfer,Other transaction problem,NA,Closed with explanation,Yes
6585057,Web,2023-02-17,2023-02-17,0,CA,"Money transfer, virtual currency, or money service",Check cashing service,Problem with customer service,NA,Closed with explanation,Yes
6585348,Web,2023-02-17,2023-02-17,0,CA,Credit card or prepaid card,Government benefit card,Problem with a purchase or transfer,Card company isn't resolving a dispute about a purchase or transfer,Closed with explanation,Yes
6585700,Web,2023-02-17,2023-02-17,0,NY,Credit card or prepaid card,General-purpose credit card or charge card,Fees or interest,Problem with fees,Closed with explanation,Yes
6578643,Web,2023-02-17,2023-02-17,0,TX,Checking or savings account,Checking account,Managing an account,Problem using a debit or ATM card,Closed with explanation,Yes
6586269,Web,2023-02-17,2023-02-17,0,VA,Checking or savings account,Checking account,Opening an account,Account opened as a result of fraud,Closed with explanation,Yes
6585133,Web,2023-02-17,2023-02-17,0,GA,"Credit reporting, credit repair services, or other personal consumer reports",Credit reporting,Improper use of your report,Reporting company used your report improperly,Closed with explanation,Yes
6597087,Web Referral,2023-02-17,2023-02-22,5,NJ,Debt collection,I do not know,Written notification about debt,Didn't receive enough information to verify debt,Closed with explanation,No
6585564,Web,2023-02-17,2023-02-17,0,CA,Credit card or prepaid card,Government benefit card,Problem with a purchase or transfer,Card company isn't resolving a dispute about a purchase or transfer,Closed with explanation,Yes
6585310,Phone,2023-02-17,2023-02-17,0,MA,Checking or savings account,Checking account,Managing an account,Problem making or receiving payments,Closed with explanation,Yes
6579153,Web,2023-02-17,2023-02-17,0,PA,Checking or savings account,Checking account,Opening an account,Account opened as a result of fraud,Closed with explanation,Yes
6585715,Phone,2023-02-17,2023-02-17,0,CA,Credit card or prepaid card,Government benefit card,Problem with a purchase or transfer,Card company isn't resolving a dispute about a purchase or transfer,Closed with monetary relief,Yes
6585202,Web,2023-02-17,2023-02-17,0,MO,Checking or savings account,Checking account,Managing an account,Problem making or receiving payments,Closed with explanation,Yes
6584943,Web,2023-02-17,2023-02-17,0,GA,"Credit reporting, credit repair services, or other personal consumer reports",Credit reporting,Problem with a credit reporting company's investigation into an existing problem,Problem with personal statement of dispute,Closed with explanation,Yes
6598077,Referral,2023-02-17,2023-02-21,4,GA,Checking or savings account,Checking account,Problem with a lender or other company charging your account,Transaction was not authorized,Closed with explanation,Yes
6585662,Web,2023-02-17,2023-02-17,0,WI,Credit card or prepaid card,General-purpose credit card or charge card,Problem with a purchase shown on your statement,Credit card company isn't resolving a dispute about a purchase on your statement,Closed with monetary relief,Yes
6586906,Web,2023-02-17,2023-02-17,0,TX,"Credit reporting, credit repair services, or other personal consumer reports",Credit reporting,Problem with a credit reporting company's investigation into an existing problem,Their investigation did not fix an error on your report,Closed with explanation,Yes
6579313,Web,2023-02-17,2023-02-17,0,CA,"Credit reporting, credit repair services, or other personal consumer reports",Credit reporting,Improper use of your report,Reporting company used your report improperly,Closed with explanation,No
6585714,Web,2023-02-17,2023-02-17,0,AZ,Checking or savings account,Checking account,Problem with a lender or other company charging your account,Transaction was not authorized,Closed with monetary relief,No
6587162,Web,2023-02-17,2023-02-17,0,NJ,Checking or savings account,Checking account,Managing an account,Problem accessing account,Closed with monetary relief,Yes
6585635,Web,2023-02-17,2023-02-17,0,CA,"Money transfer, virtual currency, or money service",Domestic (US) money transfer,Fraud or scam,NA,Closed with explanation,Yes
6585435,Postal mail,2023-02-17,2023-02-17,0,NJ,Checking or savings account,Checking account,Opening an account,Account opened as a result of fraud,Closed with explanation,Yes
6578947,Web,2023-02-17,2023-02-17,0,GA,Checking or savings account,CD (Certificate of Deposit),Closing an account,Funds not received from closed account,Closed with explanation,No
6579463,Web,2023-02-17,2023-02-17,0,GA,"Credit reporting, credit repair services, or other personal consumer reports",Credit reporting,Problem with a credit reporting company's investigation into an existing problem,Their investigation did not fix an error on your report,Closed with explanation,Yes
6586291,Web,2023-02-17,2023-02-17,0,LA,Checking or savings account,Checking account,Managing an account,Problem using a debit or ATM card,Closed with explanation,Yes
6585249,Web,2023-02-17,2023-02-17,0,MA,Credit card or prepaid card,General-purpose credit card or charge card,Problem with a purchase shown on your statement,Credit card company isn't resolving a dispute about a purchase on your statement,Closed with monetary relief,Yes
6585934,Web,2023-02-17,2023-02-17,0,AZ,Checking or savings account,Checking account,Opening an account,Account opened as a result of fraud,Closed with explanation,Yes
6579221,Web,2023-02-17,2023-02-17,0,FL,"Money transfer, virtual currency, or money service",Mobile or digital wallet,Fraud or scam,NA,Closed with explanation,Yes
6586034,Web,2023-02-17,2023-02-17,0,TX,"Money transfer, virtual currency, or money service",International money transfer,Money was not available when promised,NA,Closed with explanation,Yes
6585347,Web,2023-02-17,2023-02-17,0,MN,Debt collection,Other debt,Attempts to collect debt not owed,Debt was already discharged in bankruptcy and is no longer owed,Closed with explanation,Yes
6586096,Web,2023-02-17,2023-02-17,0,MI,Checking or savings account,Other banking product or service,Closing an account,Can't close your account,Closed with explanation,Yes
6578690,Web,2023-02-17,2023-02-17,0,IL,"Credit reporting, credit repair services, or other personal consumer reports",Other personal consumer report,Improper use of your report,Report provided to employer without your written authorization,Closed with explanation,Yes
6586230,Web,2023-02-17,2023-02-17,0,IA,Checking or savings account,Checking account,Managing an account,Problem using a debit or ATM card,Closed with explanation,Yes
6585479,Web,2023-02-17,2023-02-17,0,NM,"Money transfer, virtual currency, or money service",Mobile or digital wallet,Fraud or scam,NA,Closed with monetary relief,Yes
6585051,Web,2023-02-17,2023-02-17,0,PA,"Credit reporting, credit repair services, or other personal consumer reports",Credit reporting,Improper use of your report,Credit inquiries on your report that you don't recognize,Closed with explanation,Yes
6578626,Web,2023-02-17,2023-02-17,0,NY,"Credit reporting, credit repair services, or other personal consumer reports",Credit reporting,Improper use of your report,Credit inquiries on your report that you don't recognize,Closed with explanation,Yes
6586044,Phone,2023-02-17,2023-02-17,0,GA,Credit card or prepaid card,General-purpose credit card or charge card,Fees or interest,Problem with fees,Closed with monetary relief,Yes
6585611,Web,2023-02-17,2023-02-17,0,FL,Credit card or prepaid card,General-purpose credit card or charge card,Problem with a purchase shown on your statement,Credit card company isn't resolving a dispute about a purchase on your statement,Closed with monetary relief,Yes
6586208,Web,2023-02-17,2023-02-17,0,PA,Checking or savings account,Savings account,Opening an account,Account opened as a result of fraud,Closed with explanation,Yes
6586157,Web,2023-02-17,2023-02-17,0,TX,"Money transfer, virtual currency, or money service",Domestic (US) money transfer,Other transaction problem,NA,Closed with monetary relief,Yes
6578827,Web,2023-02-17,2023-02-17,0,MI,Checking or savings account,Checking account,Opening an account,Account opened as a result of fraud,Closed with non-monetary relief,Yes
6596967,Referral,2023-02-17,2023-02-22,5,TX,Checking or savings account,Checking account,Managing an account,Deposits and withdrawals,Closed with monetary relief,Yes
6584976,Web,2023-02-17,2023-02-17,0,IL,"Credit reporting, credit repair services, or other personal consumer reports",Credit reporting,Problem with a credit reporting company's investigation into an existing problem,Their investigation did not fix an error on your report,Closed with explanation,Yes
6585297,Web,2023-02-17,2023-02-17,0,TN,Credit card or prepaid card,General-purpose credit card or charge card,Problem with a purchase shown on your statement,Credit card company isn't resolving a dispute about a purchase on your statement,Closed with explanation,Yes
6585496,Web,2023-02-17,2023-03-19,30,CA,"Money transfer, virtual currency, or money service",Domestic (US) money transfer,Other transaction problem,NA,Closed with explanation,Yes
6584756,Web,2023-02-17,2023-02-18,1,OR,Credit card or prepaid card,General-purpose credit card or charge card,Problem with a purchase shown on your statement,Card was charged for something you did not purchase with the card,Closed with monetary relief,Yes
6586452,Web,2023-02-17,2023-02-17,0,IA,Checking or savings account,Checking account,Managing an account,Problem using a debit or ATM card,Closed with explanation,Yes
6586270,Phone,2023-02-17,2023-02-17,0,OK,Checking or savings account,Checking account,Managing an account,Fee problem,Closed with explanation,Yes
6585563,Phone,2023-02-17,2023-03-13,24,ME,Mortgage,FHA mortgage,Trouble during payment process,NA,Closed with explanation,Yes
6588974,Web,2023-02-18,2023-02-18,0,CA,Checking or savings account,Checking account,Managing an account,Deposits and withdrawals,Closed with explanation,Yes
6584203,Web,2023-02-18,2023-02-18,0,CA,Vehicle loan or lease,Loan,Getting a loan or lease,Credit denial,Closed with explanation,Yes
6588553,Web,2023-02-18,2023-02-18,0,MD,Credit card or prepaid card,General-purpose credit card or charge card,Getting a credit card,Card opened as result of identity theft or fraud,Closed with non-monetary relief,No
6588920,Web,2023-02-18,2023-02-18,0,NC,Checking or savings account,Checking account,Managing an account,Deposits and withdrawals,Closed with explanation,Yes
6584476,Web,2023-02-18,2023-02-18,0,MD,Checking or savings account,Checking account,Managing an account,Deposits and withdrawals,Closed with explanation,Yes
6589054,Web,2023-02-18,2023-02-18,0,PA,Checking or savings account,Checking account,Opening an account,Account opened as a result of fraud,Closed with non-monetary relief,No
6584182,Web,2023-02-18,2023-02-18,0,VA,Checking or savings account,Checking account,Opening an account,Account opened as a result of fraud,Closed with explanation,Yes
6588932,Web,2023-02-18,2023-02-18,0,FL,Checking or savings account,Checking account,Problem with a lender or other company charging your account,Transaction was not authorized,Closed with monetary relief,Yes
6588211,Web,2023-02-18,2023-02-18,0,NJ,"Money transfer, virtual currency, or money service",Mobile or digital wallet,Fraud or scam,NA,Closed with explanation,Yes
6584742,Web,2023-02-18,2023-02-18,0,TX,Checking or savings account,Checking account,Closing an account,Funds not received from closed account,Closed with explanation,Yes
6588653,Web,2023-02-18,2023-02-18,0,CA,Checking or savings account,Checking account,Managing an account,Problem making or receiving payments,Closed with monetary relief,No
6588710,Web,2023-02-18,2023-02-18,0,CA,Debt collection,I do not know,False statements or representation,"Impersonated attorney, law enforcement, or government official",Closed with explanation,Yes
6589743,Web,2023-02-18,2023-02-18,0,CA,Credit card or prepaid card,General-purpose credit card or charge card,Problem with a purchase shown on your statement,Credit card company isn't resolving a dispute about a purchase on your statement,Closed with explanation,Yes
6589495,Web,2023-02-18,2023-02-18,0,MD,Checking or savings account,Checking account,Closing an account,Company closed your account,Closed with explanation,Yes
6588264,Web,2023-02-18,2023-02-18,0,IL,Checking or savings account,Checking account,Opening an account,Account opened as a result of fraud,Closed with explanation,Yes
6589270,Web,2023-02-18,2023-02-18,0,DC,Checking or savings account,Savings account,Managing an account,Fee problem,Closed with explanation,Yes
6589115,Web,2023-02-18,2023-02-18,0,FL,Checking or savings account,Checking account,Managing an account,Deposits and withdrawals,Closed with monetary relief,Yes
6589589,Web,2023-02-18,2023-02-18,0,NV,Checking or savings account,Checking account,Managing an account,Problem accessing account,Closed with non-monetary relief,Yes
6588444,Web,2023-02-18,2023-02-18,0,FL,Credit card or prepaid card,General-purpose credit card or charge card,Getting a credit card,Application denied,Closed with explanation,Yes
6588203,Web,2023-02-18,2023-02-18,0,FL,"Credit reporting, credit repair services, or other personal consumer reports",Credit reporting,Unable to get your credit report or credit score,Other problem getting your report or credit score,Closed with explanation,Yes
6589679,Web,2023-02-18,2023-02-18,0,FL,Vehicle loan or lease,Loan,Getting a loan or lease,Credit denial,Closed with explanation,Yes
6589605,Web,2023-02-18,2023-02-18,0,FL,Vehicle loan or lease,Lease,Getting a loan or lease,Credit denial,Closed with explanation,Yes
6584303,Web,2023-02-18,2023-02-18,0,CT,Vehicle loan or lease,Loan,Getting a loan or lease,Credit denial,Closed with explanation,Yes
6589245,Web,2023-02-18,2023-02-18,0,MN,Credit card or prepaid card,General-purpose credit card or charge card,Improper use of your report,Reporting company used your report improperly,Closed with explanation,Yes
6589895,Web,2023-02-18,2023-03-14,24,CA,Credit card or prepaid card,Government benefit card,Problem getting a card or closing an account,Trouble getting a working replacement card,Closed with explanation,Yes
6588481,Web,2023-02-18,2023-02-18,0,NY,"Money transfer, virtual currency, or money service",Domestic (US) money transfer,Other transaction problem,NA,Closed with explanation,Yes
6584860,Web,2023-02-18,2023-02-18,0,OR,Checking or savings account,Checking account,Managing an account,Fee problem,Closed with explanation,Yes
6587931,Web,2023-02-19,2023-02-19,0,SC,Checking or savings account,Checking account,Managing an account,Problem using a debit or ATM card,Closed with monetary relief,Yes
6591313,Web,2023-02-19,2023-02-19,0,IL,"Money transfer, virtual currency, or money service",Mobile or digital wallet,Unauthorized transactions or other transaction problem,NA,Closed with explanation,No
6588079,Web,2023-02-19,2023-02-19,0,FL,"Credit reporting, credit repair services, or other personal consumer reports",Credit reporting,Incorrect information on your report,Account information incorrect,Closed with non-monetary relief,Yes
6591373,Web,2023-02-19,2023-02-19,0,MD,"Money transfer, virtual currency, or money service",Domestic (US) money transfer,Fraud or scam,NA,Closed with explanation,Yes
6590797,Web,2023-02-19,2023-02-19,0,IL,Checking or savings account,Checking account,Closing an account,Company closed your account,Closed with explanation,Yes
6587963,Web,2023-02-19,2023-02-19,0,NY,Credit card or prepaid card,General-purpose credit card or charge card,Getting a credit card,Application denied,Closed with explanation,Yes
6590641,Web,2023-02-19,2023-02-19,0,PA,Checking or savings account,Checking account,Closing an account,Can't close your account,Closed with explanation,Yes
6588042,Web,2023-02-19,2023-02-19,0,CA,Checking or savings account,Other banking product or service,Managing an account,Funds not handled or disbursed as instructed,Closed with explanation,Yes
6587695,Web,2023-02-19,2023-02-19,0,NV,"Money transfer, virtual currency, or money service",International money transfer,Fraud or scam,NA,Closed with explanation,Yes
6587918,Web,2023-02-19,2023-02-19,0,CA,Credit card or prepaid card,General-purpose credit card or charge card,Closing your account,Company closed your account,Closed with explanation,Yes
6595864,Web,2023-02-20,2023-02-20,0,GA,Checking or savings account,Savings account,Managing an account,Problem making or receiving payments,Closed with explanation,Yes
6594491,Web,2023-02-20,2023-02-20,0,NY,"Credit reporting, credit repair services, or other personal consumer reports",Credit reporting,Incorrect information on your report,Information belongs to someone else,Closed with explanation,No
6595794,Web,2023-02-20,2023-02-20,0,FL,Credit card or prepaid card,General-purpose credit card or charge card,Fees or interest,Charged too much interest,Closed with monetary relief,Yes
6595675,Web,2023-02-20,2023-02-20,0,CA,"Credit reporting, credit repair services, or other personal consumer reports",Credit reporting,Incorrect information on your report,Information belongs to someone else,Closed with explanation,Yes
6592268,Web,2023-02-20,2023-02-20,0,NJ,Checking or savings account,Checking account,Managing an account,Fee problem,Closed with monetary relief,Yes
6592726,Web,2023-02-20,2023-02-20,0,CA,Checking or savings account,Checking account,Managing an account,Funds not handled or disbursed as instructed,Closed with monetary relief,Yes
6594456,Web,2023-02-20,2023-02-21,1,NY,Checking or savings account,Checking account,Managing an account,Deposits and withdrawals,Closed with explanation,Yes
6595558,Web,2023-02-20,2023-02-20,0,TX,"Credit reporting, credit repair services, or other personal consumer reports",Credit reporting,Improper use of your report,Credit inquiries on your report that you don't recognize,Closed with explanation,Yes
6593092,Web,2023-02-20,2023-02-20,0,AZ,Credit card or prepaid card,General-purpose credit card or charge card,"Other features, terms, or problems",Problem with customer service,Closed with monetary relief,Yes
6594376,Web,2023-02-20,2023-02-20,0,NJ,"Money transfer, virtual currency, or money service",Domestic (US) money transfer,Fraud or scam,NA,Closed with monetary relief,No
6592432,Web,2023-02-20,2023-02-20,0,TX,"Money transfer, virtual currency, or money service",Mobile or digital wallet,Unauthorized transactions or other transaction problem,NA,Closed with explanation,Yes
6590163,Web,2023-02-20,2023-02-20,0,GA,"Money transfer, virtual currency, or money service",Domestic (US) money transfer,Fraud or scam,NA,Closed with monetary relief,Yes
6592093,Web,2023-02-20,2023-02-20,0,ME,Credit card or prepaid card,General-purpose credit card or charge card,"Other features, terms, or problems",Other problem,Closed with monetary relief,Yes
6590234,Web,2023-02-20,2023-02-20,0,GA,"Credit reporting, credit repair services, or other personal consumer reports",Credit reporting,Incorrect information on your report,Information belongs to someone else,Closed with explanation,Yes
6594564,Web,2023-02-20,2023-02-20,0,FL,Checking or savings account,Checking account,Closing an account,Funds not received from closed account,Closed with monetary relief,Yes
6594538,Web,2023-02-20,2023-02-20,0,UT,"Credit reporting, credit repair services, or other personal consumer reports",Credit reporting,Problem with a credit reporting company's investigation into an existing problem,Their investigation did not fix an error on your report,Closed with explanation,Yes
6592911,Web,2023-02-20,2023-02-20,0,WA,Checking or savings account,Savings account,Closing an account,Can't close your account,Closed with non-monetary relief,Yes
6594548,Web,2023-02-20,2023-02-20,0,NY,Checking or savings account,Checking account,Problem caused by your funds being low,Late or other fees,Closed with monetary relief,No
6594526,Web,2023-02-20,2023-02-20,0,IA,"Credit reporting, credit repair services, or other personal consumer reports",Credit reporting,Incorrect information on your report,Information belongs to someone else,Closed with non-monetary relief,Yes
6593277,Web,2023-02-20,2023-02-20,0,CA,Checking or savings account,Checking account,Incorrect information on your report,Information belongs to someone else,Closed with explanation,Yes
6593010,Web,2023-02-20,2023-02-20,0,NJ,Checking or savings account,Checking account,Problem caused by your funds being low,Overdrafts and overdraft fees,Closed with explanation,No
6595653,Web,2023-02-20,2023-02-20,0,TN,Checking or savings account,Other banking product or service,Managing an account,Banking errors,Closed with explanation,Yes
6599570,Web,2023-02-21,2023-02-21,0,VA,Credit card or prepaid card,General-purpose credit card or charge card,"Advertising and marketing, including promotional offers",Didn't receive advertised or promotional terms,Closed with explanation,Yes
6593559,Web,2023-02-21,2023-02-21,0,GA,"Money transfer, virtual currency, or money service",Mobile or digital wallet,Fraud or scam,NA,Closed with explanation,Yes
6597516,Web,2023-02-21,2023-02-21,0,CA,Credit card or prepaid card,Government benefit card,Unexpected or other fees,NA,Closed with explanation,No
6598585,Web,2023-02-21,2023-02-21,0,CA,Credit card or prepaid card,General-purpose credit card or charge card,Fees or interest,Unexpected increase in interest rate,Closed with monetary relief,No
6593963,Web,2023-02-21,2023-02-21,0,NC,"Money transfer, virtual currency, or money service",Mobile or digital wallet,Fraud or scam,NA,Closed with explanation,Yes
6597355,Phone,2023-02-21,2023-02-21,0,CA,Checking or savings account,Checking account,Closing an account,Company closed your account,Closed with explanation,Yes
6597236,Web,2023-02-21,2023-02-21,0,CA,Credit card or prepaid card,General-purpose prepaid card,Unexpected or other fees,NA,Closed with explanation,Yes
6597621,Web,2023-02-21,2023-02-21,0,FL,Checking or savings account,Checking account,Opening an account,Unable to open an account,Closed with explanation,Yes
6603571,Referral,2023-02-21,2023-02-22,1,AZ,Credit card or prepaid card,General-purpose credit card or charge card,Getting a credit card,Card opened as result of identity theft or fraud,Closed with explanation,Yes
6598343,Web,2023-02-21,2023-02-21,0,CA,Checking or savings account,Checking account,Managing an account,Fee problem,Closed with monetary relief,Yes
6598347,Web,2023-02-21,2023-02-21,0,CO,Vehicle loan or lease,Loan,Managing the loan or lease,Billing problem,Closed with monetary relief,Yes
6598298,Web,2023-02-21,2023-02-21,0,FL,"Credit reporting, credit repair services, or other personal consumer reports",Credit reporting,Incorrect information on your report,Information belongs to someone else,Closed with explanation,Yes
6597888,Web,2023-02-21,2023-02-21,0,MA,Credit card or prepaid card,General-purpose credit card or charge card,Problem with a purchase shown on your statement,Credit card company isn't resolving a dispute about a purchase on your statement,Closed with explanation,Yes
6599177,Web,2023-02-21,2023-02-21,0,PA,Mortgage,FHA mortgage,Trouble during payment process,NA,Closed with explanation,Yes
6598740,Web,2023-02-21,2023-02-21,0,CA,Checking or savings account,Checking account,Managing an account,Funds not handled or disbursed as instructed,Closed with monetary relief,Yes
6597358,Web,2023-02-21,2023-02-21,0,CA,Checking or savings account,Checking account,Opening an account,Unable to open an account,Closed with explanation,No
6597207,Web,2023-02-21,2023-02-21,0,VA,"Credit reporting, credit repair services, or other personal consumer reports",Credit reporting,Problem with a credit reporting company's investigation into an existing problem,Their investigation did not fix an error on your report,Closed with non-monetary relief,Yes
6598938,Web,2023-02-21,2023-02-21,0,RI,Checking or savings account,Savings account,Managing an account,Deposits and withdrawals,Closed with explanation,Yes
6599321,Web,2023-02-21,2023-02-21,0,ND,Credit card or prepaid card,General-purpose credit card or charge card,Fees or interest,Problem with fees,Closed with explanation,Yes
6597754,Web,2023-02-21,2023-02-21,0,NY,Checking or savings account,Other banking product or service,Managing an account,Problem using a debit or ATM card,Closed with explanation,No
6597864,Web,2023-02-21,2023-02-21,0,MD,"Credit reporting, credit repair services, or other personal consumer reports",Credit reporting,Improper use of your report,Credit inquiries on your report that you don't recognize,Closed with explanation,No
6597742,Web,2023-02-21,2023-02-21,0,TX,Credit card or prepaid card,General-purpose credit card or charge card,Getting a credit card,Application denied,Closed with explanation,No
6599605,Web,2023-02-21,2023-02-21,0,MD,Checking or savings account,Checking account,Opening an account,Account opened as a result of fraud,Closed with non-monetary relief,Yes
6599494,Web,2023-02-21,2023-02-21,0,IL,Checking or savings account,Checking account,Managing an account,Banking errors,Closed with monetary relief,Yes
6597297,Web,2023-02-21,2023-02-21,0,CA,Checking or savings account,Other banking product or service,Managing an account,Deposits and withdrawals,Closed with explanation,Yes
6597690,Web,2023-02-21,2023-02-21,0,KS,"Money transfer, virtual currency, or money service",Virtual currency,Money was not available when promised,NA,Closed with explanation,No
6597806,Web,2023-02-21,2023-02-21,0,CA,Credit card or prepaid card,General-purpose credit card or charge card,"Other features, terms, or problems",Other problem,Closed with explanation,Yes
6597570,Web,2023-02-21,2023-02-21,0,PA,Checking or savings account,Checking account,Opening an account,Account opened as a result of fraud,Closed with non-monetary relief,No
6598545,Web,2023-02-21,2023-02-21,0,NY,"Credit reporting, credit repair services, or other personal consumer reports",Credit reporting,Incorrect information on your report,Information belongs to someone else,Closed with explanation,Yes
6597532,Web,2023-02-21,2023-02-21,0,VA,"Credit reporting, credit repair services, or other personal consumer reports",Credit reporting,Problem with a credit reporting company's investigation into an existing problem,Their investigation did not fix an error on your report,Closed with explanation,Yes
6597329,Web,2023-02-21,2023-02-21,0,IL,Checking or savings account,Checking account,Opening an account,Account opened as a result of fraud,Closed with non-monetary relief,No
6598903,Web,2023-02-21,2023-02-21,0,CA,Mortgage,Home equity loan or line of credit (HELOC),Applying for a mortgage or refinancing an existing mortgage,NA,Closed with explanation,Yes
6597963,Web,2023-02-21,2023-03-21,28,FL,Vehicle loan or lease,Loan,Problems at the end of the loan or lease,Problem related to refinancing,Closed with explanation,Yes
6599729,Web,2023-02-21,2023-02-21,0,OR,Credit card or prepaid card,General-purpose credit card or charge card,Closing your account,Can't close your account,Closed with non-monetary relief,Yes
6597341,Web,2023-02-21,2023-02-21,0,AZ,Checking or savings account,Checking account,Managing an account,Problem using a debit or ATM card,Closed with monetary relief,Yes
6594196,Web,2023-02-21,2023-02-21,0,OH,"Credit reporting, credit repair services, or other personal consumer reports",Credit reporting,Improper use of your report,Credit inquiries on your report that you don't recognize,Closed with explanation,Yes
6594194,Web,2023-02-21,2023-02-21,0,MA,Checking or savings account,Checking account,Managing an account,Funds not handled or disbursed as instructed,Closed with explanation,Yes
6598906,Web,2023-02-21,2023-02-23,2,FL,Credit card or prepaid card,General-purpose credit card or charge card,Getting a credit card,Delay in processing application,Closed with explanation,Yes
6599837,Web,2023-02-21,2023-02-21,0,MI,Checking or savings account,Checking account,Closing an account,Can't close your account,Closed with non-monetary relief,Yes
6599394,Phone,2023-02-21,2023-02-21,0,MI,Credit card or prepaid card,General-purpose credit card or charge card,Fees or interest,Problem with fees,Closed with monetary relief,No
6597645,Web,2023-02-21,2023-02-21,0,DE,Credit card or prepaid card,General-purpose credit card or charge card,Getting a credit card,Application denied,Closed with explanation,Yes
6598663,Web,2023-02-21,2023-02-21,0,TX,Credit card or prepaid card,General-purpose credit card or charge card,"Advertising and marketing, including promotional offers",Didn't receive advertised or promotional terms,Closed with explanation,Yes
6598548,Web,2023-02-21,2023-02-21,0,CA,Credit card or prepaid card,General-purpose credit card or charge card,Fees or interest,Unexpected increase in interest rate,Closed with monetary relief,No
6603681,Referral,2023-02-21,2023-02-22,1,FL,Checking or savings account,Checking account,Managing an account,Deposits and withdrawals,Closed with explanation,Yes
6599717,Phone,2023-02-21,2023-02-21,0,FL,Mortgage,Conventional home mortgage,Trouble during payment process,NA,Closed with explanation,Yes
6597185,Web,2023-02-21,2023-02-21,0,NY,"Credit reporting, credit repair services, or other personal consumer reports",Credit reporting,Incorrect information on your report,Account information incorrect,Closed with explanation,No
6594105,Web,2023-02-21,2023-02-21,0,NM,"Money transfer, virtual currency, or money service",Domestic (US) money transfer,Fraud or scam,NA,Closed with explanation,Yes
6593972,Web,2023-02-21,2023-02-21,0,MA,Checking or savings account,Checking account,Managing an account,Problem making or receiving payments,Closed with explanation,No
6598588,Phone,2023-02-21,2023-02-21,0,PA,Checking or savings account,Checking account,Problem with a lender or other company charging your account,Money was taken from your account on the wrong day or for the wrong amount,Closed with explanation,Yes
6598956,Web,2023-02-21,2023-02-21,0,NJ,Checking or savings account,Checking account,Problem caused by your funds being low,Overdrafts and overdraft fees,Closed with explanation,Yes
6599725,Web,2023-02-21,2023-02-21,0,NJ,"Credit reporting, credit repair services, or other personal consumer reports",Credit reporting,Improper use of your report,Credit inquiries on your report that you don't recognize,Closed with explanation,Yes
6598661,Web,2023-02-21,2023-02-21,0,IL,"Credit reporting, credit repair services, or other personal consumer reports",Credit reporting,Improper use of your report,Credit inquiries on your report that you don't recognize,Closed with explanation,Yes
6604159,Referral,2023-02-21,2023-02-22,1,CA,Credit card or prepaid card,General-purpose credit card or charge card,Closing your account,Can't close your account,Closed with explanation,No
6594034,Web,2023-02-21,2023-03-16,23,WA,"Money transfer, virtual currency, or money service",Domestic (US) money transfer,Fraud or scam,NA,Closed with monetary relief,Yes
6597793,Web,2023-02-21,2023-02-21,0,CA,"Money transfer, virtual currency, or money service",Domestic (US) money transfer,Fraud or scam,NA,Closed with explanation,Yes
6600938,Web,2023-02-22,2023-02-22,0,NC,"Money transfer, virtual currency, or money service",Virtual currency,Other transaction problem,NA,Closed with explanation,Yes
6603403,Phone,2023-02-22,2023-02-22,0,TX,Checking or savings account,Other banking product or service,Managing an account,Problem using a debit or ATM card,Closed with explanation,Yes
6602243,Web,2023-02-22,2023-02-22,0,MA,Checking or savings account,Checking account,Managing an account,Banking errors,Closed with explanation,Yes
6603301,Web,2023-02-22,2023-02-22,0,CA,Checking or savings account,Checking account,Managing an account,Problem using a debit or ATM card,Closed with monetary relief,Yes
6596790,Web,2023-02-22,2023-02-22,0,MA,Mortgage,Conventional home mortgage,Struggling to pay mortgage,NA,Closed with explanation,Yes
6601879,Web,2023-02-22,2023-02-23,1,MA,Checking or savings account,Checking account,Opening an account,Unable to open an account,Closed with explanation,Yes
6596618,Web,2023-02-22,2023-02-22,0,NC,Vehicle loan or lease,Loan,Problems at the end of the loan or lease,Unable to receive car title or other problem after the loan is paid off,Closed with non-monetary relief,Yes
6603851,Web,2023-02-22,2023-02-22,0,WA,Checking or savings account,Checking account,Managing an account,Cashing a check,Closed with explanation,Yes
6603042,Web,2023-02-22,2023-02-22,0,NJ,Credit card or prepaid card,General-purpose credit card or charge card,"Other features, terms, or problems",Problem with customer service,Closed with monetary relief,Yes
6603261,Web,2023-02-22,2023-02-22,0,NY,Checking or savings account,Checking account,Problem with a lender or other company charging your account,Transaction was not authorized,Closed with explanation,Yes
6603323,Web,2023-02-22,2023-02-22,0,MI,"Credit reporting, credit repair services, or other personal consumer reports",Credit reporting,Incorrect information on your report,Information belongs to someone else,Closed with explanation,Yes
6596484,Web,2023-02-22,2023-02-22,0,TX,Checking or savings account,Checking account,Opening an account,Account opened as a result of fraud,Closed with explanation,Yes
6604175,Phone,2023-02-22,2023-02-22,0,VA,Credit card or prepaid card,Government benefit card,Unexpected or other fees,NA,Closed with explanation,Yes
6603934,Phone,2023-02-22,2023-02-22,0,CA,Checking or savings account,Checking account,Managing an account,Funds not handled or disbursed as instructed,Closed with monetary relief,No
6604563,Web,2023-02-22,2023-02-22,0,NC,"Money transfer, virtual currency, or money service",Virtual currency,Money was not available when promised,NA,Closed with explanation,Yes
6602040,Web,2023-02-22,2023-02-22,0,OR,Checking or savings account,Checking account,Managing an account,Deposits and withdrawals,Closed with explanation,Yes
6604553,Web,2023-02-22,2023-02-22,0,TX,Checking or savings account,Savings account,Problem caused by your funds being low,Overdrafts and overdraft fees,Closed with monetary relief,Yes
6602606,Web,2023-02-22,2023-02-22,0,MI,Mortgage,Home equity loan or line of credit (HELOC),Trouble during payment process,NA,Closed with explanation,Yes
6602254,Web,2023-02-22,2023-02-22,0,MS,"Credit reporting, credit repair services, or other personal consumer reports",Credit reporting,Incorrect information on your report,Information belongs to someone else,Closed with non-monetary relief,Yes
6602152,Web,2023-02-22,2023-02-22,0,MO,"Money transfer, virtual currency, or money service",Domestic (US) money transfer,Fraud or scam,NA,Closed with explanation,Yes
6603286,Web,2023-02-22,2023-02-22,0,CA,Credit card or prepaid card,General-purpose prepaid card,Problem with a purchase or transfer,Charged for a purchase or transfer you did not make with the card,Closed with monetary relief,Yes
6602386,Web,2023-02-22,2023-02-22,0,CA,Credit card or prepaid card,General-purpose credit card or charge card,Problem with a purchase shown on your statement,Credit card company isn't resolving a dispute about a purchase on your statement,Closed with explanation,Yes
6596941,Web,2023-02-22,2023-02-22,0,IL,Checking or savings account,Checking account,Opening an account,Account opened as a result of fraud,Closed with explanation,Yes
6604571,Web,2023-02-22,2023-02-22,0,CT,"Money transfer, virtual currency, or money service",Mobile or digital wallet,Fraud or scam,NA,Closed with monetary relief,Yes
6602847,Web,2023-02-22,2023-02-22,0,NY,"Credit reporting, credit repair services, or other personal consumer reports",Credit reporting,Incorrect information on your report,Account information incorrect,Closed with explanation,Yes
6604065,Web,2023-02-22,2023-02-22,0,OH,"Credit reporting, credit repair services, or other personal consumer reports",Credit reporting,Improper use of your report,Credit inquiries on your report that you don't recognize,Closed with explanation,Yes
6602824,Web,2023-02-22,2023-02-22,0,NY,Checking or savings account,Checking account,Managing an account,Deposits and withdrawals,Closed with explanation,No
6602511,Phone,2023-02-22,2023-02-22,0,TN,Checking or savings account,Other banking product or service,Managing an account,Funds not handled or disbursed as instructed,Closed with explanation,Yes
6602305,Web,2023-02-22,2023-02-22,0,AK,Credit card or prepaid card,General-purpose credit card or charge card,"Other features, terms, or problems",Problem with customer service,Closed with explanation,Yes
6596949,Web,2023-02-22,2023-02-22,0,CA,Checking or savings account,Checking account,Closing an account,Funds not received from closed account,Closed with explanation,Yes
6602391,Web,2023-02-22,2023-02-22,0,MA,Checking or savings account,Checking account,Opening an account,Unable to open an account,Closed with monetary relief,No
6596532,Web,2023-02-22,2023-02-22,0,NJ,Credit card or prepaid card,General-purpose credit card or charge card,Getting a credit card,Card opened as result of identity theft or fraud,Closed with explanation,Yes
6603552,Web,2023-02-22,2023-02-22,0,VA,"Money transfer, virtual currency, or money service",Domestic (US) money transfer,Fraud or scam,NA,Closed with monetary relief,Yes
6602194,Web,2023-02-22,2023-02-22,0,MO,Checking or savings account,Other banking product or service,Closing an account,Company closed your account,Closed with explanation,Yes
6602306,Web,2023-02-22,2023-02-22,0,CA,Checking or savings account,Checking account,Opening an account,Account opened as a result of fraud,Closed with non-monetary relief,No
6600854,Web,2023-02-22,2023-02-22,0,NC,Debt collection,Other debt,Took or threatened to take negative or legal action,Threatened to sue you for very old debt,Closed with explanation,Yes
6603405,Referral,2023-02-22,2023-02-22,0,TN,Checking or savings account,Checking account,Managing an account,Fee problem,Closed with monetary relief,Yes
6603084,Web,2023-02-22,2023-02-22,0,TX,"Credit reporting, credit repair services, or other personal consumer reports",Credit reporting,Improper use of your report,Reporting company used your report improperly,Closed with explanation,No
6604374,Web,2023-02-22,2023-02-22,0,NY,"Credit reporting, credit repair services, or other personal consumer reports",Credit reporting,Improper use of your report,Credit inquiries on your report that you don't recognize,Closed with non-monetary relief,Yes
6602164,Web Referral,2023-02-22,2023-02-22,0,ME,Checking or savings account,Checking account,Managing an account,Cashing a check,Closed with explanation,Yes
6597051,Web,2023-02-22,2023-02-22,0,FL,"Credit reporting, credit repair services, or other personal consumer reports",Credit reporting,Incorrect information on your report,Information belongs to someone else,Closed with explanation,Yes
6604479,Web,2023-02-22,2023-02-22,0,TX,Credit card or prepaid card,General-purpose credit card or charge card,Struggling to pay your bill,Credit card company won't work with you while you're going through financial hardship,Closed with explanation,Yes
6602897,Web,2023-02-22,2023-02-22,0,IL,Checking or savings account,Checking account,Managing an account,Funds not handled or disbursed as instructed,Closed with explanation,Yes
6596866,Web,2023-02-22,2023-02-22,0,GA,Checking or savings account,Checking account,Managing an account,Problem using a debit or ATM card,Closed with explanation,No
6602681,Web,2023-02-22,2023-02-22,0,CT,Credit card or prepaid card,General-purpose credit card or charge card,Problem with a purchase shown on your statement,Card was charged for something you did not purchase with the card,Closed with explanation,No
6596921,Web,2023-02-22,2023-02-22,0,CA,Checking or savings account,Checking account,Managing an account,Problem accessing account,Closed with explanation,Yes
6602934,Web,2023-02-22,2023-02-22,0,OH,"Credit reporting, credit repair services, or other personal consumer reports",Credit reporting,Problem with fraud alerts or security freezes,NA,Closed with non-monetary relief,Yes
6607877,Web,2023-02-23,2023-02-23,0,CA,Credit card or prepaid card,General-purpose credit card or charge card,Getting a credit card,Sent card you never applied for,Closed with explanation,Yes
6607499,Web,2023-02-23,2023-02-23,0,CA,Checking or savings account,Checking account,Managing an account,Problem accessing account,Closed with explanation,No
6609044,Web,2023-02-23,2023-02-23,0,MA,Checking or savings account,Checking account,Managing an account,Deposits and withdrawals,Closed with monetary relief,Yes
6607382,Web,2023-02-23,2023-02-23,0,CA,Credit card or prepaid card,General-purpose credit card or charge card,"Other features, terms, or problems",Other problem,Closed with monetary relief,Yes
6605664,Web,2023-02-23,2023-02-23,0,FL,Checking or savings account,Checking account,Problem with a lender or other company charging your account,Transaction was not authorized,Closed with monetary relief,No
6607604,Web,2023-02-23,2023-02-23,0,MO,Checking or savings account,Checking account,Closing an account,Company closed your account,Closed with explanation,Yes
6601949,Web,2023-02-23,2023-02-23,0,FL,Credit card or prepaid card,General-purpose credit card or charge card,"Other features, terms, or problems",Other problem,Closed with explanation,Yes
6607631,Web,2023-02-23,2023-02-23,0,FL,Checking or savings account,Checking account,Managing an account,Problem using a debit or ATM card,Closed with monetary relief,Yes
6607009,Referral,2023-02-23,2023-02-23,0,MD,Checking or savings account,Checking account,Closing an account,Company closed your account,Closed with explanation,Yes
6608503,Web,2023-02-23,2023-02-23,0,CA,"Credit reporting, credit repair services, or other personal consumer reports",Credit reporting,Problem with a credit reporting company's investigation into an existing problem,Their investigation did not fix an error on your report,Closed with explanation,Yes
6608133,Web,2023-02-23,2023-02-23,0,AZ,Checking or savings account,Checking account,Problem caused by your funds being low,Overdrafts and overdraft fees,Closed with explanation,Yes
6608228,Web,2023-02-23,2023-02-23,0,MD,Checking or savings account,Checking account,Problem with a lender or other company charging your account,Transaction was not authorized,Closed with explanation,No
6601807,Web,2023-02-23,2023-03-23,28,VA,Credit card or prepaid card,General-purpose credit card or charge card,Fees or interest,Problem with fees,Closed with monetary relief,Yes
6608940,Web,2023-02-23,2023-02-23,0,CA,Checking or savings account,Checking account,Managing an account,Funds not handled or disbursed as instructed,Closed with explanation,Yes
6608381,Web,2023-02-23,2023-02-23,0,MA,Mortgage,Home equity loan or line of credit (HELOC),Applying for a mortgage or refinancing an existing mortgage,NA,Closed with explanation,Yes
6601698,Web,2023-02-23,2023-02-23,0,CA,"Credit reporting, credit repair services, or other personal consumer reports",Credit reporting,Incorrect information on your report,Account information incorrect,Closed with explanation,Yes
6601681,Web,2023-02-23,2023-02-23,0,CA,"Credit reporting, credit repair services, or other personal consumer reports",Credit reporting,Incorrect information on your report,Account information incorrect,Closed with explanation,Yes
6607212,Web,2023-02-23,2023-02-23,0,CA,Credit card or prepaid card,General-purpose credit card or charge card,Getting a credit card,Card opened as result of identity theft or fraud,Closed with non-monetary relief,No
6601039,Web,2023-02-23,2023-02-23,0,CA,Checking or savings account,Checking account,Managing an account,Problem using a debit or ATM card,Closed with explanation,Yes
6607608,Web,2023-02-23,2023-02-23,0,VA,"Money transfer, virtual currency, or money service",Domestic (US) money transfer,Other service problem,NA,Closed with explanation,Yes
6607493,Web,2023-02-23,2023-02-23,0,CA,Checking or savings account,Checking account,Managing an account,Deposits and withdrawals,Closed with monetary relief,Yes
6607512,Web,2023-02-23,2023-02-23,0,AZ,Credit card or prepaid card,General-purpose credit card or charge card,Getting a credit card,Card opened as result of identity theft or fraud,Closed with non-monetary relief,Yes
6601733,Web,2023-02-23,2023-02-23,0,CA,Checking or savings account,Checking account,Managing an account,Banking errors,Closed with monetary relief,Yes
6608013,Web,2023-02-23,2023-02-23,0,CA,"Credit reporting, credit repair services, or other personal consumer reports",Credit reporting,Improper use of your report,Credit inquiries on your report that you don't recognize,Closed with non-monetary relief,Yes
6609403,Web,2023-02-23,2023-02-23,0,MD,"Credit reporting, credit repair services, or other personal consumer reports",Credit reporting,Incorrect information on your report,Account information incorrect,Closed with explanation,Yes
6607849,Web,2023-02-23,2023-02-23,0,MD,"Credit reporting, credit repair services, or other personal consumer reports",Credit reporting,Incorrect information on your report,Account information incorrect,Closed with explanation,Yes
6607143,Web,2023-02-23,2023-02-23,0,OR,Credit card or prepaid card,General-purpose credit card or charge card,Getting a credit card,Delay in processing application,Closed with explanation,Yes
6601350,Web,2023-02-23,2023-02-23,0,VA,"Credit reporting, credit repair services, or other personal consumer reports",Credit reporting,Problem with a credit reporting company's investigation into an existing problem,Their investigation did not fix an error on your report,Closed with explanation,Yes
6607469,Web,2023-02-23,2023-02-23,0,MI,"Credit reporting, credit repair services, or other personal consumer reports",Credit reporting,Credit monitoring or identity theft protection services,Received unwanted marketing or advertising,Closed with explanation,Yes
6609055,Web,2023-02-23,2023-02-23,0,VA,"Money transfer, virtual currency, or money service",Foreign currency exchange,Confusing or missing disclosures,NA,Closed with explanation,Yes
6609407,Web,2023-02-23,2023-02-23,0,CA,Credit card or prepaid card,Government benefit card,Trouble using the card,Problem with direct deposit,Closed with explanation,Yes
6608710,Web,2023-02-23,2023-02-23,0,SC,"Credit reporting, credit repair services, or other personal consumer reports",Credit reporting,Improper use of your report,Credit inquiries on your report that you don't recognize,Closed with explanation,Yes
6607369,Web,2023-02-23,2023-02-23,0,NY,"Credit reporting, credit repair services, or other personal consumer reports",Credit reporting,Improper use of your report,Reporting company used your report improperly,Closed with explanation,Yes
6607387,Web,2023-02-23,2023-02-23,0,OR,Checking or savings account,Checking account,Managing an account,Deposits and withdrawals,Closed with monetary relief,Yes
6608512,Phone,2023-02-23,2023-02-23,0,FL,Checking or savings account,Checking account,Managing an account,Problem using a debit or ATM card,Closed with monetary relief,Yes
6608812,Web,2023-02-23,2023-02-23,0,TX,Credit card or prepaid card,General-purpose credit card or charge card,Problem with a purchase shown on your statement,Credit card company isn't resolving a dispute about a purchase on your statement,Closed with monetary relief,Yes
6607490,Web,2023-02-23,2023-02-23,0,CA,Credit card or prepaid card,Government benefit card,Problem with a purchase or transfer,Card company isn't resolving a dispute about a purchase or transfer,Closed with explanation,Yes
6601781,Web,2023-02-23,2023-02-23,0,NY,Credit card or prepaid card,General-purpose credit card or charge card,Problem when making payments,Problem during payment process,Closed with explanation,Yes
6608658,Web,2023-02-23,2023-02-23,0,FL,"Credit reporting, credit repair services, or other personal consumer reports",Credit reporting,Improper use of your report,Credit inquiries on your report that you don't recognize,Closed with explanation,Yes
6608342,Web,2023-02-23,2023-02-23,0,TN,Checking or savings account,Checking account,Managing an account,Fee problem,Closed with monetary relief,Yes
6606945,Web,2023-02-23,2023-02-24,1,CA,Credit card or prepaid card,General-purpose credit card or charge card,Incorrect information on your report,Old information reappears or never goes away,Closed with explanation,No
6608189,Web,2023-02-23,2023-02-23,0,TX,Credit card or prepaid card,General-purpose credit card or charge card,Problem with a purchase shown on your statement,Credit card company isn't resolving a dispute about a purchase on your statement,Closed with monetary relief,Yes
6607433,Web,2023-02-23,2023-02-23,0,IL,"Credit reporting, credit repair services, or other personal consumer reports",Credit reporting,Incorrect information on your report,Information is missing that should be on the report,Closed with non-monetary relief,Yes
6608380,Web,2023-02-23,2023-02-23,0,AZ,Credit card or prepaid card,General-purpose credit card or charge card,"Other features, terms, or problems",Other problem,Closed with non-monetary relief,Yes
6607384,Web,2023-02-23,2023-02-23,0,NY,"Credit reporting, credit repair services, or other personal consumer reports",Credit reporting,Improper use of your report,Reporting company used your report improperly,Closed with explanation,No
6606981,Web,2023-02-23,2023-02-23,0,CA,"Money transfer, virtual currency, or money service",Domestic (US) money transfer,Fraud or scam,NA,Closed with explanation,Yes
6601376,Web,2023-02-23,2023-02-23,0,CA,Checking or savings account,Other banking product or service,Managing an account,Deposits and withdrawals,Closed with explanation,Yes
6607391,Web,2023-02-23,2023-02-23,0,VA,Credit card or prepaid card,General-purpose credit card or charge card,Getting a credit card,Problem getting a working replacement card,Closed with explanation,No
6612931,Web,2023-02-24,2023-02-24,0,WA,"Money transfer, virtual currency, or money service",Mobile or digital wallet,Fraud or scam,NA,Closed with monetary relief,Yes
6614210,Web,2023-02-24,2023-02-24,0,CA,Credit card or prepaid card,Government benefit card,Problem with a purchase or transfer,Charged for a purchase or transfer you did not make with the card,Closed with monetary relief,Yes
6613313,Web,2023-02-24,2023-02-24,0,AZ,Checking or savings account,Checking account,Problem caused by your funds being low,Bounced checks or returned payments,Closed with monetary relief,No
6614141,Web,2023-02-24,2023-02-24,0,FL,Credit card or prepaid card,General-purpose credit card or charge card,Fees or interest,Unexpected increase in interest rate,Closed with monetary relief,Yes
6612306,Web,2023-02-24,2023-02-24,0,AZ,"Money transfer, virtual currency, or money service",Domestic (US) money transfer,Other transaction problem,NA,Closed with explanation,Yes
6612994,Web,2023-02-24,2023-02-24,0,NY,Debt collection,Credit card debt,Attempts to collect debt not owed,Debt is not yours,Closed with explanation,Yes
6612501,Web,2023-02-24,2023-02-24,0,OK,Checking or savings account,Checking account,Managing an account,Problem using a debit or ATM card,Closed with monetary relief,Yes
6613941,Web,2023-02-24,2023-03-30,34,PA,Debt collection,Credit card debt,False statements or representation,Attempted to collect wrong amount,Closed with explanation,Yes
6606459,Web,2023-02-24,2023-02-24,0,TN,Checking or savings account,Checking account,Managing an account,Problem using a debit or ATM card,Closed with monetary relief,Yes
6611837,Web,2023-02-24,2023-02-24,0,CA,"Credit reporting, credit repair services, or other personal consumer reports",Credit reporting,Incorrect information on your report,Information belongs to someone else,Closed with explanation,No
6613020,Web,2023-02-24,2023-02-24,0,SC,Checking or savings account,Checking account,Managing an account,Banking errors,Closed with explanation,Yes
6613160,Web,2023-02-24,2023-02-24,0,TX,"Money transfer, virtual currency, or money service",Debt settlement,Unexpected or other fees,NA,Closed with explanation,Yes
6612143,Web,2023-02-24,2023-02-24,0,IL,Checking or savings account,Checking account,Closing an account,Funds not received from closed account,Closed with explanation,Yes
6606052,Web,2023-02-24,2023-02-24,0,TX,Checking or savings account,Checking account,Opening an account,Account opened as a result of fraud,Closed with explanation,Yes
6606796,Web,2023-02-24,2023-02-24,0,NY,Credit card or prepaid card,General-purpose credit card or charge card,Getting a credit card,Card opened as result of identity theft or fraud,Closed with explanation,Yes
6611312,Phone,2023-02-24,2023-02-25,1,MD,Mortgage,Conventional home mortgage,Improper use of your report,Reporting company used your report improperly,Closed with explanation,Yes
6606457,Web,2023-02-24,2023-02-24,0,AZ,Checking or savings account,Checking account,Opening an account,Unable to open an account,Closed with explanation,Yes
6606760,Web,2023-02-24,2023-02-24,0,GA,Debt collection,Other debt,Took or threatened to take negative or legal action,Threatened to sue you for very old debt,Closed with explanation,Yes
6612997,Referral,2023-02-24,2023-02-24,0,CA,"Money transfer, virtual currency, or money service",Foreign currency exchange,Fraud or scam,NA,Closed with explanation,Yes
6612312,Web,2023-02-24,2023-02-24,0,NY,Credit card or prepaid card,General-purpose credit card or charge card,"Other features, terms, or problems",Problem with rewards from credit card,Closed with explanation,Yes
6606048,Web,2023-02-24,2023-02-24,0,NC,Checking or savings account,Checking account,Opening an account,Unable to open an account,Closed with explanation,Yes
6612387,Web,2023-02-24,2023-02-24,0,ME,"Credit reporting, credit repair services, or other personal consumer reports",Credit reporting,Incorrect information on your report,Account status incorrect,Closed with monetary relief,Yes
6605816,Web,2023-02-24,2023-02-24,0,NJ,Credit card or prepaid card,General-purpose credit card or charge card,Problem with a purchase shown on your statement,Card was charged for something you did not purchase with the card,Closed with monetary relief,Yes
6612359,Web,2023-02-24,2023-02-24,0,CA,"Credit reporting, credit repair services, or other personal consumer reports",Credit reporting,Incorrect information on your report,Information belongs to someone else,Closed with explanation,Yes
6606574,Web,2023-02-24,2023-03-20,24,CA,"Credit reporting, credit repair services, or other personal consumer reports",Credit repair services,Fraud or scam,NA,Closed with explanation,Yes
6611599,Web,2023-02-24,2023-02-24,0,CA,Checking or savings account,Checking account,Managing an account,Deposits and withdrawals,Closed with explanation,No
6612315,Web,2023-02-24,2023-02-24,0,VA,"Money transfer, virtual currency, or money service",Foreign currency exchange,Problem with customer service,NA,Closed with explanation,Yes
6605939,Web,2023-02-24,2023-02-24,0,CA,Debt collection,Credit card debt,Attempts to collect debt not owed,Debt is not yours,Closed with explanation,Yes
6613279,Web,2023-02-24,2023-02-24,0,FL,Checking or savings account,Checking account,Opening an account,Unable to open an account,Closed with explanation,Yes
6612163,Web,2023-02-24,2023-02-24,0,NY,Checking or savings account,Checking account,Managing an account,Funds not handled or disbursed as instructed,Closed with monetary relief,Yes
6612503,Phone,2023-02-24,2023-02-24,0,FL,Checking or savings account,Savings account,Closing an account,Company closed your account,Closed with explanation,Yes
6612607,Web,2023-02-24,2023-02-24,0,VA,"Credit reporting, credit repair services, or other personal consumer reports",Credit reporting,Incorrect information on your report,Information belongs to someone else,Closed with explanation,Yes
6606572,Web,2023-02-24,2023-02-24,0,AR,"Money transfer, virtual currency, or money service",Domestic (US) money transfer,Fraud or scam,NA,Closed with explanation,Yes
6612677,Web,2023-02-24,2023-02-24,0,PA,Checking or savings account,Checking account,Managing an account,Problem using a debit or ATM card,Closed with explanation,Yes
6612860,Web,2023-02-24,2023-02-24,0,MI,Checking or savings account,Checking account,Opening an account,Account opened as a result of fraud,Closed with non-monetary relief,Yes
6613095,Phone,2023-02-24,2023-02-24,0,GA,"Payday loan, title loan, or personal loan",Payday loan,Struggling to pay your loan,NA,Closed with explanation,Yes
6612384,Web,2023-02-24,2023-02-24,0,NV,Checking or savings account,Checking account,Managing an account,Deposits and withdrawals,Closed with explanation,Yes
6612884,Web,2023-02-24,2023-02-24,0,FL,Checking or savings account,Checking account,Closing an account,Company closed your account,Closed with monetary relief,Yes
6606297,Web,2023-02-24,2023-02-24,0,CA,Credit card or prepaid card,General-purpose credit card or charge card,Problem when making payments,Problem during payment process,Closed with non-monetary relief,Yes
6611488,Web,2023-02-24,2023-02-24,0,MA,Checking or savings account,Checking account,Managing an account,Deposits and withdrawals,Closed with explanation,Yes
6613896,Web,2023-02-24,2023-02-24,0,MD,Checking or savings account,Checking account,Problem caused by your funds being low,Late or other fees,Closed with monetary relief,Yes
6606738,Web,2023-02-24,2023-02-24,0,CA,Credit card or prepaid card,General-purpose credit card or charge card,Closing your account,Company closed your account,Closed with explanation,Yes
6612356,Web,2023-02-24,2023-04-18,53,FL,Debt collection,I do not know,Attempts to collect debt not owed,Debt was result of identity theft,Closed with explanation,Yes
6612862,Web,2023-02-24,2023-02-24,0,VA,Checking or savings account,Other banking product or service,Managing an account,Problem making or receiving payments,Closed with explanation,Yes
6606558,Web,2023-02-24,2023-02-24,0,CO,"Money transfer, virtual currency, or money service",Check cashing service,Fraud or scam,NA,Closed with monetary relief,Yes
6611987,Web,2023-02-24,2023-02-24,0,NY,Checking or savings account,Checking account,Problem with a lender or other company charging your account,Transaction was not authorized,Closed with monetary relief,Yes
6617767,Web,2023-02-25,2023-02-25,0,NY,Checking or savings account,Checking account,Managing an account,Funds not handled or disbursed as instructed,Closed with monetary relief,Yes
6616855,Web,2023-02-25,2023-02-25,0,IL,Credit card or prepaid card,General-purpose credit card or charge card,Closing your account,Company closed your account,Closed with explanation,Yes
6616674,Web,2023-02-25,2023-02-25,0,VA,Checking or savings account,Checking account,Managing an account,Problem using a debit or ATM card,Closed with explanation,Yes
6616236,Web,2023-02-25,2023-02-25,0,FL,Checking or savings account,Checking account,Managing an account,Deposits and withdrawals,Closed with explanation,No
6615846,Web,2023-02-25,2023-02-25,0,CA,Checking or savings account,Checking account,Managing an account,Banking errors,Closed with monetary relief,Yes
6616405,Web,2023-02-25,2023-02-25,0,PA,Checking or savings account,Checking account,Opening an account,Account opened as a result of fraud,Closed with non-monetary relief,No
6615949,Web,2023-02-25,2023-02-25,0,CA,Credit card or prepaid card,General-purpose credit card or charge card,Problem with a purchase shown on your statement,Credit card company isn't resolving a dispute about a purchase on your statement,Closed with monetary relief,Yes
6616414,Web,2023-02-25,2023-02-25,0,MS,"Credit reporting, credit repair services, or other personal consumer reports",Credit reporting,Incorrect information on your report,Account status incorrect,Closed with explanation,Yes
6611275,Web,2023-02-25,2023-02-25,0,CA,Checking or savings account,Checking account,Managing an account,Deposits and withdrawals,Closed with explanation,No
6610830,Web,2023-02-25,2023-02-25,0,MD,"Money transfer, virtual currency, or money service",Check cashing service,Fraud or scam,NA,Closed with explanation,Yes
6617217,Web,2023-02-25,2023-02-25,0,MA,Credit card or prepaid card,General-purpose credit card or charge card,Fees or interest,Problem with fees,Closed with explanation,Yes
6617447,Web,2023-02-25,2023-02-25,0,OH,Checking or savings account,Checking account,Managing an account,Funds not handled or disbursed as instructed,Closed with monetary relief,Yes
6616346,Web,2023-02-25,2023-02-25,0,GA,Vehicle loan or lease,Loan,Incorrect information on your report,Account status incorrect,Closed with explanation,Yes
6616466,Web,2023-02-25,2023-02-25,0,NY,Checking or savings account,Checking account,Closing an account,Funds not received from closed account,Closed with monetary relief,Yes
6616727,Web,2023-02-25,2023-02-25,0,MI,Checking or savings account,Savings account,Managing an account,Deposits and withdrawals,Closed with monetary relief,Yes
6611294,Web,2023-02-25,2023-02-25,0,NJ,Checking or savings account,Savings account,Opening an account,Account opened as a result of fraud,Closed with monetary relief,Yes
6616117,Web,2023-02-25,2023-02-25,0,TX,"Credit reporting, credit repair services, or other personal consumer reports",Other personal consumer report,Incorrect information on your report,Information belongs to someone else,Closed with explanation,No
6617725,Web,2023-02-25,2023-02-25,0,WA,"Credit reporting, credit repair services, or other personal consumer reports",Credit reporting,Problem with a credit reporting company's investigation into an existing problem,Investigation took more than 30 days,Closed with explanation,Yes
6611049,Web,2023-02-25,2023-02-25,0,GA,Checking or savings account,Checking account,Managing an account,Deposits and withdrawals,Closed with monetary relief,Yes
6610918,Web,2023-02-25,2023-02-25,0,OK,Checking or savings account,Checking account,Closing an account,Funds not received from closed account,Closed with explanation,Yes
6616796,Web,2023-02-25,2023-02-25,0,TX,Checking or savings account,Checking account,Closing an account,Can't close your account,Closed with monetary relief,No
6615494,Web,2023-02-26,2023-02-26,0,CA,Credit card or prepaid card,General-purpose credit card or charge card,Problem when making payments,You never received your bill or did not know a payment was due,Closed with non-monetary relief,Yes
6618731,Web,2023-02-26,2023-02-26,0,CA,Credit card or prepaid card,Government benefit card,Problem with a purchase or transfer,Card company isn't resolving a dispute about a purchase or transfer,Closed with monetary relief,Yes
6615401,Web,2023-02-26,2023-02-26,0,OH,Credit card or prepaid card,General-purpose credit card or charge card,Fees or interest,Problem with fees,Closed with explanation,Yes
6619932,Web,2023-02-26,2023-02-26,0,MD,Mortgage,Conventional home mortgage,Trouble during payment process,NA,Closed with monetary relief,Yes
6618681,Web,2023-02-26,2023-02-26,0,NJ,"Credit reporting, credit repair services, or other personal consumer reports",Credit reporting,Incorrect information on your report,Account information incorrect,Closed with explanation,Yes
6618346,Web,2023-02-26,2023-02-26,0,WA,Checking or savings account,Checking account,Managing an account,Cashing a check,Closed with explanation,Yes
6618399,Web,2023-02-26,2023-02-26,0,NJ,Credit card or prepaid card,General-purpose credit card or charge card,"Advertising and marketing, including promotional offers",Confusing or misleading advertising about the credit card,Closed with explanation,Yes
6618306,Web,2023-02-26,2023-03-22,24,CA,Credit card or prepaid card,Government benefit card,Problem with a purchase or transfer,Card company isn't resolving a dispute about a purchase or transfer,Closed with monetary relief,Yes
6615195,Web,2023-02-26,2023-02-26,0,NY,Checking or savings account,Checking account,Opening an account,Unable to open an account,Closed with explanation,No
6619975,Web,2023-02-26,2023-02-26,0,AZ,Credit card or prepaid card,Government benefit card,Problem with a purchase or transfer,Card company isn't resolving a dispute about a purchase or transfer,Closed with monetary relief,No
6618902,Web,2023-02-26,2023-02-26,0,MI,Debt collection,I do not know,Took or threatened to take negative or legal action,Seized or attempted to seize your property,Closed with explanation,Yes
6618676,Web,2023-02-26,2023-02-26,0,CA,Checking or savings account,Checking account,Managing an account,Banking errors,Closed with monetary relief,Yes
6620326,Web,2023-02-26,2023-02-26,0,AZ,Checking or savings account,Checking account,Managing an account,Funds not handled or disbursed as instructed,Closed with explanation,Yes
6618140,Web,2023-02-26,2023-02-26,0,NY,Credit card or prepaid card,General-purpose credit card or charge card,Problem with a purchase shown on your statement,Card was charged for something you did not purchase with the card,Closed with monetary relief,Yes
6619961,Web,2023-02-26,2023-02-26,0,NC,Checking or savings account,Checking account,Managing an account,Banking errors,Closed with explanation,Yes
6620257,Web,2023-02-26,2023-02-26,0,NJ,Checking or savings account,Checking account,Closing an account,Company closed your account,Closed with explanation,Yes
6618819,Web,2023-02-26,2023-02-26,0,FL,Checking or savings account,Checking account,Problem with a lender or other company charging your account,Transaction was not authorized,Closed with explanation,Yes
6618770,Web,2023-02-26,2023-02-26,0,NH,"Money transfer, virtual currency, or money service",Refund anticipation check,Fraud or scam,NA,Closed with explanation,No
6615573,Web,2023-02-26,2023-02-26,0,GA,"Credit reporting, credit repair services, or other personal consumer reports",Credit reporting,Incorrect information on your report,Information belongs to someone else,Closed with explanation,Yes
6618285,Web,2023-02-26,2023-02-26,0,NC,Credit card or prepaid card,General-purpose credit card or charge card,Problem with a purchase shown on your statement,Credit card company isn't resolving a dispute about a purchase on your statement,Closed with explanation,Yes
6615362,Web,2023-02-26,2023-02-26,0,GA,Checking or savings account,Checking account,Managing an account,Banking errors,Closed with monetary relief,Yes
6619857,Web,2023-02-26,2023-02-26,0,CA,Mortgage,Other type of mortgage,Struggling to pay mortgage,NA,Closed with explanation,Yes
6622230,Web,2023-02-27,2023-02-27,0,NY,Credit card or prepaid card,General-purpose credit card or charge card,Getting a credit card,Card opened as result of identity theft or fraud,Closed with non-monetary relief,Yes
6623012,Web,2023-02-27,2023-02-27,0,CA,Checking or savings account,Savings account,Managing an account,Deposits and withdrawals,Closed with explanation,Yes
6622893,Postal mail,2023-02-27,2023-02-27,0,NJ,Credit card or prepaid card,General-purpose credit card or charge card,Fees or interest,Problem with fees,Closed with explanation,Yes
6624112,Web,2023-02-27,2023-02-27,0,OH,Checking or savings account,Checking account,Managing an account,Deposits and withdrawals,Closed with explanation,Yes
6619321,Web,2023-02-27,2023-02-27,0,TX,Credit card or prepaid card,General-purpose credit card or charge card,Fees or interest,Problem with fees,Closed with monetary relief,Yes
6626327,Web,2023-02-27,2023-02-27,0,MO,Checking or savings account,Checking account,Closing an account,Funds not received from closed account,Closed with monetary relief,Yes
6624609,Web,2023-02-27,2023-02-27,0,NJ,Mortgage,Conventional home mortgage,Trouble during payment process,NA,Closed with monetary relief,Yes
6622359,Web,2023-02-27,2023-02-27,0,CA,Credit card or prepaid card,General-purpose credit card or charge card,Fees or interest,Problem with fees,Closed with monetary relief,No
6623140,Web,2023-02-27,2023-02-27,0,CT,"Payday loan, title loan, or personal loan",Installment loan,Problem with the payoff process at the end of the loan,NA,Closed with explanation,Yes
6623267,Web,2023-02-27,2023-02-27,0,GA,"Credit reporting, credit repair services, or other personal consumer reports",Credit reporting,Incorrect information on your report,Information belongs to someone else,Closed with explanation,Yes
6622295,Phone,2023-02-27,2023-02-27,0,NV,Checking or savings account,Checking account,Incorrect information on your report,Public record information inaccurate,Closed with explanation,Yes
6622425,Web,2023-02-27,2023-02-27,0,CO,"Credit reporting, credit repair services, or other personal consumer reports",Credit reporting,Incorrect information on your report,Account status incorrect,Closed with explanation,Yes
6619653,Web,2023-02-27,2023-02-27,0,VA,Checking or savings account,Checking account,Opening an account,Account opened as a result of fraud,Closed with explanation,Yes
6622579,Web,2023-02-27,2023-02-27,0,MI,Checking or savings account,Checking account,Opening an account,Account opened as a result of fraud,Closed with explanation,Yes
6623974,Referral,2023-02-27,2023-02-28,1,NY,Checking or savings account,Checking account,Managing an account,Deposits and withdrawals,Closed with explanation,Yes
6622529,Web,2023-02-27,2023-02-27,0,NY,Credit card or prepaid card,General-purpose credit card or charge card,"Other features, terms, or problems",Other problem,Closed with monetary relief,Yes
6624494,Web,2023-02-27,2023-02-27,0,TX,Checking or savings account,Checking account,Managing an account,Deposits and withdrawals,Closed with explanation,Yes
6623235,Web,2023-02-27,2023-02-27,0,OH,Credit card or prepaid card,General-purpose credit card or charge card,Getting a credit card,Card opened as result of identity theft or fraud,Closed with non-monetary relief,Yes
6622824,Web,2023-02-27,2023-02-27,0,AZ,Checking or savings account,Other banking product or service,Managing an account,Banking errors,Closed with explanation,No
6623074,Web Referral,2023-02-27,2023-02-28,1,CT,Checking or savings account,Checking account,Managing an account,Deposits and withdrawals,Closed with monetary relief,Yes
6622777,Web,2023-02-27,2023-02-27,0,TX,Credit card or prepaid card,General-purpose credit card or charge card,Problem with a purchase shown on your statement,Card was charged for something you did not purchase with the card,Closed with explanation,Yes
6622531,Web,2023-02-27,2023-02-27,0,WA,"Credit reporting, credit repair services, or other personal consumer reports",Credit reporting,Improper use of your report,Credit inquiries on your report that you don't recognize,Closed with explanation,No
6622536,Web,2023-02-27,2023-02-27,0,FL,Checking or savings account,Checking account,Managing an account,Deposits and withdrawals,Closed with monetary relief,Yes
6624020,Web,2023-02-27,2023-02-27,0,OH,"Credit reporting, credit repair services, or other personal consumer reports",Credit reporting,Incorrect information on your report,Account status incorrect,Closed with non-monetary relief,Yes
6623150,Web,2023-02-27,2023-02-27,0,FL,Credit card or prepaid card,General-purpose credit card or charge card,Problem with a purchase shown on your statement,Card was charged for something you did not purchase with the card,Closed with monetary relief,No
6624174,Web,2023-02-27,2023-02-27,0,SC,Checking or savings account,Checking account,Opening an account,Account opened as a result of fraud,Closed with explanation,Yes
6623820,Web,2023-02-27,2023-02-27,0,CA,Credit card or prepaid card,General-purpose credit card or charge card,Problem with a purchase shown on your statement,Credit card company isn't resolving a dispute about a purchase on your statement,Closed with monetary relief,Yes
6624180,Web,2023-02-27,2023-02-27,0,FL,Checking or savings account,Checking account,Problem with a lender or other company charging your account,Transaction was not authorized,Closed with explanation,Yes
6624326,Web,2023-02-27,2023-02-27,0,FL,"Money transfer, virtual currency, or money service",Domestic (US) money transfer,Fraud or scam,NA,Closed with explanation,Yes
6622095,Web,2023-02-27,2023-02-27,0,CA,Checking or savings account,Checking account,Managing an account,Deposits and withdrawals,Closed with explanation,Yes
6622224,Web,2023-02-27,2023-02-27,0,IL,Checking or savings account,Checking account,Opening an account,Account opened as a result of fraud,Closed with explanation,Yes
6624791,Web,2023-02-27,2023-02-27,0,FL,Vehicle loan or lease,Loan,Managing the loan or lease,Billing problem,Closed with explanation,Yes
6626629,Phone,2023-02-27,2023-03-22,23,FL,Credit card or prepaid card,General-purpose credit card or charge card,Problem when making payments,Problem during payment process,Closed with explanation,Yes
6619211,Web,2023-02-27,2023-02-27,0,IA,Credit card or prepaid card,General-purpose credit card or charge card,"Other features, terms, or problems",Privacy issues,Closed with non-monetary relief,Yes
6624496,Web,2023-02-27,2023-02-27,0,SC,Checking or savings account,Checking account,Managing an account,Problem using a debit or ATM card,Closed with explanation,Yes
6623743,Web,2023-02-27,2023-02-27,0,VA,Checking or savings account,Other banking product or service,Managing an account,Problem accessing account,Closed with explanation,Yes
6619104,Web,2023-02-27,2023-02-27,0,FL,Debt collection,Credit card debt,Communication tactics,Frequent or repeated calls,Closed with explanation,Yes
6619183,Web,2023-02-27,2023-02-27,0,CA,"Money transfer, virtual currency, or money service",Traveler's check or cashier's check,Fraud or scam,NA,Closed with explanation,Yes
6624070,Web,2023-02-27,2023-02-27,0,NY,"Credit reporting, credit repair services, or other personal consumer reports",Other personal consumer report,Incorrect information on your report,Public record information inaccurate,Closed with explanation,Yes
6624529,Web,2023-02-27,2023-02-27,0,NY,"Credit reporting, credit repair services, or other personal consumer reports",Credit reporting,Incorrect information on your report,Information belongs to someone else,Closed with explanation,Yes
6623888,Web,2023-02-27,2023-02-27,0,CA,Credit card or prepaid card,General-purpose credit card or charge card,Problem with a purchase shown on your statement,Credit card company isn't resolving a dispute about a purchase on your statement,Closed with explanation,Yes
6623867,Phone,2023-02-27,2023-02-27,0,TX,Checking or savings account,Other banking product or service,Managing an account,Banking errors,Closed with explanation,Yes
6623363,Web,2023-02-27,2023-02-27,0,NJ,Credit card or prepaid card,General-purpose credit card or charge card,Fees or interest,Problem with fees,Closed with monetary relief,Yes
6622991,Postal mail,2023-02-27,2023-02-27,0,NY,Checking or savings account,Checking account,Managing an account,Cashing a check,Closed with explanation,Yes
6623289,Web,2023-02-27,2023-02-27,0,CA,Credit card or prepaid card,General-purpose credit card or charge card,"Other features, terms, or problems",Problem with balance transfer,Closed with monetary relief,Yes
6624739,Web,2023-02-27,2023-02-27,0,MD,Checking or savings account,Checking account,Problem with a lender or other company charging your account,Transaction was not authorized,Closed with monetary relief,Yes
6625207,Web Referral,2023-02-27,2023-02-28,1,CT,Checking or savings account,Checking account,Managing an account,Deposits and withdrawals,Closed with explanation,Yes
6629212,Phone,2023-02-28,2023-02-28,0,MD,Checking or savings account,Checking account,Managing an account,Banking errors,Closed with explanation,Yes
6628537,Phone,2023-02-28,2023-03-06,6,CA,Checking or savings account,Savings account,Managing an account,Deposits and withdrawals,Closed with explanation,Yes
6620635,Web,2023-02-28,2023-02-28,0,FL,"Credit reporting, credit repair services, or other personal consumer reports",Credit reporting,Problem with a credit reporting company's investigation into an existing problem,Their investigation did not fix an error on your report,Closed with explanation,Yes
6630107,Phone,2023-02-28,2023-03-02,2,TX,Credit card or prepaid card,General-purpose credit card or charge card,"Other features, terms, or problems",Other problem,Closed with explanation,Yes
6632296,Referral,2023-02-28,2023-03-01,1,VA,Checking or savings account,Checking account,Managing an account,Deposits and withdrawals,Closed with explanation,No
6629106,Web,2023-02-28,2023-02-28,0,IL,"Credit reporting, credit repair services, or other personal consumer reports",Credit reporting,Improper use of your report,Credit inquiries on your report that you don't recognize,Closed with non-monetary relief,Yes
6628897,Phone,2023-02-28,2023-02-28,0,PA,Credit card or prepaid card,General-purpose credit card or charge card,Problem with a purchase shown on your statement,Card was charged for something you did not purchase with the card,Closed with monetary relief,Yes
6628166,Web,2023-02-28,2023-02-28,0,NY,Checking or savings account,Checking account,Managing an account,Deposits and withdrawals,Closed with explanation,Yes
6629548,Referral,2023-02-28,2023-02-28,0,NC,Credit card or prepaid card,General-purpose credit card or charge card,Problem with a purchase shown on your statement,Card was charged for something you did not purchase with the card,Closed with monetary relief,Yes
6620619,Web,2023-02-28,2023-02-28,0,WA,Mortgage,Conventional home mortgage,Applying for a mortgage or refinancing an existing mortgage,NA,Closed with explanation,No
6629817,Web,2023-02-28,2023-02-28,0,CA,"Credit reporting, credit repair services, or other personal consumer reports",Credit reporting,Incorrect information on your report,Information belongs to someone else,Closed with explanation,Yes
6628592,Postal mail,2023-02-28,2023-02-28,0,TN,Checking or savings account,Checking account,Closing an account,Funds not received from closed account,Closed with explanation,Yes
6630193,Web,2023-02-28,2023-02-28,0,AZ,Credit card or prepaid card,General-purpose credit card or charge card,Getting a credit card,Sent card you never applied for,Closed with non-monetary relief,Yes
6635952,Referral,2023-02-28,2023-03-01,1,AZ,Checking or savings account,Checking account,Managing an account,Funds not handled or disbursed as instructed,Closed with monetary relief,Yes
6629840,Web,2023-02-28,2023-02-28,0,NJ,"Credit reporting, credit repair services, or other personal consumer reports",Credit reporting,Improper use of your report,Reporting company used your report improperly,Closed with explanation,Yes
6630365,Postal mail,2023-02-28,2023-02-28,0,CT,Checking or savings account,Checking account,Managing an account,Deposits and withdrawals,Closed with explanation,No
6621595,Web,2023-02-28,2023-02-28,0,AZ,Credit card or prepaid card,General-purpose credit card or charge card,Getting a credit card,Sent card you never applied for,Closed with non-monetary relief,Yes
6629460,Web,2023-02-28,2023-02-28,0,MA,Checking or savings account,Checking account,Problem with a lender or other company charging your account,Money was taken from your account on the wrong day or for the wrong amount,Closed with explanation,No
6628103,Phone,2023-02-28,2023-02-28,0,OH,Checking or savings account,Checking account,Managing an account,Cashing a check,Closed with explanation,Yes
6673005,Referral,2023-02-28,2023-03-09,9,TX,Checking or savings account,Checking account,Closing an account,Company closed your account,Closed with explanation,Yes
6620632,Web,2023-02-28,2023-02-28,0,CA,Credit card or prepaid card,General-purpose credit card or charge card,Improper use of your report,Credit inquiries on your report that you don't recognize,Closed with explanation,Yes
6628972,Web,2023-02-28,2023-02-28,0,IL,Checking or savings account,Checking account,Managing an account,Deposits and withdrawals,Closed with explanation,Yes
6628198,Web,2023-02-28,2023-02-28,0,AZ,Credit card or prepaid card,General-purpose credit card or charge card,Problem when making payments,Problem during payment process,Closed with explanation,Yes
6629360,Web,2023-02-28,2023-02-28,0,FL,Checking or savings account,Savings account,Opening an account,Didn't receive terms that were advertised,Closed with monetary relief,Yes
6629364,Web,2023-02-28,2023-02-28,0,PA,Checking or savings account,Other banking product or service,Closing an account,Can't close your account,Closed with monetary relief,Yes
6628388,Web,2023-02-28,2023-02-28,0,CA,Credit card or prepaid card,General-purpose credit card or charge card,Problem with a purchase shown on your statement,Card was charged for something you did not purchase with the card,Closed with explanation,Yes
6629351,Postal mail,2023-02-28,2023-02-28,0,MN,Mortgage,Home equity loan or line of credit (HELOC),Applying for a mortgage or refinancing an existing mortgage,NA,Closed with explanation,Yes
6629043,Web,2023-02-28,2023-02-28,0,PA,Checking or savings account,Checking account,Managing an account,Problem using a debit or ATM card,Closed with explanation,Yes
6629930,Web,2023-02-28,2023-02-28,0,FL,"Money transfer, virtual currency, or money service",Domestic (US) money transfer,Fraud or scam,NA,Closed with explanation,Yes
6621657,Web,2023-02-28,2023-02-28,0,TX,Credit card or prepaid card,General-purpose credit card or charge card,Problem when making payments,Problem during payment process,Closed with monetary relief,Yes
6628372,Web,2023-02-28,2023-02-28,0,PA,Checking or savings account,Other banking product or service,Opening an account,Unable to open an account,Closed with explanation,Yes
6629543,Web,2023-02-28,2023-02-28,0,FL,Credit card or prepaid card,General-purpose credit card or charge card,Problem with a purchase shown on your statement,Card was charged for something you did not purchase with the card,Closed with explanation,Yes
6630170,Web,2023-02-28,2023-02-28,0,VA,Credit card or prepaid card,General-purpose credit card or charge card,Fees or interest,Charged too much interest,Closed with explanation,Yes
6630207,Phone,2023-02-28,2023-02-28,0,NY,Checking or savings account,Checking account,Managing an account,Banking errors,Closed with explanation,Yes
6628917,Web,2023-02-28,2023-03-23,23,TX,"Credit reporting, credit repair services, or other personal consumer reports",Credit reporting,Improper use of your report,Credit inquiries on your report that you don't recognize,Closed with explanation,Yes
6621120,Web,2023-02-28,2023-02-28,0,CA,Credit card or prepaid card,Government benefit card,Unexpected or other fees,NA,Closed with explanation,Yes
6628931,Web,2023-02-28,2023-02-28,0,CA,Checking or savings account,Other banking product or service,Managing an account,Funds not handled or disbursed as instructed,Closed with monetary relief,Yes
6629976,Web,2023-02-28,2023-02-28,0,NJ,"Credit reporting, credit repair services, or other personal consumer reports",Credit reporting,Improper use of your report,Reporting company used your report improperly,Closed with explanation,Yes
6620454,Web,2023-02-28,2023-02-28,0,TX,Credit card or prepaid card,General-purpose credit card or charge card,Problem with a purchase shown on your statement,Card was charged for something you did not purchase with the card,Closed with monetary relief,Yes
6629452,Web,2023-02-28,2023-02-28,0,CA,Checking or savings account,Checking account,Managing an account,Deposits and withdrawals,Closed with explanation,Yes
6630888,Web,2023-02-28,2023-02-28,0,DC,Mortgage,Conventional home mortgage,Struggling to pay mortgage,NA,Closed with explanation,Yes
6629907,Phone,2023-02-28,2023-02-28,0,FL,Checking or savings account,Checking account,Managing an account,Banking errors,Closed with explanation,Yes
6621556,Web,2023-02-28,2023-02-28,0,PA,Vehicle loan or lease,Loan,Getting a loan or lease,Credit denial,Closed with explanation,Yes
6629192,Referral,2023-02-28,2023-03-01,1,NY,Checking or savings account,Checking account,Managing an account,Cashing a check,Closed with explanation,Yes
6628765,Web,2023-02-28,2023-02-28,0,GA,Credit card or prepaid card,General-purpose credit card or charge card,Getting a credit card,Application denied,Closed with explanation,Yes
6629235,Phone,2023-02-28,2023-02-28,0,FL,Checking or savings account,Checking account,Managing an account,Deposits and withdrawals,Closed with explanation,Yes
